video_id,host_channel_id,host_channel_name,video_title,published_at,event_year,extracted_mentions,exact_resolved_count,unresolved_mentions_count,identity_verification,collab_context_verification,verification_level,exists_in_temporal_catalog,retrieved_at
v5UJAXIS8pY,UC1s5T_9sfGrRxHJhjEceVSg,Kafune CH.,พูดคุยแลกเปลี่ยน w/@LucenePLG,2023-12-11T15:09:49Z,2023,LucenePLG,1,0,EXACT_HANDLE_MATCH,STRONG_COLLAB_CONTEXT_VERIFIED,EXACT_HANDLE_VERIFIED,False,2026-09-09T05:32:07.448198+00:00
MZTmZY_6h5c,UC1s5T_9sfGrRxHJhjEceVSg,Kafune CH.,มือใหม่หัดกู้ w/@momone_SRV,2023-11-06T03:08:16Z,2023,momone_SRV,0,1,UNRESOLVED_HANDLE,NONE,CANDIDATE_UNRESOLVED,False,2026-09-09T05:32:07.448198+00:00
ZHlxs0PFOsI,UC1s5T_9sfGrRxHJhjEceVSg,Kafune CH.,Maimai Festival ตบตู้ก่อนหนีไปเที่ยวยาวๆ,2023-10-19T03:15:48Z,2023,NONE,0,0,UNRESOLVED_HANDLE,NONE,CANDIDATE_UNRESOLVED,False,2026-09-09T05:32:07.448198+00:00
vP0WynNFaZo,UC1s5T_9sfGrRxHJhjEceVSg,Kafune CH.,Hack ใน Valorant? w/@mollyehe,2023-10-01T05:00:29Z,2023,mollyehe,1,0,EXACT_HANDLE_MATCH,STRONG_COLLAB_CONTEXT_VERIFIED,EXACT_HANDLE_VERIFIED,False,2026-09-09T05:32:07.448198+00:00
au2iPvQppe4,UC1s5T_9sfGrRxHJhjEceVSg,Kafune CH.,กองโจร - Valorant มาเล่นกับใครไม่รู้เล่นไปเรื่อย w/@mollyehe,2023-09-15T03:18:17Z,2023,mollyehe,1,0,EXACT_HANDLE_MATCH,STRONG_COLLAB_CONTEXT_VERIFIED,EXACT_HANDLE_VERIFIED,False,2026-09-09T05:32:07.448198+00:00
iBn1MSkU3K0,UC2IZur8-GAsn7gHQNTNOOgQ,Potia PBT,[🔴Gartic Phone ] เด็กอนุบาล2หัดวาดรูป,2026-02-11T04:01:21Z,2026,NONE,0,0,UNRESOLVED_HANDLE,NONE,CANDIDATE_UNRESOLVED,False,2026-09-09T05:32:07.448198+00:00
_Hi9yY1Aou4,UC2IZur8-GAsn7gHQNTNOOgQ,Potia PBT,POV : เมื่อคุณเหงาจนต้องขอโมเดลโอนี่จังมาวาดเล่น @V8tie.V,2025-10-20T14:06:37Z,2025,V8tie.V,0,1,UNRESOLVED_HANDLE,NONE,CANDIDATE_UNRESOLVED,False,2026-09-09T05:32:07.448198+00:00
1DWkf6PFevI,UC2IZur8-GAsn7gHQNTNOOgQ,Potia PBT,[🔴Q&A with บุคคลปริศนา ]  นักร้องเสียงเพราะคนนั้นคือใครกัน,2025-09-12T22:52:24Z,2025,NONE,0,0,UNRESOLVED_HANDLE,NONE,CANDIDATE_UNRESOLVED,False,2026-09-09T05:32:07.448198+00:00
TGhemwelrss,UC25e5qEqvVaG_VKrkTmJBmw,Lucene Ch.,[ Thai Version ] Haiiro to Ao (灰色と青) - Yonezu Kenshi + Suda Masaki ft. @VinXIIIPLG | LUCENE 🌜,2026-08-21T09:32:25Z,2026,VinXIIIPLG,0,1,UNRESOLVED_HANDLE,NONE,CANDIDATE_UNRESOLVED,True,2026-09-09T05:32:07.448198+00:00
2WHhbFSyuRQ,UC25e5qEqvVaG_VKrkTmJBmw,Lucene Ch.,🔴LIVE | บาป VS บุญ คุณอยู่ฝั่งไหนล่ะคะ👿👼 | LUCENE 🌜,2026-08-20T15:43:47Z,2026,NONE,0,0,UNRESOLVED_HANDLE,NONE,CANDIDATE_UNRESOLVED,True,2026-09-09T05:32:07.448198+00:00
lTAa2ZWfHRs,UC25e5qEqvVaG_VKrkTmJBmw,Lucene Ch.,[ Thai Version ] Haiiro to Ao (灰色と青) - Yonezu Kenshi + Suda Masaki ft. @VinXIIIPLG | LUCENE 🌜,2026-08-19T10:00:06Z,2026,VinXIIIPLG,0,1,UNRESOLVED_HANDLE,NONE,CANDIDATE_UNRESOLVED,True,2026-09-09T05:32:07.448198+00:00
ExGqwzD_DAs,UC2kjsGpKTwnFKZLLTUkK4Gw,BRRWYN Ch. / QURSE,【🔴LIVE】Fears to Fathom: Scratch Creek พาป้ามาเที่ยว ft.Shua🦫💛｜#BrrwynVibeENT,2026-09-03T04:16:29Z,2026,NONE,0,0,UNRESOLVED_HANDLE,NONE,CANDIDATE_UNRESOLVED,False,2026-09-09T05:32:07.448198+00:00
Ya1kIqDT3IQ,UC2kjsGpKTwnFKZLLTUkK4Gw,BRRWYN Ch. / QURSE,【🔴RAFT】เล่นลาฟ feat.Shua Hexo💛｜#BrrwynVibeENT,2026-07-24T03:28:16Z,2026,NONE,0,0,UNRESOLVED_HANDLE,NONE,CANDIDATE_UNRESOLVED,False,2026-09-09T05:32:07.448198+00:00
NZhZk-cyH5Y,UC32lsx7u7vqy63SguuuzmVg,Narelle ch. 【FIXIX VT】,【🔴[Assemble with care] ปริศนานี้ ผมตอบไม่ได้  Narelle ch. ‪【FIXIX VT】,2025-12-15T05:18:06Z,2025,NONE,0,0,UNRESOLVED_HANDLE,NONE,CANDIDATE_UNRESOLVED,False,2026-09-09T05:32:07.448198+00:00
1rKp3NsGVcs,UC32lsx7u7vqy63SguuuzmVg,Narelle ch. 【FIXIX VT】,【🔴[Repoจำเป็น] พวกพี่มาเป็นแก๊งค์! ft.สามหนุ่มหล่อดาเมจแรง Narelle ch. ‪【FIXIX VT】,2025-11-15T05:44:15Z,2025,NONE,0,0,UNRESOLVED_HANDLE,NONE,CANDIDATE_UNRESOLVED,False,2026-09-09T05:32:07.448198+00:00
bGZHJwBr8E4,UC3ZglUA0HEUCuGbe5b8zXKw,The Lupas,🔴LIVE【Lupas  Overwatch อ่อนแอก็แพ้ไปครับ feat. พรี่ รจ.】│ Lupas │[VtuberTH],2022-03-02T02:35:20Z,2022,NONE,0,0,UNRESOLVED_HANDLE,NONE,CANDIDATE_UNRESOLVED,False,2026-09-09T05:32:07.448198+00:00
z74g9j1-dW0,UC3ZglUA0HEUCuGbe5b8zXKw,The Lupas,🔴LIVE【Free Talk : วันนี้ลูปัสขอยืมไมค์แปบหนึ่ง Ft.Aurano】│ Lupas│[VtuberTH],2021-07-11T02:03:20Z,2021,NONE,0,0,UNRESOLVED_HANDLE,NONE,CANDIDATE_UNRESOLVED,False,2026-09-09T05:32:07.448198+00:00
5qyVoSl02d8,UC2uv9lpMiz72v_qPVFDSZmA,Suiren Ch. ◣PLO◥,เด็กหลังห้องกับ@yoinmori and เดอะแก๊ง,2026-09-06T13:27:02Z,2026,yoinmori,1,0,EXACT_HANDLE_MATCH,STRONG_COLLAB_CONTEXT_VERIFIED,EXACT_HANDLE_VERIFIED,False,2026-09-09T05:32:07.448198+00:00
C-BkBAl3Gmc,UC2uv9lpMiz72v_qPVFDSZmA,Suiren Ch. ◣PLO◥,ลูกเสือในฐานใหม่กับ @OmariYumi @SeaseenLe - PEAK,2026-08-17T15:50:02Z,2026,"OmariYumi,SeaseenLe",0,2,UNRESOLVED_HANDLE,NONE,CANDIDATE_UNRESOLVED,False,2026-09-09T05:32:07.448198+00:00
7nytz33b_Mk,UC2uv9lpMiz72v_qPVFDSZmA,Suiren Ch. ◣PLO◥,ลุงเองก็ต้องทำงานเสริมนะ | The Convenience Store 夜勤事件 w/@KayoCh,2026-08-07T02:07:40Z,2026,KayoCh,1,0,EXACT_HANDLE_MATCH,STRONG_COLLAB_CONTEXT_VERIFIED,EXACT_HANDLE_VERIFIED,False,2026-09-09T05:32:07.448198+00:00
DNgTUfYxhII,UC2uv9lpMiz72v_qPVFDSZmA,Suiren Ch. ◣PLO◥,มารคราฟเดยยยย | Minecraft,2026-07-30T15:17:14Z,2026,NONE,0,0,UNRESOLVED_HANDLE,NONE,CANDIDATE_UNRESOLVED,False,2026-09-09T05:32:07.448198+00:00
pum4FikDuw8,UC1pYd8HCTuc8Kdh_8m_znpA,Freyrina,ยาเมะเตะ คุดาไซ (ヤメテクダサイ) covered by Freyrina & @hannieshanari ​,2026-08-24T04:51:51Z,2026,hannieshanari,0,1,UNRESOLVED_HANDLE,NONE,CANDIDATE_UNRESOLVED,False,2026-09-09T05:32:07.448198+00:00
zQssINnhedw,UC3H7_4Gz8PhHeMz0hHwuFTw,Morika Rei【ARRI】[Graduated],チェリーポップ / DECO*27 feat. Hatsune Miku 【cover】|| MorikaRei,2025-12-07T11:00:06Z,2025,NONE,0,0,UNRESOLVED_HANDLE,NONE,CANDIDATE_UNRESOLVED,True,2026-09-09T05:32:07.448198+00:00
FyKE-bJWwSI,UC3H7_4Gz8PhHeMz0hHwuFTw,Morika Rei【ARRI】[Graduated],Soda Pop / KPop Demon Hunters【cover】|| MorikaRei #sodapop #kpop #sajaboys #cover #vtuber #vsinger,2025-08-01T11:00:34Z,2025,NONE,0,0,UNRESOLVED_HANDLE,NONE,CANDIDATE_UNRESOLVED,True,2026-09-09T05:32:07.448198+00:00
ag6Zglhdfvk,UC3QTic1iBGQN_LzWo7JfDKQ,CallistoSoCool Ch.,【🔴COLLAB】เกมเป็ดหรรษามาอีกแล้ว 🦆🔍 | Goose Goose Duck「#2」,2026-09-06T07:25:45Z,2026,NONE,0,0,UNRESOLVED_HANDLE,NONE,CANDIDATE_UNRESOLVED,False,2026-09-09T05:32:07.448198+00:00
DLg2FlJY2d8,UC3QTic1iBGQN_LzWo7JfDKQ,CallistoSoCool Ch.,【🔴】กลับมาหาเกมเหลี่ยมได้ซักที ⚔️💎 | Minecraft Survival SS2「#3」,2026-08-25T02:56:53Z,2026,NONE,0,0,UNRESOLVED_HANDLE,NONE,CANDIDATE_UNRESOLVED,False,2026-09-09T05:32:07.448198+00:00
eNKesx5KIOI,UC3QTic1iBGQN_LzWo7JfDKQ,CallistoSoCool Ch.,【🔴COLLAB】เกมเป็ดหรรษาที่ได้เล่นซักทีนะ 🦆🔍 | Goose Goose Duck「#1」,2026-08-22T04:18:49Z,2026,NONE,0,0,UNRESOLVED_HANDLE,NONE,CANDIDATE_UNRESOLVED,False,2026-09-09T05:32:07.448198+00:00
A-vg-XNAyjw,UC3QTic1iBGQN_LzWo7JfDKQ,CallistoSoCool Ch.,【🔴】กลับมาอีกครั้ง ✍🏻📖 | Reading with Callisto「#12」,2026-08-09T04:14:24Z,2026,NONE,0,0,UNRESOLVED_HANDLE,NONE,CANDIDATE_UNRESOLVED,False,2026-09-09T05:32:07.448198+00:00
cC1csTiOUMU,UC1o-4IZwxHOxGyUKN6xpNZA,KIMEWA_YUKI 【SOA】,[🔴𝐋𝐈𝐕𝐄 ] ตายยกทีม.. | Akito x Neko x Saki [ Left 4 Dead 2 ],2026-07-25T08:44:25Z,2026,NONE,0,0,UNRESOLVED_HANDLE,NONE,CANDIDATE_UNRESOLVED,False,2026-09-09T05:32:07.448198+00:00
n8sI-LWUN4g,UC1o-4IZwxHOxGyUKN6xpNZA,KIMEWA_YUKI 【SOA】,มันเอาแล้วววววววววววววววววววววววว #yukilive #minecraft #vtuber,2026-07-14T02:39:15Z,2026,NONE,0,0,UNRESOLVED_HANDLE,NONE,CANDIDATE_UNRESOLVED,False,2026-09-09T05:32:07.448198+00:00
1PxNXaM8tfQ,UC1o-4IZwxHOxGyUKN6xpNZA,KIMEWA_YUKI 【SOA】,pink  #yukilive #minecraft #vtuber,2026-07-04T03:56:48Z,2026,NONE,0,0,UNRESOLVED_HANDLE,NONE,CANDIDATE_UNRESOLVED,False,2026-09-09T05:32:07.448198+00:00
5wev4Yr2t5Q,UC1o-4IZwxHOxGyUKN6xpNZA,KIMEWA_YUKI 【SOA】,หมากับช๊อก #vtuber #minecraft,2026-06-19T17:28:42Z,2026,NONE,0,0,UNRESOLVED_HANDLE,NONE,CANDIDATE_UNRESOLVED,False,2026-09-09T05:32:07.448198+00:00
odETlb8Bhdw,UC1o-4IZwxHOxGyUKN6xpNZA,KIMEWA_YUKI 【SOA】,[🔴𝐋𝐈𝐕𝐄 ] REPO บางระจันกับการหาของ กับ @YuzuAkarika,2026-05-24T05:56:05Z,2026,YuzuAkarika,0,1,UNRESOLVED_HANDLE,NONE,CANDIDATE_UNRESOLVED,False,2026-09-09T05:32:07.448198+00:00
fntG_6Y_CAY,UC2z7pz25bgnqLHdTd7EvVoQ,Shishiou Seito Ch. / AStars,【OVERWATCH】เล่นกับเพื่อนๆ เหล่าคนเท่【Shishiou Seito】,2026-08-12T15:21:10Z,2026,NONE,0,0,UNRESOLVED_HANDLE,NONE,CANDIDATE_UNRESOLVED,False,2026-09-09T05:32:07.448198+00:00
u-HGobbeaXQ,UC2z7pz25bgnqLHdTd7EvVoQ,Shishiou Seito Ch. / AStars,【Shishiou Seito's Birthday】วันเกิดปีนี้อยากเป็นคนบ้า【Birthday Event】#SeitoBD2026,2026-08-10T17:21:11Z,2026,NONE,0,0,UNRESOLVED_HANDLE,NONE,CANDIDATE_UNRESOLVED,False,2026-09-09T05:32:07.448198+00:00
bVd7maRS1io,UC3it6w4G8eUA98J2w60gBDQ,Orca-Okaru CH,◄Guerilla Live!!!!► กองโจรอีกแล้วกับเกม Overwatch FT @PoodLenLen,2026-08-29T04:00:33Z,2026,PoodLenLen,0,1,UNRESOLVED_HANDLE,NONE,CANDIDATE_UNRESOLVED,False,2026-09-09T05:32:07.448198+00:00
8JeNLsffz2E,UC2iD3jxz5srvHoV7gXtBYvQ,Davina V.,Play with Davina - Marvel rivals ep.01 [EN/TH],2025-01-08T17:25:00Z,2025,NONE,0,0,UNRESOLVED_HANDLE,NONE,CANDIDATE_UNRESOLVED,False,2026-09-09T05:32:07.448198+00:00
cM0fkJy3Kp8,UC2iD3jxz5srvHoV7gXtBYvQ,Davina V.,HBD @jimmyd.journey8703 น้ายามมมม,2023-10-28T16:28:14Z,2023,jimmyd.journey8703,0,1,UNRESOLVED_HANDLE,NONE,CANDIDATE_UNRESOLVED,False,2026-09-09T05:32:07.448198+00:00
8bGKcTmvGRw,UC2iD3jxz5srvHoV7gXtBYvQ,Davina V.,"🔴｢LIVE｣#COLLAB ""PACIFY"" @Sovonch @JingJibara @Mallow_Ham  !!!!!",2023-02-07T17:19:43Z,2023,"Sovonch,JingJibara,Mallow_Ham",1,2,EXACT_HANDLE_MATCH,STRONG_COLLAB_CONTEXT_VERIFIED,EXACT_HANDLE_VERIFIED,False,2026-09-09T05:32:07.448198+00:00
RLsbHuOm4CM,UC2iD3jxz5srvHoV7gXtBYvQ,Davina V.,🔴 [ LIVE กองโจร ] #วี่อยากเล่น - PLATE UP! - with ADMIN,2023-01-31T17:44:14Z,2023,NONE,0,0,UNRESOLVED_HANDLE,NONE,CANDIDATE_UNRESOLVED,False,2026-09-09T05:32:07.448198+00:00
NiQ-GaHZwAs,UC2iD3jxz5srvHoV7gXtBYvQ,Davina V.,"🔴｢LIVE｣#COLLAB ""OVERWATCH 2"" วี่มาฮิล!!!!!",2023-01-18T15:50:03Z,2023,NONE,0,0,UNRESOLVED_HANDLE,NONE,CANDIDATE_UNRESOLVED,False,2026-09-09T05:32:07.448198+00:00
VbWzBQYxaBs,UC2iD3jxz5srvHoV7gXtBYvQ,Davina V.,"🔴｢LIVE｣#กองโจร ""HSHS"" เอ๋...เล่นกับใครน้าาาา!! #hshs #hshsurvive #hshsv",2022-12-05T15:29:06Z,2022,NONE,0,0,UNRESOLVED_HANDLE,NONE,CANDIDATE_UNRESOLVED,False,2026-09-09T05:32:07.448198+00:00
dW9wFmHl11I,UC2sAw3h-IzU3JOtvXVzTjxw,叶龙 Yelong CH.,[ กองโจรอะจิ ] MINECRAFT ใครจะยิงปืนก็ยิง ผมจะขุดดิน #Yelongvth,2026-08-29T21:08:46Z,2026,NONE,0,0,UNRESOLVED_HANDLE,NONE,CANDIDATE_UNRESOLVED,False,2026-09-09T05:32:07.448198+00:00
raWTffMYJ5Q,UC2sAw3h-IzU3JOtvXVzTjxw,叶龙 Yelong CH.,【COVER】NuNew feat. Tan Lipta - เอ๊ะ!  (Yelong & MAKU),2026-07-06T10:00:12Z,2026,NONE,0,0,UNRESOLVED_HANDLE,NONE,CANDIDATE_UNRESOLVED,False,2026-09-09T05:32:07.448198+00:00
o61FiNe98DQ,UC2sAw3h-IzU3JOtvXVzTjxw,叶龙 Yelong CH.,[ LIVE GAMING ] VALORANT ไอโซ vs ไอเย่ #Yelongvth,2026-04-19T03:58:09Z,2026,NONE,0,0,UNRESOLVED_HANDLE,NONE,CANDIDATE_UNRESOLVED,False,2026-09-09T05:32:07.448198+00:00
zYnnm_-LyIU,UC2mSWpVqjjQ7G7gEIfQ7p9w,Zeraphina Hana,รอดแล้ว | @Jorrajayjija  #zeraphinahn #Vtuber #streamer,2026-08-30T08:30:23Z,2026,Jorrajayjija,0,1,UNRESOLVED_HANDLE,NONE,CANDIDATE_UNRESOLVED,False,2026-09-09T05:32:07.448198+00:00
OrETW85cU7E,UC2mSWpVqjjQ7G7gEIfQ7p9w,Zeraphina Hana,สังคมหล่อหลอม @Jorrajayjija  | #zeraphinahn #Vtuber #streamer,2026-08-24T12:03:16Z,2026,Jorrajayjija,0,1,UNRESOLVED_HANDLE,NONE,CANDIDATE_UNRESOLVED,False,2026-09-09T05:32:07.448198+00:00
IK0w0o0-3g4,UC2mSWpVqjjQ7G7gEIfQ7p9w,Zeraphina Hana,Vtuber vs Exercise [16shots] | #Vtuber #Dance #Streamer #challenge,2026-08-21T10:00:04Z,2026,NONE,0,0,UNRESOLVED_HANDLE,NONE,CANDIDATE_UNRESOLVED,False,2026-09-09T05:32:07.448198+00:00
5ZyhOZIqilA,UC2mSWpVqjjQ7G7gEIfQ7p9w,Zeraphina Hana,【RECAP】My first FAN Meet event!!!  | V:WORLD #3,2026-08-16T12:00:03Z,2026,NONE,0,0,UNRESOLVED_HANDLE,NONE,CANDIDATE_UNRESOLVED,False,2026-09-09T05:32:07.448198+00:00
TsrH7gyRoQo,UC2eai5waelgobAHgp20DEYg,Ardalita Lilibelle Ch. Lumina-First-Myth,"ทีม เบียว vs คนปกติ ft.@TsururuWorldEnd ,@EveshaiahMiraclover ,@LunessaFlorynne",2026-09-02T15:39:55Z,2026,"TsururuWorldEnd,EveshaiahMiraclover,LunessaFlorynne",3,0,EXACT_HANDLE_MATCH,STRONG_COLLAB_CONTEXT_VERIFIED,EXACT_HANDLE_VERIFIED,True,2026-09-09T05:32:07.448198+00:00
yM-nGXicF-w,UC2eai5waelgobAHgp20DEYg,Ardalita Lilibelle Ch. Lumina-First-Myth,เมื่อครู่...ข้าเท่หรือไม่ ft.@KryspeiaCosmelis,2026-08-29T11:30:25Z,2026,KryspeiaCosmelis,1,0,EXACT_HANDLE_MATCH,STRONG_COLLAB_CONTEXT_VERIFIED,EXACT_HANDLE_VERIFIED,True,2026-09-09T05:32:07.448198+00:00
oAwaj-t1JXU,UC2eai5waelgobAHgp20DEYg,Ardalita Lilibelle Ch. Lumina-First-Myth,รวมพลคนสู้แฟนคลับ ft.@XonebuWorldEnd,2026-08-10T15:52:29Z,2026,XonebuWorldEnd,1,0,EXACT_HANDLE_MATCH,STRONG_COLLAB_CONTEXT_VERIFIED,EXACT_HANDLE_VERIFIED,True,2026-09-09T05:32:07.448198+00:00
YwF5-_hfWnk,UC33VkaWtUAg84eE1BfScpZg,PanBiBi,Let's Play Goo Goo Baby with me #panbibi #vtuber #vtuberth #ウマ娘 #umamusume #SuperCreek,2025-08-16T12:00:31Z,2025,NONE,0,0,UNRESOLVED_HANDLE,NONE,CANDIDATE_UNRESOLVED,False,2026-09-09T05:32:07.448198+00:00
ZEgnCN1yJG4,UC33VkaWtUAg84eE1BfScpZg,PanBiBi,เมื่อบอกให้แชทสร้างอะไรก็ได้ในเซิร์ฟ Minecraft #panbibi #minecraft #vtuber #vtuberth,2025-07-03T12:20:45Z,2025,NONE,0,0,UNRESOLVED_HANDLE,NONE,CANDIDATE_UNRESOLVED,False,2026-09-09T05:32:07.448198+00:00
