video_id,host_channel_id,title,published_at,verification_level,audit_verdict,resolved_participants,audit_reason,audited_at
v5UJAXIS8pY,UC1s5T_9sfGrRxHJhjEceVSg,พูดคุยแลกเปลี่ยน w/@LucenePLG,2023-12-11T15:09:49Z,EXACT_HANDLE_VERIFIED,PASSED_EXACT_HANDLE_VERIFICATION,Lucene Ch.(UC25e5qEqvVaG_VKrkTmJBmw),Explicit handle(s) ['@LucenePLG'] matched canonical registry handle exactly.,2026-09-09T04:35:42.299345+00:00
MZTmZY_6h5c,UC1s5T_9sfGrRxHJhjEceVSg,มือใหม่หัดกู้ w/@momone_SRV,2023-11-06T03:08:16Z,CANDIDATE_UNRESOLVED,CANDIDATE_UNRESOLVED_REQUIRES_DESCRIPTION,NONE,"Keyword detected, but no exact handle match in registry. Unresolved mentions: ['momone_SRV'].",2026-09-09T04:35:42.299345+00:00
ZHlxs0PFOsI,UC1s5T_9sfGrRxHJhjEceVSg,Maimai Festival ตบตู้ก่อนหนีไปเที่ยวยาวๆ,2023-10-19T03:15:48Z,CANDIDATE_UNRESOLVED,CANDIDATE_UNRESOLVED_REQUIRES_DESCRIPTION,NONE,"Keyword detected, but no exact handle match in registry. Unresolved mentions: NONE.",2026-09-09T04:35:42.299345+00:00
vP0WynNFaZo,UC1s5T_9sfGrRxHJhjEceVSg,Hack ใน Valorant? w/@mollyehe,2023-10-01T05:00:29Z,EXACT_HANDLE_VERIFIED,PASSED_EXACT_HANDLE_VERIFICATION,MOLLY(UC3O5wAgEVyNA1Jw3gyi-_jA),Explicit handle(s) ['@mollyehe'] matched canonical registry handle exactly.,2026-09-09T04:35:42.299345+00:00
au2iPvQppe4,UC1s5T_9sfGrRxHJhjEceVSg,กองโจร - Valorant มาเล่นกับใครไม่รู้เล่นไปเรื่อย w/@mollyehe,2023-09-15T03:18:17Z,EXACT_HANDLE_VERIFIED,PASSED_EXACT_HANDLE_VERIFICATION,MOLLY(UC3O5wAgEVyNA1Jw3gyi-_jA),Explicit handle(s) ['@mollyehe'] matched canonical registry handle exactly.,2026-09-09T04:35:42.299345+00:00
iBn1MSkU3K0,UC2IZur8-GAsn7gHQNTNOOgQ,[🔴Gartic Phone ] เด็กอนุบาล2หัดวาดรูป,2026-02-11T04:01:21Z,CANDIDATE_UNRESOLVED,CANDIDATE_UNRESOLVED_REQUIRES_DESCRIPTION,NONE,"Keyword detected, but no exact handle match in registry. Unresolved mentions: NONE.",2026-09-09T04:35:42.299345+00:00
_Hi9yY1Aou4,UC2IZur8-GAsn7gHQNTNOOgQ,POV : เมื่อคุณเหงาจนต้องขอโมเดลโอนี่จังมาวาดเล่น @V8tie.V,2025-10-20T14:06:37Z,CANDIDATE_UNRESOLVED,CANDIDATE_UNRESOLVED_REQUIRES_DESCRIPTION,NONE,"Keyword detected, but no exact handle match in registry. Unresolved mentions: ['V8tie.V'].",2026-09-09T04:35:42.299345+00:00
1DWkf6PFevI,UC2IZur8-GAsn7gHQNTNOOgQ,[🔴Q&A with บุคคลปริศนา ]  นักร้องเสียงเพราะคนนั้นคือใครกัน,2025-09-12T22:52:24Z,CANDIDATE_UNRESOLVED,CANDIDATE_UNRESOLVED_REQUIRES_DESCRIPTION,NONE,"Keyword detected, but no exact handle match in registry. Unresolved mentions: NONE.",2026-09-09T04:35:42.299345+00:00
TGhemwelrss,UC25e5qEqvVaG_VKrkTmJBmw,[ Thai Version ] Haiiro to Ao (灰色と青) - Yonezu Kenshi + Suda Masaki ft. @VinXIIIPLG | LUCENE 🌜,2026-08-21T09:32:25Z,CANDIDATE_UNRESOLVED,CANDIDATE_UNRESOLVED_REQUIRES_DESCRIPTION,NONE,"Keyword detected, but no exact handle match in registry. Unresolved mentions: ['VinXIIIPLG'].",2026-09-09T04:35:42.299345+00:00
2WHhbFSyuRQ,UC25e5qEqvVaG_VKrkTmJBmw,🔴LIVE | บาป VS บุญ คุณอยู่ฝั่งไหนล่ะคะ👿👼 | LUCENE 🌜,2026-08-20T15:43:47Z,CANDIDATE_UNRESOLVED,CANDIDATE_UNRESOLVED_REQUIRES_DESCRIPTION,NONE,"Keyword detected, but no exact handle match in registry. Unresolved mentions: NONE.",2026-09-09T04:35:42.299345+00:00
lTAa2ZWfHRs,UC25e5qEqvVaG_VKrkTmJBmw,[ Thai Version ] Haiiro to Ao (灰色と青) - Yonezu Kenshi + Suda Masaki ft. @VinXIIIPLG | LUCENE 🌜,2026-08-19T10:00:06Z,CANDIDATE_UNRESOLVED,CANDIDATE_UNRESOLVED_REQUIRES_DESCRIPTION,NONE,"Keyword detected, but no exact handle match in registry. Unresolved mentions: ['VinXIIIPLG'].",2026-09-09T04:35:42.299345+00:00
ExGqwzD_DAs,UC2kjsGpKTwnFKZLLTUkK4Gw,【🔴LIVE】Fears to Fathom: Scratch Creek พาป้ามาเที่ยว ft.Shua🦫💛｜#BrrwynVibeENT,2026-09-03T04:16:29Z,CANDIDATE_UNRESOLVED,CANDIDATE_UNRESOLVED_REQUIRES_DESCRIPTION,NONE,"Keyword detected, but no exact handle match in registry. Unresolved mentions: NONE.",2026-09-09T04:35:42.299345+00:00
Ya1kIqDT3IQ,UC2kjsGpKTwnFKZLLTUkK4Gw,【🔴RAFT】เล่นลาฟ feat.Shua Hexo💛｜#BrrwynVibeENT,2026-07-24T03:28:16Z,CANDIDATE_UNRESOLVED,CANDIDATE_UNRESOLVED_REQUIRES_DESCRIPTION,NONE,"Keyword detected, but no exact handle match in registry. Unresolved mentions: NONE.",2026-09-09T04:35:42.299345+00:00
NZhZk-cyH5Y,UC32lsx7u7vqy63SguuuzmVg,【🔴[Assemble with care] ปริศนานี้ ผมตอบไม่ได้  Narelle ch. ‪【FIXIX VT】,2025-12-15T05:18:06Z,CANDIDATE_UNRESOLVED,CANDIDATE_UNRESOLVED_REQUIRES_DESCRIPTION,NONE,"Keyword detected, but no exact handle match in registry. Unresolved mentions: NONE.",2026-09-09T04:35:42.299345+00:00
1rKp3NsGVcs,UC32lsx7u7vqy63SguuuzmVg,【🔴[Repoจำเป็น] พวกพี่มาเป็นแก๊งค์! ft.สามหนุ่มหล่อดาเมจแรง Narelle ch. ‪【FIXIX VT】,2025-11-15T05:44:15Z,CANDIDATE_UNRESOLVED,CANDIDATE_UNRESOLVED_REQUIRES_DESCRIPTION,NONE,"Keyword detected, but no exact handle match in registry. Unresolved mentions: NONE.",2026-09-09T04:35:42.299345+00:00
bGZHJwBr8E4,UC3ZglUA0HEUCuGbe5b8zXKw,🔴LIVE【Lupas  Overwatch อ่อนแอก็แพ้ไปครับ feat. พรี่ รจ.】│ Lupas │[VtuberTH],2022-03-02T02:35:20Z,CANDIDATE_UNRESOLVED,CANDIDATE_UNRESOLVED_REQUIRES_DESCRIPTION,NONE,"Keyword detected, but no exact handle match in registry. Unresolved mentions: NONE.",2026-09-09T04:35:42.299345+00:00
z74g9j1-dW0,UC3ZglUA0HEUCuGbe5b8zXKw,🔴LIVE【Free Talk : วันนี้ลูปัสขอยืมไมค์แปบหนึ่ง Ft.Aurano】│ Lupas│[VtuberTH],2021-07-11T02:03:20Z,CANDIDATE_UNRESOLVED,CANDIDATE_UNRESOLVED_REQUIRES_DESCRIPTION,NONE,"Keyword detected, but no exact handle match in registry. Unresolved mentions: NONE.",2026-09-09T04:35:42.299345+00:00
5qyVoSl02d8,UC2uv9lpMiz72v_qPVFDSZmA,เด็กหลังห้องกับ@yoinmori and เดอะแก๊ง,2026-09-06T13:27:02Z,EXACT_HANDLE_VERIFIED,PASSED_EXACT_HANDLE_VERIFICATION,yoinmori(UCalvpWY2A2P4-h5UIs1jGgA),Explicit handle(s) ['@yoinmori'] matched canonical registry handle exactly.,2026-09-09T04:35:42.299345+00:00
C-BkBAl3Gmc,UC2uv9lpMiz72v_qPVFDSZmA,ลูกเสือในฐานใหม่กับ @OmariYumi @SeaseenLe - PEAK,2026-08-17T15:50:02Z,CANDIDATE_UNRESOLVED,CANDIDATE_UNRESOLVED_REQUIRES_DESCRIPTION,NONE,"Keyword detected, but no exact handle match in registry. Unresolved mentions: ['OmariYumi', 'SeaseenLe'].",2026-09-09T04:35:42.299345+00:00
7nytz33b_Mk,UC2uv9lpMiz72v_qPVFDSZmA,ลุงเองก็ต้องทำงานเสริมนะ | The Convenience Store 夜勤事件 w/@KayoCh,2026-08-07T02:07:40Z,EXACT_HANDLE_VERIFIED,PASSED_EXACT_HANDLE_VERIFICATION,Kayo Ch. 【かよCh.】◣PLO◥(UC5wA30Tc9ONbRjj6QNinH9w),Explicit handle(s) ['@KayoCh'] matched canonical registry handle exactly.,2026-09-09T04:35:42.299345+00:00
DNgTUfYxhII,UC2uv9lpMiz72v_qPVFDSZmA,มารคราฟเดยยยย | Minecraft,2026-07-30T15:17:14Z,CANDIDATE_UNRESOLVED,CANDIDATE_UNRESOLVED_REQUIRES_DESCRIPTION,NONE,"Keyword detected, but no exact handle match in registry. Unresolved mentions: NONE.",2026-09-09T04:35:42.299345+00:00
pum4FikDuw8,UC1pYd8HCTuc8Kdh_8m_znpA,ยาเมะเตะ คุดาไซ (ヤメテクダサイ) covered by Freyrina & @hannieshanari ​,2026-08-24T04:51:51Z,CANDIDATE_UNRESOLVED,CANDIDATE_UNRESOLVED_REQUIRES_DESCRIPTION,NONE,"Keyword detected, but no exact handle match in registry. Unresolved mentions: ['hannieshanari'].",2026-09-09T04:35:42.299345+00:00
zQssINnhedw,UC3H7_4Gz8PhHeMz0hHwuFTw,チェリーポップ / DECO*27 feat. Hatsune Miku 【cover】|| MorikaRei,2025-12-07T11:00:06Z,CANDIDATE_UNRESOLVED,CANDIDATE_UNRESOLVED_REQUIRES_DESCRIPTION,NONE,"Keyword detected, but no exact handle match in registry. Unresolved mentions: NONE.",2026-09-09T04:35:42.299345+00:00
FyKE-bJWwSI,UC3H7_4Gz8PhHeMz0hHwuFTw,Soda Pop / KPop Demon Hunters【cover】|| MorikaRei #sodapop #kpop #sajaboys #cover #vtuber #vsinger,2025-08-01T11:00:34Z,CANDIDATE_UNRESOLVED,CANDIDATE_UNRESOLVED_REQUIRES_DESCRIPTION,NONE,"Keyword detected, but no exact handle match in registry. Unresolved mentions: NONE.",2026-09-09T04:35:42.299345+00:00
ag6Zglhdfvk,UC3QTic1iBGQN_LzWo7JfDKQ,【🔴COLLAB】เกมเป็ดหรรษามาอีกแล้ว 🦆🔍 | Goose Goose Duck「#2」,2026-09-06T07:25:45Z,CANDIDATE_UNRESOLVED,CANDIDATE_UNRESOLVED_REQUIRES_DESCRIPTION,NONE,"Keyword detected, but no exact handle match in registry. Unresolved mentions: NONE.",2026-09-09T04:35:42.299345+00:00
DLg2FlJY2d8,UC3QTic1iBGQN_LzWo7JfDKQ,【🔴】กลับมาหาเกมเหลี่ยมได้ซักที ⚔️💎 | Minecraft Survival SS2「#3」,2026-08-25T02:56:53Z,CANDIDATE_UNRESOLVED,CANDIDATE_UNRESOLVED_REQUIRES_DESCRIPTION,NONE,"Keyword detected, but no exact handle match in registry. Unresolved mentions: NONE.",2026-09-09T04:35:42.299345+00:00
eNKesx5KIOI,UC3QTic1iBGQN_LzWo7JfDKQ,【🔴COLLAB】เกมเป็ดหรรษาที่ได้เล่นซักทีนะ 🦆🔍 | Goose Goose Duck「#1」,2026-08-22T04:18:49Z,CANDIDATE_UNRESOLVED,CANDIDATE_UNRESOLVED_REQUIRES_DESCRIPTION,NONE,"Keyword detected, but no exact handle match in registry. Unresolved mentions: NONE.",2026-09-09T04:35:42.299345+00:00
A-vg-XNAyjw,UC3QTic1iBGQN_LzWo7JfDKQ,【🔴】กลับมาอีกครั้ง ✍🏻📖 | Reading with Callisto「#12」,2026-08-09T04:14:24Z,CANDIDATE_UNRESOLVED,CANDIDATE_UNRESOLVED_REQUIRES_DESCRIPTION,NONE,"Keyword detected, but no exact handle match in registry. Unresolved mentions: NONE.",2026-09-09T04:35:42.299345+00:00
cC1csTiOUMU,UC1o-4IZwxHOxGyUKN6xpNZA,[🔴𝐋𝐈𝐕𝐄 ] ตายยกทีม.. | Akito x Neko x Saki [ Left 4 Dead 2 ],2026-07-25T08:44:25Z,CANDIDATE_UNRESOLVED,CANDIDATE_UNRESOLVED_REQUIRES_DESCRIPTION,NONE,"Keyword detected, but no exact handle match in registry. Unresolved mentions: NONE.",2026-09-09T04:35:42.299345+00:00
n8sI-LWUN4g,UC1o-4IZwxHOxGyUKN6xpNZA,มันเอาแล้วววววววววววววววววววววววว #yukilive #minecraft #vtuber,2026-07-14T02:39:15Z,CANDIDATE_UNRESOLVED,CANDIDATE_UNRESOLVED_REQUIRES_DESCRIPTION,NONE,"Keyword detected, but no exact handle match in registry. Unresolved mentions: NONE.",2026-09-09T04:35:42.299345+00:00
1PxNXaM8tfQ,UC1o-4IZwxHOxGyUKN6xpNZA,pink  #yukilive #minecraft #vtuber,2026-07-04T03:56:48Z,CANDIDATE_UNRESOLVED,CANDIDATE_UNRESOLVED_REQUIRES_DESCRIPTION,NONE,"Keyword detected, but no exact handle match in registry. Unresolved mentions: NONE.",2026-09-09T04:35:42.299345+00:00
5wev4Yr2t5Q,UC1o-4IZwxHOxGyUKN6xpNZA,หมากับช๊อก #vtuber #minecraft,2026-06-19T17:28:42Z,CANDIDATE_UNRESOLVED,CANDIDATE_UNRESOLVED_REQUIRES_DESCRIPTION,NONE,"Keyword detected, but no exact handle match in registry. Unresolved mentions: NONE.",2026-09-09T04:35:42.299345+00:00
odETlb8Bhdw,UC1o-4IZwxHOxGyUKN6xpNZA,[🔴𝐋𝐈𝐕𝐄 ] REPO บางระจันกับการหาของ กับ @YuzuAkarika,2026-05-24T05:56:05Z,CANDIDATE_UNRESOLVED,CANDIDATE_UNRESOLVED_REQUIRES_DESCRIPTION,NONE,"Keyword detected, but no exact handle match in registry. Unresolved mentions: ['YuzuAkarika'].",2026-09-09T04:35:42.299345+00:00
fntG_6Y_CAY,UC2z7pz25bgnqLHdTd7EvVoQ,【OVERWATCH】เล่นกับเพื่อนๆ เหล่าคนเท่【Shishiou Seito】,2026-08-12T15:21:10Z,CANDIDATE_UNRESOLVED,CANDIDATE_UNRESOLVED_REQUIRES_DESCRIPTION,NONE,"Keyword detected, but no exact handle match in registry. Unresolved mentions: NONE.",2026-09-09T04:35:42.299345+00:00
u-HGobbeaXQ,UC2z7pz25bgnqLHdTd7EvVoQ,【Shishiou Seito's Birthday】วันเกิดปีนี้อยากเป็นคนบ้า【Birthday Event】#SeitoBD2026,2026-08-10T17:21:11Z,CANDIDATE_UNRESOLVED,CANDIDATE_UNRESOLVED_REQUIRES_DESCRIPTION,NONE,"Keyword detected, but no exact handle match in registry. Unresolved mentions: NONE.",2026-09-09T04:35:42.299345+00:00
bVd7maRS1io,UC3it6w4G8eUA98J2w60gBDQ,◄Guerilla Live!!!!► กองโจรอีกแล้วกับเกม Overwatch FT @PoodLenLen,2026-08-29T04:00:33Z,CANDIDATE_UNRESOLVED,CANDIDATE_UNRESOLVED_REQUIRES_DESCRIPTION,NONE,"Keyword detected, but no exact handle match in registry. Unresolved mentions: ['PoodLenLen'].",2026-09-09T04:35:42.299345+00:00
8JeNLsffz2E,UC2iD3jxz5srvHoV7gXtBYvQ,Play with Davina - Marvel rivals ep.01 [EN/TH],2025-01-08T17:25:00Z,CANDIDATE_UNRESOLVED,CANDIDATE_UNRESOLVED_REQUIRES_DESCRIPTION,NONE,"Keyword detected, but no exact handle match in registry. Unresolved mentions: NONE.",2026-09-09T04:35:42.299345+00:00
cM0fkJy3Kp8,UC2iD3jxz5srvHoV7gXtBYvQ,HBD @jimmyd.journey8703 น้ายามมมม,2023-10-28T16:28:14Z,CANDIDATE_UNRESOLVED,CANDIDATE_UNRESOLVED_REQUIRES_DESCRIPTION,NONE,"Keyword detected, but no exact handle match in registry. Unresolved mentions: ['jimmyd.journey8703'].",2026-09-09T04:35:42.299345+00:00
8bGKcTmvGRw,UC2iD3jxz5srvHoV7gXtBYvQ,"🔴｢LIVE｣#COLLAB ""PACIFY"" @Sovonch @JingJibara @Mallow_Ham  !!!!!",2023-02-07T17:19:43Z,EXACT_HANDLE_VERIFIED,PASSED_EXACT_HANDLE_VERIFICATION,M a l l o w  Ch.(UC5OXcxq6ab6RlhHqNyHws_w),Explicit handle(s) ['@Mallow_Ham'] matched canonical registry handle exactly.,2026-09-09T04:35:42.299345+00:00
RLsbHuOm4CM,UC2iD3jxz5srvHoV7gXtBYvQ,🔴 [ LIVE กองโจร ] #วี่อยากเล่น - PLATE UP! - with ADMIN,2023-01-31T17:44:14Z,CANDIDATE_UNRESOLVED,CANDIDATE_UNRESOLVED_REQUIRES_DESCRIPTION,NONE,"Keyword detected, but no exact handle match in registry. Unresolved mentions: NONE.",2026-09-09T04:35:42.299345+00:00
NiQ-GaHZwAs,UC2iD3jxz5srvHoV7gXtBYvQ,"🔴｢LIVE｣#COLLAB ""OVERWATCH 2"" วี่มาฮิล!!!!!",2023-01-18T15:50:03Z,CANDIDATE_UNRESOLVED,CANDIDATE_UNRESOLVED_REQUIRES_DESCRIPTION,NONE,"Keyword detected, but no exact handle match in registry. Unresolved mentions: NONE.",2026-09-09T04:35:42.299345+00:00
VbWzBQYxaBs,UC2iD3jxz5srvHoV7gXtBYvQ,"🔴｢LIVE｣#กองโจร ""HSHS"" เอ๋...เล่นกับใครน้าาาา!! #hshs #hshsurvive #hshsv",2022-12-05T15:29:06Z,CANDIDATE_UNRESOLVED,CANDIDATE_UNRESOLVED_REQUIRES_DESCRIPTION,NONE,"Keyword detected, but no exact handle match in registry. Unresolved mentions: NONE.",2026-09-09T04:35:42.299345+00:00
dW9wFmHl11I,UC2sAw3h-IzU3JOtvXVzTjxw,[ กองโจรอะจิ ] MINECRAFT ใครจะยิงปืนก็ยิง ผมจะขุดดิน #Yelongvth,2026-08-29T21:08:46Z,CANDIDATE_UNRESOLVED,CANDIDATE_UNRESOLVED_REQUIRES_DESCRIPTION,NONE,"Keyword detected, but no exact handle match in registry. Unresolved mentions: NONE.",2026-09-09T04:35:42.299345+00:00
raWTffMYJ5Q,UC2sAw3h-IzU3JOtvXVzTjxw,【COVER】NuNew feat. Tan Lipta - เอ๊ะ!  (Yelong & MAKU),2026-07-06T10:00:12Z,CANDIDATE_UNRESOLVED,CANDIDATE_UNRESOLVED_REQUIRES_DESCRIPTION,NONE,"Keyword detected, but no exact handle match in registry. Unresolved mentions: NONE.",2026-09-09T04:35:42.299345+00:00
o61FiNe98DQ,UC2sAw3h-IzU3JOtvXVzTjxw,[ LIVE GAMING ] VALORANT ไอโซ vs ไอเย่ #Yelongvth,2026-04-19T03:58:09Z,CANDIDATE_UNRESOLVED,CANDIDATE_UNRESOLVED_REQUIRES_DESCRIPTION,NONE,"Keyword detected, but no exact handle match in registry. Unresolved mentions: NONE.",2026-09-09T04:35:42.299345+00:00
zYnnm_-LyIU,UC2mSWpVqjjQ7G7gEIfQ7p9w,รอดแล้ว | @Jorrajayjija  #zeraphinahn #Vtuber #streamer,2026-08-30T08:30:23Z,CANDIDATE_UNRESOLVED,CANDIDATE_UNRESOLVED_REQUIRES_DESCRIPTION,NONE,"Keyword detected, but no exact handle match in registry. Unresolved mentions: ['Jorrajayjija'].",2026-09-09T04:35:42.299345+00:00
OrETW85cU7E,UC2mSWpVqjjQ7G7gEIfQ7p9w,สังคมหล่อหลอม @Jorrajayjija  | #zeraphinahn #Vtuber #streamer,2026-08-24T12:03:16Z,CANDIDATE_UNRESOLVED,CANDIDATE_UNRESOLVED_REQUIRES_DESCRIPTION,NONE,"Keyword detected, but no exact handle match in registry. Unresolved mentions: ['Jorrajayjija'].",2026-09-09T04:35:42.299345+00:00
IK0w0o0-3g4,UC2mSWpVqjjQ7G7gEIfQ7p9w,Vtuber vs Exercise [16shots] | #Vtuber #Dance #Streamer #challenge,2026-08-21T10:00:04Z,CANDIDATE_UNRESOLVED,CANDIDATE_UNRESOLVED_REQUIRES_DESCRIPTION,NONE,"Keyword detected, but no exact handle match in registry. Unresolved mentions: NONE.",2026-09-09T04:35:42.299345+00:00
5ZyhOZIqilA,UC2mSWpVqjjQ7G7gEIfQ7p9w,【RECAP】My first FAN Meet event!!!  | V:WORLD #3,2026-08-16T12:00:03Z,CANDIDATE_UNRESOLVED,CANDIDATE_UNRESOLVED_REQUIRES_DESCRIPTION,NONE,"Keyword detected, but no exact handle match in registry. Unresolved mentions: NONE.",2026-09-09T04:35:42.299345+00:00
TsrH7gyRoQo,UC2eai5waelgobAHgp20DEYg,"ทีม เบียว vs คนปกติ ft.@TsururuWorldEnd ,@EveshaiahMiraclover ,@LunessaFlorynne",2026-09-02T15:39:55Z,EXACT_HANDLE_VERIFIED,PASSED_EXACT_HANDLE_VERIFICATION,Kumoku Tsururu Ch. Lumina-World-End(UC3qnb4Sgo4QtiOi8iS7jOsQ);Eveshaiah Miraclover Ch. Lumina-Mutelu(UCGtHn0fmqCAp_8AzV_PWd6A);Lunessa Florynne Ch. Lumina-Muse(UCbypR_t0teWxIdrQ9i83XiQ),"Explicit handle(s) ['@TsururuWorldEnd', '@EveshaiahMiraclover', '@LunessaFlorynne'] matched canonical registry handle exactly.",2026-09-09T04:35:42.299345+00:00
yM-nGXicF-w,UC2eai5waelgobAHgp20DEYg,เมื่อครู่...ข้าเท่หรือไม่ ft.@KryspeiaCosmelis,2026-08-29T11:30:25Z,EXACT_HANDLE_VERIFIED,PASSED_EXACT_HANDLE_VERIFICATION,Kryspeia Cosmelis Ch. Lumina-Mutelu(UCIBdFlC2Fk3rID8CAETV35g),Explicit handle(s) ['@KryspeiaCosmelis'] matched canonical registry handle exactly.,2026-09-09T04:35:42.299345+00:00
oAwaj-t1JXU,UC2eai5waelgobAHgp20DEYg,รวมพลคนสู้แฟนคลับ ft.@XonebuWorldEnd,2026-08-10T15:52:29Z,EXACT_HANDLE_VERIFIED,PASSED_EXACT_HANDLE_VERIFICATION,Xonebu X'thulhu Ch. Lumina-World-End(UCGo7fnmWfGQewxZVDmC3iJQ),Explicit handle(s) ['@XonebuWorldEnd'] matched canonical registry handle exactly.,2026-09-09T04:35:42.299345+00:00
YwF5-_hfWnk,UC33VkaWtUAg84eE1BfScpZg,Let's Play Goo Goo Baby with me #panbibi #vtuber #vtuberth #ウマ娘 #umamusume #SuperCreek,2025-08-16T12:00:31Z,CANDIDATE_UNRESOLVED,CANDIDATE_UNRESOLVED_REQUIRES_DESCRIPTION,NONE,"Keyword detected, but no exact handle match in registry. Unresolved mentions: NONE.",2026-09-09T04:35:42.299345+00:00
ZEgnCN1yJG4,UC33VkaWtUAg84eE1BfScpZg,เมื่อบอกให้แชทสร้างอะไรก็ได้ในเซิร์ฟ Minecraft #panbibi #minecraft #vtuber #vtuberth,2025-07-03T12:20:45Z,CANDIDATE_UNRESOLVED,CANDIDATE_UNRESOLVED_REQUIRES_DESCRIPTION,NONE,"Keyword detected, but no exact handle match in registry. Unresolved mentions: NONE.",2026-09-09T04:35:42.299345+00:00
