event_id,creator_channel_id,creator_name,agency,event_type,event_date,event_year,evidence_tier,creator_source_class,verification_status,source_type,source_reference,retrieved_at,notes
evt_first_observed_UCdlpXdGT3_20240619,UCdlpXdGT3nGDTqIlxUcufCQ,Doyser,Independent,FIRST_OBSERVED,2024-06-19,2024,INFERRED_PROXY,INFERRED_PROXY,INFERRED_PROXY,CATALOG_TIMESTAMP_PROXY,channel_coverage.parquet:oldest_video_published_at=2024-06-19 00:00:09+00:00,2026-09-09T05:30:40.708062+00:00,Earliest cataloged public video upload in research dataset (2024-06-19 00:00:09+00:00). Not verified debut stream.
evt_first_observed_UCGBkYTR4t_20221112,UCGBkYTR4tMKS38TQHGWWLjg,Aito LH,Independent,FIRST_OBSERVED,2022-11-12,2022,INFERRED_PROXY,INFERRED_PROXY,INFERRED_PROXY,CATALOG_TIMESTAMP_PROXY,channel_coverage.parquet:oldest_video_published_at=2022-11-12 10:00:02+00:00,2026-09-09T05:30:40.708062+00:00,Earliest cataloged public video upload in research dataset (2022-11-12 10:00:02+00:00). Not verified debut stream.
evt_first_observed_UCompe4fS2_20200117,UCompe4fS2oUss8CGTuhOSxA,Gibpuri Ch,Independent,FIRST_OBSERVED,2020-01-17,2020,INFERRED_PROXY,INFERRED_PROXY,INFERRED_PROXY,CATALOG_TIMESTAMP_PROXY,channel_coverage.parquet:oldest_video_published_at=2020-01-17 09:00:07+00:00,2026-09-09T05:30:40.708062+00:00,Earliest cataloged public video upload in research dataset (2020-01-17 09:00:07+00:00). Not verified debut stream.
evt_debut_UC_nmh9Xyc_20230325,UC_nmh9XycGlquouvai2UC6g,Newzkung Raccoonza,Independent,DEBUT,2023-03-25,2023,SECONDARY_DOCUMENTED,SECONDARY_DOCUMENTED,SECONDARY_DOCUMENTED,EXTERNAL_WIKI_AND_YOUTUBE,https://virtualyoutuber.fandom.com/wiki/Dacapo,2026-09-09T05:30:40.708062+00:00,Debuted on 2023-03-25 as member of Algorhythm Project ORION unit.
evt_debut_UCpGtwNmbO_20230325,UCpGtwNmbOtgmcKIY81MIX_w,Nongwan TV,Independent,DEBUT,2023-03-25,2023,SECONDARY_DOCUMENTED,SECONDARY_DOCUMENTED,SECONDARY_DOCUMENTED,EXTERNAL_WIKI_AND_YOUTUBE,https://virtualyoutuber.fandom.com/wiki/Algorhythm_Project,2026-09-09T05:30:40.708062+00:00,Debuted on 2023-03-25 as member of Algorhythm Project ORION unit.
evt_debut_UCqhhWjpw2_20190729,UCqhhWjpw23dWhJ5rRwCCrMA,Aisha Channel,Independent,DEBUT,2019-07-29,2019,SECONDARY_DOCUMENTED,SECONDARY_DOCUMENTED,SECONDARY_DOCUMENTED,EXTERNAL_WIKI_AND_YOUTUBE,https://virtualyoutuber.fandom.com/wiki/Aisha,2026-09-09T05:30:40.708062+00:00,Debuted on 2019-07-29 as pioneer Thai VTuber under Guardian Angel A.I. / Polygon 0th Gen.
evt_graduation_UCqhhWjpw2_20251218,UCqhhWjpw23dWhJ5rRwCCrMA,Aisha Channel,Independent,GRADUATION,2025-12-18,2025,PRIMARY_EVENT_SPECIFIC,PRIMARY_OFFICIAL_ANNOUNCEMENT,PRIMARY_EVENT_SPECIFIC,OFFICIAL_AGENCY_ANNOUNCEMENT,https://x.com/PolygonOfficial/status/2001594838520779264,2026-09-09T05:30:40.708062+00:00,Graduated and retired on 2025-12-18.
evt_first_observed_UCC4Wb_x57_20231001,UCC4Wb_x57Ks43GRJ6x_wT5Q,Choya Ch.,Independent,FIRST_OBSERVED,2023-10-01,2023,INFERRED_PROXY,INFERRED_PROXY,INFERRED_PROXY,CATALOG_TIMESTAMP_PROXY,channel_coverage.parquet:oldest_video_published_at=2023-10-01 12:41:00+00:00,2026-09-09T05:30:40.708062+00:00,Earliest cataloged public video upload in research dataset (2023-10-01 12:41:00+00:00). Not verified debut stream.
evt_first_observed_UCrIs26bEK_20230205,UCrIs26bEKOvA_lRnO2Hgscw,Unnämed,Independent,FIRST_OBSERVED,2023-02-05,2023,INFERRED_PROXY,INFERRED_PROXY,INFERRED_PROXY,CATALOG_TIMESTAMP_PROXY,channel_coverage.parquet:oldest_video_published_at=2023-02-05 15:00:07+00:00,2026-09-09T05:30:40.708062+00:00,Earliest cataloged public video upload in research dataset (2023-02-05 15:00:07+00:00). Not verified debut stream.
evt_first_observed_UCuZ1ajvlG_20230317,UCuZ1ajvlGFUMCHZAPdetKHw,Dacapo Ch.【ARP】,Algorhythm Project,FIRST_OBSERVED,2023-03-17,2023,INFERRED_PROXY,INFERRED_PROXY,INFERRED_PROXY,CATALOG_TIMESTAMP_PROXY,channel_coverage.parquet:oldest_video_published_at=2023-03-17 08:19:46+00:00,2026-09-09T05:30:40.708062+00:00,Earliest cataloged public video upload in research dataset (2023-03-17 08:19:46+00:00). Not verified debut stream.
evt_first_appearance_UCJ6HUQOWS_20171106,UCJ6HUQOWSjCHHdOgz13zFlA,TheQuillmon ⌜VZ⌟,Virtual Zeven (VZ),FIRST_APPEARANCE,2017-11-06,2017,SECONDARY_DOCUMENTED,SECONDARY_DOCUMENTED,SECONDARY_DOCUMENTED,EXTERNAL_WIKI_AND_ANNOUNCEMENT,https://virtualyoutuber.fandom.com/wiki/Virtual_Zeven,2026-09-09T05:30:40.708062+00:00,First VTuber appearance on 2017-11-06; pioneer Thai VTuber.
evt_re_debut_UCJ6HUQOWS_20240427,UCJ6HUQOWSjCHHdOgz13zFlA,TheQuillmon ⌜VZ⌟,Virtual Zeven (VZ),RE_DEBUT,2024-04-27,2024,SECONDARY_DOCUMENTED,SECONDARY_DOCUMENTED,SECONDARY_DOCUMENTED,EXTERNAL_WIKI_AND_ANNOUNCEMENT,https://virtualyoutuber.fandom.com/wiki/Virtual_Zeven,2026-09-09T05:30:40.708062+00:00,Re-debuted with Live2D model under Virtual Zeven (The Good Old Days unit).
evt_first_observed_UCDSn4Ql7f_20230131,UCDSn4Ql7fuyjxsSNOws81iQ,BorntoDev,Independent,FIRST_OBSERVED,2023-01-31,2023,INFERRED_PROXY,INFERRED_PROXY,INFERRED_PROXY,CATALOG_TIMESTAMP_PROXY,channel_coverage.parquet:oldest_video_published_at=2023-01-31 11:00:42+00:00,2026-09-09T05:30:40.708062+00:00,Earliest cataloged public video upload in research dataset (2023-01-31 11:00:42+00:00). Not verified debut stream.
evt_first_observed_UCyA1KEXjc_20180926,UCyA1KEXjcq2za_bsJp9KmZQ,RAF4EL,Independent,FIRST_OBSERVED,2018-09-26,2018,INFERRED_PROXY,INFERRED_PROXY,INFERRED_PROXY,CATALOG_TIMESTAMP_PROXY,channel_coverage.parquet:oldest_video_published_at=2018-09-26 05:53:54+00:00,2026-09-09T05:30:40.708062+00:00,Earliest cataloged public video upload in research dataset (2018-09-26 05:53:54+00:00). Not verified debut stream.
evt_first_observed_UCMvc8BlQ7_20210108,UCMvc8BlQ7r5gRbz-D2EY0LA,HØRI 07 ⌜VZ⌟,Virtual Zeven (VZ),FIRST_OBSERVED,2021-01-08,2021,INFERRED_PROXY,INFERRED_PROXY,INFERRED_PROXY,CATALOG_TIMESTAMP_PROXY,channel_coverage.parquet:oldest_video_published_at=2021-01-08 10:09:59+00:00,2026-09-09T05:30:40.708062+00:00,Earliest cataloged public video upload in research dataset (2021-01-08 10:09:59+00:00). Not verified debut stream.
evt_first_observed_UCPtSgQ5-y_20210405,UCPtSgQ5-yCPl9wbo5w7tmWQ,Evalia Ch.【ARP】,Algorhythm Project,FIRST_OBSERVED,2021-04-05,2021,INFERRED_PROXY,INFERRED_PROXY,INFERRED_PROXY,CATALOG_TIMESTAMP_PROXY,channel_coverage.parquet:oldest_video_published_at=2021-04-05 11:45:00+00:00,2026-09-09T05:30:40.708062+00:00,Earliest cataloged public video upload in research dataset (2021-04-05 11:45:00+00:00). Not verified debut stream.
evt_debut_UCR1Htb-H1_20210515,UCR1Htb-H1-tus7UPotPh69A,Laibaht Ch. / หลายบาท,Independent,DEBUT,2021-05-15,2021,SECONDARY_DOCUMENTED,SECONDARY_DOCUMENTED,SECONDARY_DOCUMENTED,EXTERNAL_WIKI_AND_YOUTUBE,https://virtualyoutuber.fandom.com/wiki/Laibaht,2026-09-09T05:30:40.708062+00:00,Debuted on 2021-05-15 as member of Algorhythm Project (Eclipse unit).
evt_first_observed_UCAr4U_HGM_20230315,UCAr4U_HGMYXn1EZjdWiGSLQ,Baabel Ch.【ARP】,Algorhythm Project,FIRST_OBSERVED,2023-03-15,2023,INFERRED_PROXY,INFERRED_PROXY,INFERRED_PROXY,CATALOG_TIMESTAMP_PROXY,channel_coverage.parquet:oldest_video_published_at=2023-03-15 10:09:18+00:00,2026-09-09T05:30:40.708062+00:00,Earliest cataloged public video upload in research dataset (2023-03-15 10:09:18+00:00). Not verified debut stream.
evt_first_observed_UCdYlA3Qi1_20230302,UCdYlA3Qi1TnZwThS9Rb7dog,JayloNy,Independent,FIRST_OBSERVED,2023-03-02,2023,INFERRED_PROXY,INFERRED_PROXY,INFERRED_PROXY,CATALOG_TIMESTAMP_PROXY,channel_coverage.parquet:oldest_video_published_at=2023-03-02 12:39:03+00:00,2026-09-09T05:30:40.708062+00:00,Earliest cataloged public video upload in research dataset (2023-03-02 12:39:03+00:00). Not verified debut stream.
evt_first_observed_UCg53fzp6U_20220609,UCg53fzp6UNYvsyAg8UoNXCA,Draki Kona Ch. Lumina-First-Myth,Lumina Live,FIRST_OBSERVED,2022-06-09,2022,INFERRED_PROXY,INFERRED_PROXY,INFERRED_PROXY,CATALOG_TIMESTAMP_PROXY,channel_coverage.parquet:oldest_video_published_at=2022-06-09 17:05:41+00:00,2026-09-09T05:30:40.708062+00:00,Earliest cataloged public video upload in research dataset (2022-06-09 17:05:41+00:00). Not verified debut stream.
evt_first_observed_UCNTEr2_96_20230316,UCNTEr2_96vJnXNazr5MwNLA,Schneider Ch.【ARP】,Algorhythm Project,FIRST_OBSERVED,2023-03-16,2023,INFERRED_PROXY,INFERRED_PROXY,INFERRED_PROXY,CATALOG_TIMESTAMP_PROXY,channel_coverage.parquet:oldest_video_published_at=2023-03-16 08:03:54+00:00,2026-09-09T05:30:40.708062+00:00,Earliest cataloged public video upload in research dataset (2023-03-16 08:03:54+00:00). Not verified debut stream.
evt_first_observed_UCi2T9exDd_20210112,UCi2T9exDdJRTsxL1vnNV9gQ,Nanino Channel,Independent,FIRST_OBSERVED,2021-01-12,2021,INFERRED_PROXY,INFERRED_PROXY,INFERRED_PROXY,CATALOG_TIMESTAMP_PROXY,channel_coverage.parquet:oldest_video_published_at=2021-01-12 13:30:08+00:00,2026-09-09T05:30:40.708062+00:00,Earliest cataloged public video upload in research dataset (2021-01-12 13:30:08+00:00). Not verified debut stream.
evt_debut_UCrYkQnbL__20210826,UCrYkQnbL_OiYyGuiZyvcO7g,Hey Solly,Independent,DEBUT,2021-08-26,2021,SECONDARY_DOCUMENTED,SECONDARY_DOCUMENTED,SECONDARY_DOCUMENTED,EXTERNAL_WIKI_AND_YOUTUBE,https://virtualyoutuber.fandom.com/wiki/Solly,2026-09-09T05:30:40.708062+00:00,Debuted on 2021-08-26 as independent Thai VTuber.
evt_hiatus_observed_proxy_UCrYkQnbL__20240827,UCrYkQnbL_OiYyGuiZyvcO7g,Hey Solly,Independent,HIATUS_OBSERVED_PROXY,2024-08-27,2024,INFERRED_PROXY,INFERRED_PROXY,INFERRED_PROXY,REGISTRY_INACTIVITY_PROXY,thai_vtuber_registry.json:last_video_published_at=2024-08-27T11:00:07+00:00,2026-09-09T05:30:40.708062+00:00,Observed hiatus boundary based on last public activity recorded on 2024-08-27 (>180d inactive).
evt_first_observed_UCeijqgCP9_20191013,UCeijqgCP9z3zLJ-uwQzvFtQ,Sora A.C.G.,Independent,FIRST_OBSERVED,2019-10-13,2019,INFERRED_PROXY,INFERRED_PROXY,INFERRED_PROXY,CATALOG_TIMESTAMP_PROXY,channel_coverage.parquet:oldest_video_published_at=2019-10-13 05:00:01+00:00,2026-09-09T05:30:40.708062+00:00,Earliest cataloged public video upload in research dataset (2019-10-13 05:00:01+00:00). Not verified debut stream.
evt_first_observed_UCM69uU9b__20210904,UCM69uU9b_raR3mcACHeivgg,Pyork The Pork,Independent,FIRST_OBSERVED,2021-09-04,2021,INFERRED_PROXY,INFERRED_PROXY,INFERRED_PROXY,CATALOG_TIMESTAMP_PROXY,channel_coverage.parquet:oldest_video_published_at=2021-09-04 14:00:11+00:00,2026-09-09T05:30:40.708062+00:00,Earliest cataloged public video upload in research dataset (2021-09-04 14:00:11+00:00). Not verified debut stream.
evt_first_observed_UCWNVjAzZm_20191006,UCWNVjAzZmYUni8YBXYiy01w,dtto.,Independent,FIRST_OBSERVED,2019-10-06,2019,INFERRED_PROXY,INFERRED_PROXY,INFERRED_PROXY,CATALOG_TIMESTAMP_PROXY,channel_coverage.parquet:oldest_video_published_at=2019-10-06 22:15:16+00:00,2026-09-09T05:30:40.708062+00:00,Earliest cataloged public video upload in research dataset (2019-10-06 22:15:16+00:00). Not verified debut stream.
evt_first_observed_UCaNQI1xcU_20241228,UCaNQI1xcU1ZC4W0guaIMgTg,ศาลเจ้ามังกรเนื้อทอง,Independent,FIRST_OBSERVED,2024-12-28,2024,INFERRED_PROXY,INFERRED_PROXY,INFERRED_PROXY,CATALOG_TIMESTAMP_PROXY,channel_coverage.parquet:oldest_video_published_at=2024-12-28 02:00:30+00:00,2026-09-09T05:30:40.708062+00:00,Earliest cataloged public video upload in research dataset (2024-12-28 02:00:30+00:00). Not verified debut stream.
evt_first_observed_UCY-5Lf7AJ_20210824,UCY-5Lf7AJKFj4fudzFi1AZw,TeenWISU,Independent,FIRST_OBSERVED,2021-08-24,2021,INFERRED_PROXY,INFERRED_PROXY,INFERRED_PROXY,CATALOG_TIMESTAMP_PROXY,channel_coverage.parquet:oldest_video_published_at=2021-08-24 09:29:48+00:00,2026-09-09T05:30:40.708062+00:00,Earliest cataloged public video upload in research dataset (2021-08-24 09:29:48+00:00). Not verified debut stream.
evt_first_observed_UCMhUWTKBj_20190412,UCMhUWTKBjrRSacizvjq3HLg,L4zyGone,Independent,FIRST_OBSERVED,2019-04-12,2019,INFERRED_PROXY,INFERRED_PROXY,INFERRED_PROXY,CATALOG_TIMESTAMP_PROXY,channel_coverage.parquet:oldest_video_published_at=2019-04-12 08:56:08+00:00,2026-09-09T05:30:40.708062+00:00,Earliest cataloged public video upload in research dataset (2019-04-12 08:56:08+00:00). Not verified debut stream.
evt_first_observed_UCXwc3r1q3_20250208,UCXwc3r1q3yyxugIq2KM9K7A,Plathong Ch.,Independent,FIRST_OBSERVED,2025-02-08,2025,INFERRED_PROXY,INFERRED_PROXY,INFERRED_PROXY,CATALOG_TIMESTAMP_PROXY,channel_coverage.parquet:oldest_video_published_at=2025-02-08 05:25:05+00:00,2026-09-09T05:30:40.708062+00:00,Earliest cataloged public video upload in research dataset (2025-02-08 05:25:05+00:00). Not verified debut stream.
evt_first_observed_UCNGyEYW2p_20211215,UCNGyEYW2pFjhR_YqSuC4zjg,SAYU Ch. 小百合さゆ,Independent,FIRST_OBSERVED,2021-12-15,2021,INFERRED_PROXY,INFERRED_PROXY,INFERRED_PROXY,CATALOG_TIMESTAMP_PROXY,channel_coverage.parquet:oldest_video_published_at=2021-12-15 13:00:11+00:00,2026-09-09T05:30:40.708062+00:00,Earliest cataloged public video upload in research dataset (2021-12-15 13:00:11+00:00). Not verified debut stream.
evt_first_observed_UCHhIQk2Su_20211211,UCHhIQk2SuVBxR4H2PH_3j2Q,นานาโฮชิ นานะ / 七星ナナ,Independent,FIRST_OBSERVED,2021-12-11,2021,INFERRED_PROXY,INFERRED_PROXY,INFERRED_PROXY,CATALOG_TIMESTAMP_PROXY,channel_coverage.parquet:oldest_video_published_at=2021-12-11 05:30:01+00:00,2026-09-09T05:30:40.708062+00:00,Earliest cataloged public video upload in research dataset (2021-12-11 05:30:01+00:00). Not verified debut stream.
evt_first_observed_UCcgDP2Rme_20231211,UCcgDP2RmeCqW1GTms1mkUlQ,Karu Ch.【ARP】,Algorhythm Project,FIRST_OBSERVED,2023-12-11,2023,INFERRED_PROXY,INFERRED_PROXY,INFERRED_PROXY,CATALOG_TIMESTAMP_PROXY,channel_coverage.parquet:oldest_video_published_at=2023-12-11 11:22:52+00:00,2026-09-09T05:30:40.708062+00:00,Earliest cataloged public video upload in research dataset (2023-12-11 11:22:52+00:00). Not verified debut stream.
evt_debut_UCafG1bj6Q_20201008,UCafG1bj6Qtcbn4bozcicWfA,ZONA Ch.,Polygon Official,DEBUT,2020-10-08,2020,SECONDARY_DOCUMENTED,SECONDARY_DOCUMENTED,SECONDARY_DOCUMENTED,EXTERNAL_WIKI_AND_YOUTUBE,https://virtualyoutuber.fandom.com/wiki/Zona,2026-09-09T05:30:40.708062+00:00,Debuted on 2020-10-08 as member of Polygon Project 1st Gen (POLAR1SS).
evt_first_observed_UCt1L2vxqF_20191210,UCt1L2vxqFD0xZeYHeHPZQoQ,CooGa,Independent,FIRST_OBSERVED,2019-12-10,2019,INFERRED_PROXY,INFERRED_PROXY,INFERRED_PROXY,CATALOG_TIMESTAMP_PROXY,channel_coverage.parquet:oldest_video_published_at=2019-12-10 10:00:11+00:00,2026-09-09T05:30:40.708062+00:00,Earliest cataloged public video upload in research dataset (2019-12-10 10:00:11+00:00). Not verified debut stream.
evt_first_observed_UCSR9HXXmM_20250710,UCSR9HXXmM7Er6ebxyIoBgpw,Stamp LMTY ⌜VZ⌟,Virtual Zeven (VZ),FIRST_OBSERVED,2025-07-10,2025,INFERRED_PROXY,INFERRED_PROXY,INFERRED_PROXY,CATALOG_TIMESTAMP_PROXY,channel_coverage.parquet:oldest_video_published_at=2025-07-10 04:01:04+00:00,2026-09-09T05:30:40.708062+00:00,Earliest cataloged public video upload in research dataset (2025-07-10 04:01:04+00:00). Not verified debut stream.
evt_first_observed_UClIlMpdle_20220710,UClIlMpdlevmQHyd7qQLLNWA,ghostmaiky,Independent,FIRST_OBSERVED,2022-07-10,2022,INFERRED_PROXY,INFERRED_PROXY,INFERRED_PROXY,CATALOG_TIMESTAMP_PROXY,channel_coverage.parquet:oldest_video_published_at=2022-07-10 14:09:36+00:00,2026-09-09T05:30:40.708062+00:00,Earliest cataloged public video upload in research dataset (2022-07-10 14:09:36+00:00). Not verified debut stream.
evt_first_observed_UCvTchQs3V_20231006,UCvTchQs3VuPF74Y3e6pPAMQ,SwordAce,Independent,FIRST_OBSERVED,2023-10-06,2023,INFERRED_PROXY,INFERRED_PROXY,INFERRED_PROXY,CATALOG_TIMESTAMP_PROXY,channel_coverage.parquet:oldest_video_published_at=2023-10-06 09:00:23+00:00,2026-09-09T05:30:40.708062+00:00,Earliest cataloged public video upload in research dataset (2023-10-06 09:00:23+00:00). Not verified debut stream.
evt_first_observed_UCf-29F7w__20250619,UCf-29F7w_0xRTXVDFol0spQ,Roxzy ロキジー,Independent,FIRST_OBSERVED,2025-06-19,2025,INFERRED_PROXY,INFERRED_PROXY,INFERRED_PROXY,CATALOG_TIMESTAMP_PROXY,channel_coverage.parquet:oldest_video_published_at=2025-06-19 01:30:11+00:00,2026-09-09T05:30:40.708062+00:00,Earliest cataloged public video upload in research dataset (2025-06-19 01:30:11+00:00). Not verified debut stream.
evt_first_observed_UCQSPYuDIS_20211001,UCQSPYuDISdhcuvXsAhn3BTQ,Lunatrix Ch.,Independent,FIRST_OBSERVED,2021-10-01,2021,INFERRED_PROXY,INFERRED_PROXY,INFERRED_PROXY,CATALOG_TIMESTAMP_PROXY,channel_coverage.parquet:oldest_video_published_at=2021-10-01 14:00:11+00:00,2026-09-09T05:30:40.708062+00:00,Earliest cataloged public video upload in research dataset (2021-10-01 14:00:11+00:00). Not verified debut stream.
evt_first_observed_UCw64ItsCX_20220630,UCw64ItsCX0Cb4lCjb68oTpw,Eileennoir Ch.,Independent,FIRST_OBSERVED,2022-06-30,2022,INFERRED_PROXY,INFERRED_PROXY,INFERRED_PROXY,CATALOG_TIMESTAMP_PROXY,channel_coverage.parquet:oldest_video_published_at=2022-06-30 15:09:57+00:00,2026-09-09T05:30:40.708062+00:00,Earliest cataloged public video upload in research dataset (2022-06-30 15:09:57+00:00). Not verified debut stream.
evt_debut_UCXtQTtPJe_20200629,UCXtQTtPJedfjqEPysorbsMg,久檻夜くぅ / Qualia Qu Ch.,Independent,DEBUT,2020-06-29,2020,SECONDARY_DOCUMENTED,SECONDARY_DOCUMENTED,SECONDARY_DOCUMENTED,EXTERNAL_WIKI_AND_YOUTUBE,https://virtualyoutuber.fandom.com/wiki/Qualia_Qu,2026-09-09T05:30:40.708062+00:00,Debuted on 2020-06-29 as Thai/Japanese bilingual independent VTuber.
evt_graduation_UCXtQTtPJe_20220331,UCXtQTtPJedfjqEPysorbsMg,久檻夜くぅ / Qualia Qu Ch.,Independent,GRADUATION,2022-03-31,2022,SECONDARY_DOCUMENTED,SECONDARY_DOCUMENTED,SECONDARY_DOCUMENTED,EXTERNAL_WIKI_AND_ANNOUNCEMENT,https://virtualyoutuber.fandom.com/wiki/Qualia_Qu,2026-09-09T05:30:40.708062+00:00,Official retirement and graduation on 2022-03-31.
evt_first_observed_UCXuiHw-k0_20211124,UCXuiHw-k05CnSu5_DjKUytw,LIVIANA Ch.,Independent,FIRST_OBSERVED,2021-11-24,2021,INFERRED_PROXY,INFERRED_PROXY,INFERRED_PROXY,CATALOG_TIMESTAMP_PROXY,channel_coverage.parquet:oldest_video_published_at=2021-11-24 13:00:31+00:00,2026-09-09T05:30:40.708062+00:00,Earliest cataloged public video upload in research dataset (2021-11-24 13:00:31+00:00). Not verified debut stream.
evt_debut_UCutz6S1Dc_20210310,UCutz6S1DcEHPnEb_r9ztkzg,Hinabe HongFei Ch. Pixela Project,Pixela Project,DEBUT,2021-03-10,2021,SECONDARY_DOCUMENTED,SECONDARY_DOCUMENTED,SECONDARY_DOCUMENTED,EXTERNAL_WIKI_AND_YOUTUBE,https://virtualyoutuber.fandom.com/wiki/Hinabe_HongFei,2026-09-09T05:30:40.708062+00:00,Debuted on 2021-03-10 as Pixela 1st Generation member.
evt_graduation_UCutz6S1Dc_20231128,UCutz6S1DcEHPnEb_r9ztkzg,Hinabe HongFei Ch. Pixela Project,Pixela Project,GRADUATION,2023-11-28,2023,PRIMARY_EVENT_SPECIFIC,PRIMARY_OFFICIAL_ANNOUNCEMENT,PRIMARY_EVENT_SPECIFIC,OFFICIAL_AGENCY_ANNOUNCEMENT,https://x.com/PixelaProject/status/1723657388706857187,2026-09-09T05:30:40.708062+00:00,Retired on 2023-11-28.
evt_first_observed_UCni4SBfvm_20191028,UCni4SBfvmKlD7bu_ZWDmKiQ,CoolRin CH,Independent,FIRST_OBSERVED,2019-10-28,2019,INFERRED_PROXY,INFERRED_PROXY,INFERRED_PROXY,CATALOG_TIMESTAMP_PROXY,channel_coverage.parquet:oldest_video_published_at=2019-10-28 12:10:52+00:00,2026-09-09T05:30:40.708062+00:00,Earliest cataloged public video upload in research dataset (2019-10-28 12:10:52+00:00). Not verified debut stream.
evt_hiatus_observed_proxy_UCni4SBfvm_20240213,UCni4SBfvmKlD7bu_ZWDmKiQ,CoolRin CH,Independent,HIATUS_OBSERVED_PROXY,2024-02-13,2024,INFERRED_PROXY,INFERRED_PROXY,INFERRED_PROXY,REGISTRY_INACTIVITY_PROXY,thai_vtuber_registry.json:last_video_published_at=2024-02-13T15:12:33+00:00,2026-09-09T05:30:40.708062+00:00,Observed hiatus boundary based on last public activity recorded on 2024-02-13 (>180d inactive).
evt_first_observed_UCpWF1pMyJ_20210321,UCpWF1pMyJtMvlynspGnThdw,MamMam Ch. 真夢マム,Independent,FIRST_OBSERVED,2021-03-21,2021,INFERRED_PROXY,INFERRED_PROXY,INFERRED_PROXY,CATALOG_TIMESTAMP_PROXY,channel_coverage.parquet:oldest_video_published_at=2021-03-21 13:52:56+00:00,2026-09-09T05:30:40.708062+00:00,Earliest cataloged public video upload in research dataset (2021-03-21 13:52:56+00:00). Not verified debut stream.
evt_hiatus_observed_proxy_UCpWF1pMyJ_20220618,UCpWF1pMyJtMvlynspGnThdw,MamMam Ch. 真夢マム,Independent,HIATUS_OBSERVED_PROXY,2022-06-18,2022,INFERRED_PROXY,INFERRED_PROXY,INFERRED_PROXY,REGISTRY_INACTIVITY_PROXY,thai_vtuber_registry.json:last_video_published_at=2022-06-18T02:18:46+00:00,2026-09-09T05:30:40.708062+00:00,Observed hiatus boundary based on last public activity recorded on 2022-06-18 (>180d inactive).
evt_debut_UCDCOWpzyB_20220219,UCDCOWpzyBFsavT-K7AmN3MQ,Azato Stacia Ch.,Independent,DEBUT,2022-02-19,2022,SECONDARY_DOCUMENTED,SECONDARY_DOCUMENTED,SECONDARY_DOCUMENTED,EXTERNAL_WIKI_AND_YOUTUBE,https://virtualyoutuber.fandom.com/wiki/Azato_Stacia,2026-09-09T05:30:40.708062+00:00,Debuted on 2022-02-19 as independent Thai VTuber.
evt_debut_UCZilc7jP-_20201014,UCZilc7jP-X_92Fii1uTIs0Q,Hoku Ch.,Independent,DEBUT,2020-10-14,2020,SECONDARY_DOCUMENTED,SECONDARY_DOCUMENTED,SECONDARY_DOCUMENTED,EXTERNAL_WIKI_AND_YOUTUBE,https://virtualyoutuber.fandom.com/wiki/Hoku,2026-09-09T05:30:40.708062+00:00,Debuted on 2020-10-14 as member of Polygon Project 1st Gen (POLAR1SS).
evt_first_observed_UCWU7kvLd__20210903,UCWU7kvLd_JBaBqO_ilTYd_A,Zekai Ch.【ARP】,Algorhythm Project,FIRST_OBSERVED,2021-09-03,2021,INFERRED_PROXY,INFERRED_PROXY,INFERRED_PROXY,CATALOG_TIMESTAMP_PROXY,channel_coverage.parquet:oldest_video_published_at=2021-09-03 14:01:43+00:00,2026-09-09T05:30:40.708062+00:00,Earliest cataloged public video upload in research dataset (2021-09-03 14:01:43+00:00). Not verified debut stream.
evt_debut_UC0Ky1U__7_20210815,UC0Ky1U__7T2Z5SOZCvNlJ-Q,Beariss Beam,Independent,DEBUT,2021-08-15,2021,SECONDARY_DOCUMENTED,SECONDARY_DOCUMENTED,SECONDARY_DOCUMENTED,EXTERNAL_WIKI_AND_YOUTUBE,https://virtualyoutuber.fandom.com/wiki/Beariss_Beam,2026-09-09T05:30:40.708062+00:00,Debuted as independent Thai VTuber illustrated by Jimo.
evt_hiatus_observed_proxy_UC0Ky1U__7_20251013,UC0Ky1U__7T2Z5SOZCvNlJ-Q,Beariss Beam,Independent,HIATUS_OBSERVED_PROXY,2025-10-13,2025,INFERRED_PROXY,INFERRED_PROXY,INFERRED_PROXY,REGISTRY_INACTIVITY_PROXY,thai_vtuber_registry.json:last_video_published_at=2025-10-13T02:56:11+00:00,2026-09-09T05:30:40.708062+00:00,Observed hiatus boundary based on last public activity recorded on 2025-10-13 (>180d inactive).
evt_debut_UC7iCSRt7J_20200320,UC7iCSRt7Jej2XE0MaM9gPgg,YuChan Channel ⌜VZ⌟,Virtual Zeven (VZ),DEBUT,2020-03-20,2020,SECONDARY_DOCUMENTED,SECONDARY_DOCUMENTED,SECONDARY_DOCUMENTED,EXTERNAL_WIKI_AND_ANNOUNCEMENT,https://virtualyoutuber.fandom.com/wiki/Virtual_Zeven,2026-09-09T05:30:40.708062+00:00,Pioneer Thai VTuber under Kadokawa Amarin (Phoenix Next) debuted 2020-03-20.
evt_hiatus_UC7iCSRt7J_20211209,UC7iCSRt7Jej2XE0MaM9gPgg,YuChan Channel ⌜VZ⌟,Virtual Zeven (VZ),HIATUS,2021-12-09,2021,SECONDARY_DOCUMENTED,SECONDARY_DOCUMENTED,SECONDARY_DOCUMENTED,EXTERNAL_WIKI_AND_ANNOUNCEMENT,https://virtualyoutuber.fandom.com/wiki/Virtual_Zeven,2026-09-09T05:30:40.708062+00:00,Last live stream on 2021-12-09 before hiatus.
evt_hiatus_observed_proxy_UC7iCSRt7J_20200928,UC7iCSRt7Jej2XE0MaM9gPgg,YuChan Channel ⌜VZ⌟,Virtual Zeven (VZ),HIATUS_OBSERVED_PROXY,2020-09-28,2020,INFERRED_PROXY,INFERRED_PROXY,INFERRED_PROXY,REGISTRY_INACTIVITY_PROXY,thai_vtuber_registry.json:last_video_published_at=2020-09-28T16:24:25+00:00,2026-09-09T05:30:40.708062+00:00,Observed hiatus boundary based on last public activity recorded on 2020-09-28 (>180d inactive).
evt_debut_UCFSkExeBc_20210509,UCFSkExeBcqI4nb_ArHeByNw,シノライラ - Shino Laila【WACTOR】,WACTOR,DEBUT,2021-05-09,2021,SECONDARY_DOCUMENTED,SECONDARY_DOCUMENTED,SECONDARY_DOCUMENTED,EXTERNAL_WIKI_AND_YOUTUBE,https://virtualyoutuber.fandom.com/wiki/Shino_Laila,2026-09-09T05:30:40.708062+00:00,Debuted on 2021-05-09 as WACTOR 2nd Gen member.
evt_suspension_UCFSkExeBc_20211128,UCFSkExeBcqI4nb_ArHeByNw,シノライラ - Shino Laila【WACTOR】,WACTOR,SUSPENSION,2021-11-28,2021,PRIMARY_EVENT_SPECIFIC,PRIMARY_OFFICIAL_ANNOUNCEMENT,PRIMARY_EVENT_SPECIFIC,OFFICIAL_AGENCY_ANNOUNCEMENT,https://twitter.com/MiraisMaid/status/1464928236165509121,2026-09-09T05:30:40.708062+00:00,Suspension notice issued by WACTOR management on 2021-11-28.
evt_graduation_or_departure_UCFSkExeBc_20220416,UCFSkExeBcqI4nb_ArHeByNw,シノライラ - Shino Laila【WACTOR】,WACTOR,GRADUATION_OR_DEPARTURE,2022-04-16,2022,PRIMARY_EVENT_SPECIFIC,CREATOR_PRIMARY_STATEMENT,PRIMARY_EVENT_SPECIFIC,PUBLIC_TALENT_STATEMENT,https://twitter.com/Eileennoir/status/1515286596886499330,2026-09-09T05:30:40.708062+00:00,Public announcement of departure and agency dissociation on 2022-04-16.
evt_first_observed_UCKPcwla_m_20211108,UCKPcwla_mvpdBnyjHYTiwoQ,Puipui Memory,Independent,FIRST_OBSERVED,2021-11-08,2021,INFERRED_PROXY,INFERRED_PROXY,INFERRED_PROXY,CATALOG_TIMESTAMP_PROXY,channel_coverage.parquet:oldest_video_published_at=2021-11-08 07:24:42+00:00,2026-09-09T05:30:40.708062+00:00,Earliest cataloged public video upload in research dataset (2021-11-08 07:24:42+00:00). Not verified debut stream.
evt_hiatus_observed_proxy_UCKPcwla_m_20260220,UCKPcwla_mvpdBnyjHYTiwoQ,Puipui Memory,Independent,HIATUS_OBSERVED_PROXY,2026-02-20,2026,INFERRED_PROXY,INFERRED_PROXY,INFERRED_PROXY,REGISTRY_INACTIVITY_PROXY,thai_vtuber_registry.json:last_video_published_at=2026-02-20T07:53:35+00:00,2026-09-09T05:30:40.708062+00:00,Observed hiatus boundary based on last public activity recorded on 2026-02-20 (>180d inactive).
evt_debut_UCOaTgKPjI_20210316,UCOaTgKPjI9cgXLoDW7XFDDw,Princess Zelina Ch. Pixela Project,Pixela Project,DEBUT,2021-03-16,2021,SECONDARY_DOCUMENTED,SECONDARY_DOCUMENTED,SECONDARY_DOCUMENTED,EXTERNAL_WIKI_AND_YOUTUBE,https://virtualyoutuber.fandom.com/wiki/Princess_Zelina,2026-09-09T05:30:40.708062+00:00,Debuted on 2021-03-16 as Pixela 1st Generation member.
evt_graduation_UCOaTgKPjI_20250509,UCOaTgKPjI9cgXLoDW7XFDDw,Princess Zelina Ch. Pixela Project,Pixela Project,GRADUATION,2025-05-09,2025,PRIMARY_EVENT_SPECIFIC,PRIMARY_OFFICIAL_ANNOUNCEMENT,PRIMARY_EVENT_SPECIFIC,OFFICIAL_AGENCY_ANNOUNCEMENT,https://x.com/PixelaProject/status/1920783180422176880,2026-09-09T05:30:40.708062+00:00,Graduation announced by Pixela on 2025-03-07; final activities completed on 2025-05-09.
evt_first_observed_UCjGGp-gPh_20190917,UCjGGp-gPhMgxgIKxjShbYtA,Terios Ch.,Independent,FIRST_OBSERVED,2019-09-17,2019,INFERRED_PROXY,INFERRED_PROXY,INFERRED_PROXY,CATALOG_TIMESTAMP_PROXY,channel_coverage.parquet:oldest_video_published_at=2019-09-17 13:25:33+00:00,2026-09-09T05:30:40.708062+00:00,Earliest cataloged public video upload in research dataset (2019-09-17 13:25:33+00:00). Not verified debut stream.
evt_first_observed_UCIxWJ7k2M_20250710,UCIxWJ7k2MWKT6sIg3mLjkTg,โป๊ะโกะ / PoKo ปลวกทูปเบ๋อ,Independent,FIRST_OBSERVED,2025-07-10,2025,INFERRED_PROXY,INFERRED_PROXY,INFERRED_PROXY,CATALOG_TIMESTAMP_PROXY,channel_coverage.parquet:oldest_video_published_at=2025-07-10 16:12:02+00:00,2026-09-09T05:30:40.708062+00:00,Earliest cataloged public video upload in research dataset (2025-07-10 16:12:02+00:00). Not verified debut stream.
evt_first_observed_UCalvpWY2A_20220829,UCalvpWY2A2P4-h5UIs1jGgA,yoinmori,Independent,FIRST_OBSERVED,2022-08-29,2022,INFERRED_PROXY,INFERRED_PROXY,INFERRED_PROXY,CATALOG_TIMESTAMP_PROXY,channel_coverage.parquet:oldest_video_published_at=2022-08-29 04:00:18+00:00,2026-09-09T05:30:40.708062+00:00,Earliest cataloged public video upload in research dataset (2022-08-29 04:00:18+00:00). Not verified debut stream.
evt_first_observed_UClCLRJrlg_20210621,UClCLRJrlg3F9FOPnUfItZSw,Tatsuki Ch.,Independent,FIRST_OBSERVED,2021-06-21,2021,INFERRED_PROXY,INFERRED_PROXY,INFERRED_PROXY,CATALOG_TIMESTAMP_PROXY,channel_coverage.parquet:oldest_video_published_at=2021-06-21 09:13:58+00:00,2026-09-09T05:30:40.708062+00:00,Earliest cataloged public video upload in research dataset (2021-06-21 09:13:58+00:00). Not verified debut stream.
evt_hiatus_observed_proxy_UClCLRJrlg_20221106,UClCLRJrlg3F9FOPnUfItZSw,Tatsuki Ch.,Independent,HIATUS_OBSERVED_PROXY,2022-11-06,2022,INFERRED_PROXY,INFERRED_PROXY,INFERRED_PROXY,REGISTRY_INACTIVITY_PROXY,thai_vtuber_registry.json:last_video_published_at=2022-11-06T10:53:34+00:00,2026-09-09T05:30:40.708062+00:00,Observed hiatus boundary based on last public activity recorded on 2022-11-06 (>180d inactive).
evt_first_observed_UCcFIthTrw_20231211,UCcFIthTrwa6N-1ri9sQZstw,Poru Ch.【ARP】,Algorhythm Project,FIRST_OBSERVED,2023-12-11,2023,INFERRED_PROXY,INFERRED_PROXY,INFERRED_PROXY,CATALOG_TIMESTAMP_PROXY,channel_coverage.parquet:oldest_video_published_at=2023-12-11 12:30:25+00:00,2026-09-09T05:30:40.708062+00:00,Earliest cataloged public video upload in research dataset (2023-12-11 12:30:25+00:00). Not verified debut stream.
evt_debut_UCE010cVAg_20220210,UCE010cVAgWFD24wIJ95sDKw,Fumi Hausu,Independent,DEBUT,2022-02-10,2022,SECONDARY_DOCUMENTED,SECONDARY_DOCUMENTED,SECONDARY_DOCUMENTED,EXTERNAL_WIKI_AND_YOUTUBE,https://virtualyoutuber.fandom.com/wiki/Fumi_Hausu,2026-09-09T05:30:40.708062+00:00,Debuted on 2022-02-10 as independent Thai VTuber.
evt_first_observed_UC8-JXAccu_20240422,UC8-JXAccuh7DvI_A_lObw-w,Uniinu ch. Euphora,Euphora Project,FIRST_OBSERVED,2024-04-22,2024,INFERRED_PROXY,INFERRED_PROXY,INFERRED_PROXY,CATALOG_TIMESTAMP_PROXY,channel_coverage.parquet:oldest_video_published_at=2024-04-22 13:29:47+00:00,2026-09-09T05:30:40.708062+00:00,Earliest cataloged public video upload in research dataset (2024-04-22 13:29:47+00:00). Not verified debut stream.
evt_first_observed_UCtGhO6z6G_20210210,UCtGhO6z6GxqtBZ4gP-3rUpA,TakumaRei「บ่นไปเรื่อย」,Independent,FIRST_OBSERVED,2021-02-10,2021,INFERRED_PROXY,INFERRED_PROXY,INFERRED_PROXY,CATALOG_TIMESTAMP_PROXY,channel_coverage.parquet:oldest_video_published_at=2021-02-10 00:00:04+00:00,2026-09-09T05:30:40.708062+00:00,Earliest cataloged public video upload in research dataset (2021-02-10 00:00:04+00:00). Not verified debut stream.
evt_debut_UCLNBff3KD_20220127,UCLNBff3KDEUxdfH_lkvyOKQ,Kamiyu Reirin Ch. Lumina-First-Myth,Lumina Live,DEBUT,2022-01-27,2022,SECONDARY_DOCUMENTED,SECONDARY_DOCUMENTED,SECONDARY_DOCUMENTED,EXTERNAL_WIKI_AND_YOUTUBE,https://virtualyoutuber.fandom.com/wiki/Kamiyu_Reirin,2026-09-09T05:30:40.708062+00:00,Debuted on 2022-01-27 as member of Pixela Legends.
evt_first_observed_UCWM76ZPAZ_20230308,UCWM76ZPAZqDNOAp5AKn9uIw,JueBigHead,Independent,FIRST_OBSERVED,2023-03-08,2023,INFERRED_PROXY,INFERRED_PROXY,INFERRED_PROXY,CATALOG_TIMESTAMP_PROXY,channel_coverage.parquet:oldest_video_published_at=2023-03-08 16:30:47+00:00,2026-09-09T05:30:40.708062+00:00,Earliest cataloged public video upload in research dataset (2023-03-08 16:30:47+00:00). Not verified debut stream.
evt_first_observed_UCvob8U-yj_20220820,UCvob8U-yjPS-fSf5bq7jvGw,Umino Ciala Ch. Pixela Legends,Pixela Project,FIRST_OBSERVED,2022-08-20,2022,INFERRED_PROXY,INFERRED_PROXY,INFERRED_PROXY,CATALOG_TIMESTAMP_PROXY,channel_coverage.parquet:oldest_video_published_at=2022-08-20 17:46:13+00:00,2026-09-09T05:30:40.708062+00:00,Earliest cataloged public video upload in research dataset (2022-08-20 17:46:13+00:00). Not verified debut stream.
evt_debut_UC25e5qEqv_20201025,UC25e5qEqvVaG_VKrkTmJBmw,Lucene Ch.,Independent,DEBUT,2020-10-25,2020,SECONDARY_DOCUMENTED,SECONDARY_DOCUMENTED,SECONDARY_DOCUMENTED,EXTERNAL_WIKI_AND_YOUTUBE,https://virtualyoutuber.fandom.com/wiki/Lucene,2026-09-09T05:30:40.708062+00:00,Debuted on 2020-10-25 as member of Polygon Project 1st Gen (POLAR1SS).
evt_first_observed_UC3O5wAgEV_20221219,UC3O5wAgEVyNA1Jw3gyi-_jA,MOLLY,Independent,FIRST_OBSERVED,2022-12-19,2022,INFERRED_PROXY,INFERRED_PROXY,INFERRED_PROXY,CATALOG_TIMESTAMP_PROXY,channel_coverage.parquet:oldest_video_published_at=2022-12-19 06:47:19+00:00,2026-09-09T05:30:40.708062+00:00,Earliest cataloged public video upload in research dataset (2022-12-19 06:47:19+00:00). Not verified debut stream.
evt_first_observed_UCJcfB-86r_20210810,UCJcfB-86rWM0NF2li1CqNNw,NutsuruSama,Independent,FIRST_OBSERVED,2021-08-10,2021,INFERRED_PROXY,INFERRED_PROXY,INFERRED_PROXY,CATALOG_TIMESTAMP_PROXY,channel_coverage.parquet:oldest_video_published_at=2021-08-10 17:41:20+00:00,2026-09-09T05:30:40.708062+00:00,Earliest cataloged public video upload in research dataset (2021-08-10 17:41:20+00:00). Not verified debut stream.
evt_first_observed_UCaCZ78DoD_20201027,UCaCZ78DoDsPxejb_azg1hog,ITsMeYao,Independent,FIRST_OBSERVED,2020-10-27,2020,INFERRED_PROXY,INFERRED_PROXY,INFERRED_PROXY,CATALOG_TIMESTAMP_PROXY,channel_coverage.parquet:oldest_video_published_at=2020-10-27 01:03:37+00:00,2026-09-09T05:30:40.708062+00:00,Earliest cataloged public video upload in research dataset (2020-10-27 01:03:37+00:00). Not verified debut stream.
evt_first_observed_UCL7lolCif_20230806,UCL7lolCifod5V21pPzR3K-w,Magnum Ch.【ARP】,Algorhythm Project,FIRST_OBSERVED,2023-08-06,2023,INFERRED_PROXY,INFERRED_PROXY,INFERRED_PROXY,CATALOG_TIMESTAMP_PROXY,channel_coverage.parquet:oldest_video_published_at=2023-08-06 09:06:34+00:00,2026-09-09T05:30:40.708062+00:00,Earliest cataloged public video upload in research dataset (2023-08-06 09:06:34+00:00). Not verified debut stream.
evt_debut_UCpNkVsMls_20210312,UCpNkVsMlsJRF792H-1_1vPA,Melita X Ch. Pixela Project,Pixela Project,DEBUT,2021-03-12,2021,SECONDARY_DOCUMENTED,SECONDARY_DOCUMENTED,SECONDARY_DOCUMENTED,EXTERNAL_WIKI_AND_YOUTUBE,https://virtualyoutuber.fandom.com/wiki/Melita_X,2026-09-09T05:30:40.708062+00:00,Debuted on 2021-03-12 as Pixela 1st Generation member.
evt_graduation_UCpNkVsMls_20231130,UCpNkVsMlsJRF792H-1_1vPA,Melita X Ch. Pixela Project,Pixela Project,GRADUATION,2023-11-30,2023,PRIMARY_EVENT_SPECIFIC,PRIMARY_OFFICIAL_ANNOUNCEMENT,PRIMARY_EVENT_SPECIFIC,OFFICIAL_AGENCY_ANNOUNCEMENT,https://x.com/PixelaProject/status/1723657388706857187,2026-09-09T05:30:40.708062+00:00,Retired on 2023-11-30.
evt_debut_UCMUtWzsjA_20210314,UCMUtWzsjAQJgp6UlkbVSo1w,Laguna JuJu Ch. Pixela Project,Pixela Project,DEBUT,2021-03-14,2021,SECONDARY_DOCUMENTED,SECONDARY_DOCUMENTED,SECONDARY_DOCUMENTED,EXTERNAL_WIKI_AND_YOUTUBE,https://virtualyoutuber.fandom.com/wiki/Laguna_Juju,2026-09-09T05:30:40.708062+00:00,Debuted on 2021-03-14 as Pixela 1st Generation member.
evt_graduation_UCMUtWzsjA_20231129,UCMUtWzsjAQJgp6UlkbVSo1w,Laguna JuJu Ch. Pixela Project,Pixela Project,GRADUATION,2023-11-29,2023,PRIMARY_EVENT_SPECIFIC,PRIMARY_OFFICIAL_ANNOUNCEMENT,PRIMARY_EVENT_SPECIFIC,OFFICIAL_AGENCY_ANNOUNCEMENT,https://x.com/PixelaProject/status/1723657388706857187,2026-09-09T05:30:40.708062+00:00,Retired on 2023-11-29.
evt_first_observed_UCEMqL-RYg_20210228,UCEMqL-RYgeAEhTMUJeHfkaw,Toru Kumaトルくま,Independent,FIRST_OBSERVED,2021-02-28,2021,INFERRED_PROXY,INFERRED_PROXY,INFERRED_PROXY,CATALOG_TIMESTAMP_PROXY,channel_coverage.parquet:oldest_video_published_at=2021-02-28 17:21:17+00:00,2026-09-09T05:30:40.708062+00:00,Earliest cataloged public video upload in research dataset (2021-02-28 17:21:17+00:00). Not verified debut stream.
evt_first_observed_UCatSdbBdn_20200317,UCatSdbBdnsXgFpCyhJ7jYGg,Darin V,Independent,FIRST_OBSERVED,2020-03-17,2020,INFERRED_PROXY,INFERRED_PROXY,INFERRED_PROXY,CATALOG_TIMESTAMP_PROXY,channel_coverage.parquet:oldest_video_published_at=2020-03-17 09:00:02+00:00,2026-09-09T05:30:40.708062+00:00,Earliest cataloged public video upload in research dataset (2020-03-17 09:00:02+00:00). Not verified debut stream.
evt_first_observed_UCcRaKGCG3_20201104,UCcRaKGCG3RFenb8D2php_Jw,Pixela Official,Pixela Project,FIRST_OBSERVED,2020-11-04,2020,INFERRED_PROXY,INFERRED_PROXY,INFERRED_PROXY,CATALOG_TIMESTAMP_PROXY,channel_coverage.parquet:oldest_video_published_at=2020-11-04 04:56:30+00:00,2026-09-09T05:30:40.708062+00:00,Earliest cataloged public video upload in research dataset (2020-11-04 04:56:30+00:00). Not verified debut stream.
evt_first_observed_UCY3reV-jw_20070209,UCY3reV-jwagniwcghy1B4VA,Nicca Ch.,Independent,FIRST_OBSERVED,2007-02-09,2007,INFERRED_PROXY,INFERRED_PROXY,INFERRED_PROXY,CATALOG_TIMESTAMP_PROXY,channel_coverage.parquet:oldest_video_published_at=2007-02-09 08:08:49+00:00,2026-09-09T05:30:40.708062+00:00,Earliest cataloged public video upload in research dataset (2007-02-09 08:08:49+00:00). Not verified debut stream.
evt_hiatus_observed_proxy_UCY3reV-jw_20250326,UCY3reV-jwagniwcghy1B4VA,Nicca Ch.,Independent,HIATUS_OBSERVED_PROXY,2025-03-26,2025,INFERRED_PROXY,INFERRED_PROXY,INFERRED_PROXY,REGISTRY_INACTIVITY_PROXY,thai_vtuber_registry.json:last_video_published_at=2025-03-26T10:08:26+00:00,2026-09-09T05:30:40.708062+00:00,Observed hiatus boundary based on last public activity recorded on 2025-03-26 (>180d inactive).
evt_first_observed_UCmg0gZHGn_20211025,UCmg0gZHGn-zuq1JnYPB_EjQ,TEENIE | WISLIVE,Independent,FIRST_OBSERVED,2021-10-25,2021,INFERRED_PROXY,INFERRED_PROXY,INFERRED_PROXY,CATALOG_TIMESTAMP_PROXY,channel_coverage.parquet:oldest_video_published_at=2021-10-25 10:44:32+00:00,2026-09-09T05:30:40.708062+00:00,Earliest cataloged public video upload in research dataset (2021-10-25 10:44:32+00:00). Not verified debut stream.
evt_hiatus_observed_proxy_UCmg0gZHGn_20241103,UCmg0gZHGn-zuq1JnYPB_EjQ,TEENIE | WISLIVE,Independent,HIATUS_OBSERVED_PROXY,2024-11-03,2024,INFERRED_PROXY,INFERRED_PROXY,INFERRED_PROXY,REGISTRY_INACTIVITY_PROXY,thai_vtuber_registry.json:last_video_published_at=2024-11-03T14:24:47+00:00,2026-09-09T05:30:40.708062+00:00,Observed hiatus boundary based on last public activity recorded on 2024-11-03 (>180d inactive).
evt_first_observed_UCbeaB9MoD_20190823,UCbeaB9MoD9IyXqBshyQuNRQ,Nerumi-s,Independent,FIRST_OBSERVED,2019-08-23,2019,INFERRED_PROXY,INFERRED_PROXY,INFERRED_PROXY,CATALOG_TIMESTAMP_PROXY,channel_coverage.parquet:oldest_video_published_at=2019-08-23 21:57:42+00:00,2026-09-09T05:30:40.708062+00:00,Earliest cataloged public video upload in research dataset (2019-08-23 21:57:42+00:00). Not verified debut stream.
evt_first_observed_UCxsvotVZG_20230418,UCxsvotVZGKCimeSlzK9bSzA,deksammy,Independent,FIRST_OBSERVED,2023-04-18,2023,INFERRED_PROXY,INFERRED_PROXY,INFERRED_PROXY,CATALOG_TIMESTAMP_PROXY,channel_coverage.parquet:oldest_video_published_at=2023-04-18 02:26:38+00:00,2026-09-09T05:30:40.708062+00:00,Earliest cataloged public video upload in research dataset (2023-04-18 02:26:38+00:00). Not verified debut stream.
evt_first_observed_UCx1g_QQFa_20230530,UCx1g_QQFax29m6z1UXLTI3g,Fiatake,Independent,FIRST_OBSERVED,2023-05-30,2023,INFERRED_PROXY,INFERRED_PROXY,INFERRED_PROXY,CATALOG_TIMESTAMP_PROXY,channel_coverage.parquet:oldest_video_published_at=2023-05-30 10:22:06+00:00,2026-09-09T05:30:40.708062+00:00,Earliest cataloged public video upload in research dataset (2023-05-30 10:22:06+00:00). Not verified debut stream.
evt_first_observed_UCGc2qf0Pk_20211229,UCGc2qf0Pkl7RyvqTyyP_o9w,MiYuu43 ch. みゆ,Independent,FIRST_OBSERVED,2021-12-29,2021,INFERRED_PROXY,INFERRED_PROXY,INFERRED_PROXY,CATALOG_TIMESTAMP_PROXY,channel_coverage.parquet:oldest_video_published_at=2021-12-29 19:08:59+00:00,2026-09-09T05:30:40.708062+00:00,Earliest cataloged public video upload in research dataset (2021-12-29 19:08:59+00:00). Not verified debut stream.
evt_first_observed_UCTRQ7X-nx_20240609,UCTRQ7X-nxix3gjjXUb6ylvA,Ginnique Ch.【ARP】,Algorhythm Project,FIRST_OBSERVED,2024-06-09,2024,INFERRED_PROXY,INFERRED_PROXY,INFERRED_PROXY,CATALOG_TIMESTAMP_PROXY,channel_coverage.parquet:oldest_video_published_at=2024-06-09 11:12:04+00:00,2026-09-09T05:30:40.708062+00:00,Earliest cataloged public video upload in research dataset (2024-06-09 11:12:04+00:00). Not verified debut stream.
evt_first_observed_UCfiD6DpIw_20210904,UCfiD6DpIwPP4lQ4NPqZNOHg,Solar Ch.【ARP】,Algorhythm Project,FIRST_OBSERVED,2021-09-04,2021,INFERRED_PROXY,INFERRED_PROXY,INFERRED_PROXY,CATALOG_TIMESTAMP_PROXY,channel_coverage.parquet:oldest_video_published_at=2021-09-04 12:37:36+00:00,2026-09-09T05:30:40.708062+00:00,Earliest cataloged public video upload in research dataset (2021-09-04 12:37:36+00:00). Not verified debut stream.
evt_first_observed_UCikyhPyuE_20220125,UCikyhPyuEu3rn1izGOGxZcg,Aranis Elvene Ch. Pixela-Isekai,Pixela Project,FIRST_OBSERVED,2022-01-25,2022,INFERRED_PROXY,INFERRED_PROXY,INFERRED_PROXY,CATALOG_TIMESTAMP_PROXY,channel_coverage.parquet:oldest_video_published_at=2022-01-25 15:25:32+00:00,2026-09-09T05:30:40.708062+00:00,Earliest cataloged public video upload in research dataset (2022-01-25 15:25:32+00:00). Not verified debut stream.
evt_first_observed_UCUaWCz3UX_20250111,UCUaWCz3UX9XNdA97qPHuAYg,MamiMumei,Independent,FIRST_OBSERVED,2025-01-11,2025,INFERRED_PROXY,INFERRED_PROXY,INFERRED_PROXY,CATALOG_TIMESTAMP_PROXY,channel_coverage.parquet:oldest_video_published_at=2025-01-11 05:00:25+00:00,2026-09-09T05:30:40.708062+00:00,Earliest cataloged public video upload in research dataset (2025-01-11 05:00:25+00:00). Not verified debut stream.
evt_first_observed_UCx5NsY_dU_20231221,UCx5NsY_dUUU2NHK2P8u10xQ,Ngerntong-เงินทอง,Independent,FIRST_OBSERVED,2023-12-21,2023,INFERRED_PROXY,INFERRED_PROXY,INFERRED_PROXY,CATALOG_TIMESTAMP_PROXY,channel_coverage.parquet:oldest_video_published_at=2023-12-21 02:54:06+00:00,2026-09-09T05:30:40.708062+00:00,Earliest cataloged public video upload in research dataset (2023-12-21 02:54:06+00:00). Not verified debut stream.
evt_debut_UCC5q6CpuD_20201002,UCC5q6CpuDflPvO7pNn52RGQ,Lapine Ch.,Independent,DEBUT,2020-10-02,2020,SECONDARY_DOCUMENTED,SECONDARY_DOCUMENTED,SECONDARY_DOCUMENTED,EXTERNAL_WIKI_AND_YOUTUBE,https://virtualyoutuber.fandom.com/wiki/Lapine,2026-09-09T05:30:40.708062+00:00,Debuted on 2020-10-02 as member of Polygon Project 1st Gen (POLAR1SS).
evt_first_observed_UCNDYUXSVC_20230505,UCNDYUXSVC7ffBAGEktilzUQ,Hanami Lay CH.,Independent,FIRST_OBSERVED,2023-05-05,2023,INFERRED_PROXY,INFERRED_PROXY,INFERRED_PROXY,CATALOG_TIMESTAMP_PROXY,channel_coverage.parquet:oldest_video_published_at=2023-05-05 12:29:53+00:00,2026-09-09T05:30:40.708062+00:00,Earliest cataloged public video upload in research dataset (2023-05-05 12:29:53+00:00). Not verified debut stream.
evt_first_observed_UC1W2400L9_20210321,UC1W2400L97Bwe2leu7eXEzA,Khaojao,Independent,FIRST_OBSERVED,2021-03-21,2021,INFERRED_PROXY,INFERRED_PROXY,INFERRED_PROXY,CATALOG_TIMESTAMP_PROXY,channel_coverage.parquet:oldest_video_published_at=2021-03-21 02:12:01+00:00,2026-09-09T05:30:40.708062+00:00,Earliest cataloged public video upload in research dataset (2021-03-21 02:12:01+00:00). Not verified debut stream.
evt_first_observed_UCjr1VnM1L_20200816,UCjr1VnM1LBRp9Ez2JGNndaA,Aosora Popo Ch.,Independent,FIRST_OBSERVED,2020-08-16,2020,INFERRED_PROXY,INFERRED_PROXY,INFERRED_PROXY,CATALOG_TIMESTAMP_PROXY,channel_coverage.parquet:oldest_video_published_at=2020-08-16 15:00:11+00:00,2026-09-09T05:30:40.708062+00:00,Earliest cataloged public video upload in research dataset (2020-08-16 15:00:11+00:00). Not verified debut stream.
evt_first_observed_UCxfx5Buds_20190908,UCxfx5BudsoFOV-TLl0RdFNw,ChaoPlaThong,Independent,FIRST_OBSERVED,2019-09-08,2019,INFERRED_PROXY,INFERRED_PROXY,INFERRED_PROXY,CATALOG_TIMESTAMP_PROXY,channel_coverage.parquet:oldest_video_published_at=2019-09-08 15:50:43+00:00,2026-09-09T05:30:40.708062+00:00,Earliest cataloged public video upload in research dataset (2019-09-08 15:50:43+00:00). Not verified debut stream.
evt_first_observed_UCTD-nm97t_20231111,UCTD-nm97tb5Sh7_ou7LFSUQ,Euthalia Zéphyr Ch. Pixela Destiny,Pixela Project,FIRST_OBSERVED,2023-11-11,2023,INFERRED_PROXY,INFERRED_PROXY,INFERRED_PROXY,CATALOG_TIMESTAMP_PROXY,channel_coverage.parquet:oldest_video_published_at=2023-11-11 10:08:09+00:00,2026-09-09T05:30:40.708062+00:00,Earliest cataloged public video upload in research dataset (2023-11-11 10:08:09+00:00). Not verified debut stream.
evt_hiatus_observed_proxy_UCTD-nm97t_20250411,UCTD-nm97tb5Sh7_ou7LFSUQ,Euthalia Zéphyr Ch. Pixela Destiny,Pixela Project,HIATUS_OBSERVED_PROXY,2025-04-11,2025,INFERRED_PROXY,INFERRED_PROXY,INFERRED_PROXY,REGISTRY_INACTIVITY_PROXY,thai_vtuber_registry.json:last_video_published_at=2025-04-11T11:00:07+00:00,2026-09-09T05:30:40.708062+00:00,Observed hiatus boundary based on last public activity recorded on 2025-04-11 (>180d inactive).
evt_first_observed_UC6kddWCoJ_20190115,UC6kddWCoJL4IneTbHRFnViQ,Shin Inbox,Independent,FIRST_OBSERVED,2019-01-15,2019,INFERRED_PROXY,INFERRED_PROXY,INFERRED_PROXY,CATALOG_TIMESTAMP_PROXY,channel_coverage.parquet:oldest_video_published_at=2019-01-15 08:00:09+00:00,2026-09-09T05:30:40.708062+00:00,Earliest cataloged public video upload in research dataset (2019-01-15 08:00:09+00:00). Not verified debut stream.
evt_hiatus_observed_proxy_UC6kddWCoJ_20251106,UC6kddWCoJL4IneTbHRFnViQ,Shin Inbox,Independent,HIATUS_OBSERVED_PROXY,2025-11-06,2025,INFERRED_PROXY,INFERRED_PROXY,INFERRED_PROXY,REGISTRY_INACTIVITY_PROXY,thai_vtuber_registry.json:last_video_published_at=2025-11-06T08:00:50+00:00,2026-09-09T05:30:40.708062+00:00,Observed hiatus boundary based on last public activity recorded on 2025-11-06 (>180d inactive).
evt_debut_UCkEcY4RbL_20220125,UCkEcY4RbLYs2AF45nhkyjtw,Jolly Estaa Ch. Pixela-Isekai,Pixela Project,DEBUT,2022-01-25,2022,SECONDARY_DOCUMENTED,SECONDARY_DOCUMENTED,SECONDARY_DOCUMENTED,EXTERNAL_WIKI_AND_YOUTUBE,https://virtualyoutuber.fandom.com/wiki/Jolly_Estaa,2026-09-09T05:30:40.708062+00:00,Debuted on 2022-01-25 as member of Pixela Legends.
evt_first_observed_UCGtjAVYcn_20241123,UCGtjAVYcncs1AJ5hQY0gASQ,KAMAI,Independent,FIRST_OBSERVED,2024-11-23,2024,INFERRED_PROXY,INFERRED_PROXY,INFERRED_PROXY,CATALOG_TIMESTAMP_PROXY,channel_coverage.parquet:oldest_video_published_at=2024-11-23 05:00:22+00:00,2026-09-09T05:30:40.708062+00:00,Earliest cataloged public video upload in research dataset (2024-11-23 05:00:22+00:00). Not verified debut stream.
evt_first_observed_UCRNJOb6iR_20190430,UCRNJOb6iROvOKqWiB9H1lBg,JayVounter,Independent,FIRST_OBSERVED,2019-04-30,2019,INFERRED_PROXY,INFERRED_PROXY,INFERRED_PROXY,CATALOG_TIMESTAMP_PROXY,channel_coverage.parquet:oldest_video_published_at=2019-04-30 13:00:17+00:00,2026-09-09T05:30:40.708062+00:00,Earliest cataloged public video upload in research dataset (2019-04-30 13:00:17+00:00). Not verified debut stream.
evt_first_observed_UCO6R8Pc5g_20220220,UCO6R8Pc5g2R7ObJQPBGppdg,Baku Ch.【ARP】,Algorhythm Project,FIRST_OBSERVED,2022-02-20,2022,INFERRED_PROXY,INFERRED_PROXY,INFERRED_PROXY,CATALOG_TIMESTAMP_PROXY,channel_coverage.parquet:oldest_video_published_at=2022-02-20 13:39:42+00:00,2026-09-09T05:30:40.708062+00:00,Earliest cataloged public video upload in research dataset (2022-02-20 13:39:42+00:00). Not verified debut stream.
evt_first_observed_UCVhHSmzes_20250114,UCVhHSmzes15AABN5pKcq7bQ,พรี่โอม Omoro & คุณนายกระต่าย BunBun,Independent,FIRST_OBSERVED,2025-01-14,2025,INFERRED_PROXY,INFERRED_PROXY,INFERRED_PROXY,CATALOG_TIMESTAMP_PROXY,channel_coverage.parquet:oldest_video_published_at=2025-01-14 14:49:55+00:00,2026-09-09T05:30:40.708062+00:00,Earliest cataloged public video upload in research dataset (2025-01-14 14:49:55+00:00). Not verified debut stream.
evt_debut_UCVAsOHcLL_20220125,UCVAsOHcLLGVQq6aOpesOwBQ,Hanabi Lafy Ch. Pixela-Isekai,Pixela Project,DEBUT,2022-01-25,2022,SECONDARY_DOCUMENTED,SECONDARY_DOCUMENTED,SECONDARY_DOCUMENTED,EXTERNAL_WIKI_AND_YOUTUBE,https://virtualyoutuber.fandom.com/wiki/Hanabi_Lafy,2026-09-09T05:30:40.708062+00:00,Debuted on 2022-01-25 as member of Pixela Legends.
evt_graduation_UCQs4BC3S0_20250402,UCQs4BC3S0KSw7i0ggHXn8TA,Quentin Ch.【ARP】,Algorhythm Project,GRADUATION,2025-04-02,2025,PRIMARY_EVENT_SPECIFIC,PRIMARY_OFFICIAL_ANNOUNCEMENT,PRIMARY_EVENT_SPECIFIC,OFFICIAL_AGENCY_ANNOUNCEMENT,https://x.com/ARP_Vtuber/status/1897988102767231056,2026-09-09T05:30:40.708062+00:00,Official graduation from Algorhythm Project on 2025-04-02.
evt_first_observed_UCQs4BC3S0_20240609,UCQs4BC3S0KSw7i0ggHXn8TA,Quentin Ch.【ARP】,Algorhythm Project,FIRST_OBSERVED,2024-06-09,2024,INFERRED_PROXY,INFERRED_PROXY,INFERRED_PROXY,CATALOG_TIMESTAMP_PROXY,channel_coverage.parquet:oldest_video_published_at=2024-06-09 10:07:25+00:00,2026-09-09T05:30:40.708062+00:00,Earliest cataloged public video upload in research dataset (2024-06-09 10:07:25+00:00). Not verified debut stream.
evt_first_observed_UC-1J1TwDC_20220101,UC-1J1TwDCLKe2p4HVchqGiw,Mosant Ch.,Independent,FIRST_OBSERVED,2022-01-01,2022,INFERRED_PROXY,INFERRED_PROXY,INFERRED_PROXY,CATALOG_TIMESTAMP_PROXY,channel_coverage.parquet:oldest_video_published_at=2022-01-01 02:00:22+00:00,2026-09-09T05:30:40.708062+00:00,Earliest cataloged public video upload in research dataset (2022-01-01 02:00:22+00:00). Not verified debut stream.
evt_first_observed_UCS9vgAEQS_20230806,UCS9vgAEQSQDhgTRIskKA2tA,Ark Ch.【ARP】,Algorhythm Project,FIRST_OBSERVED,2023-08-06,2023,INFERRED_PROXY,INFERRED_PROXY,INFERRED_PROXY,CATALOG_TIMESTAMP_PROXY,channel_coverage.parquet:oldest_video_published_at=2023-08-06 12:04:15+00:00,2026-09-09T05:30:40.708062+00:00,Earliest cataloged public video upload in research dataset (2023-08-06 12:04:15+00:00). Not verified debut stream.
evt_first_observed_UCZYTMrnVm_20240515,UCZYTMrnVmu1iUVyGeqB6zJQ,T-Reina Ashyra Ch. Lumina-World-End,Lumina Live,FIRST_OBSERVED,2024-05-15,2024,INFERRED_PROXY,INFERRED_PROXY,INFERRED_PROXY,CATALOG_TIMESTAMP_PROXY,channel_coverage.parquet:oldest_video_published_at=2024-05-15 08:00:09+00:00,2026-09-09T05:30:40.708062+00:00,Earliest cataloged public video upload in research dataset (2024-05-15 08:00:09+00:00). Not verified debut stream.
evt_first_observed_UCjrs5Sse4_20240501,UCjrs5Sse402rafaOP-k37Xw,Sisira Hydrangea Ch. Pixela S,Pixela Project,FIRST_OBSERVED,2024-05-01,2024,INFERRED_PROXY,INFERRED_PROXY,INFERRED_PROXY,CATALOG_TIMESTAMP_PROXY,channel_coverage.parquet:oldest_video_published_at=2024-05-01 12:27:06+00:00,2026-09-09T05:30:40.708062+00:00,Earliest cataloged public video upload in research dataset (2024-05-01 12:27:06+00:00). Not verified debut stream.
evt_first_observed_UCIMFIkXOG_20221215,UCIMFIkXOGA7dWA903WdRKKg,Nezumi Elze Ch. Pixela Legends,Pixela Project,FIRST_OBSERVED,2022-12-15,2022,INFERRED_PROXY,INFERRED_PROXY,INFERRED_PROXY,CATALOG_TIMESTAMP_PROXY,channel_coverage.parquet:oldest_video_published_at=2022-12-15 12:11:10+00:00,2026-09-09T05:30:40.708062+00:00,Earliest cataloged public video upload in research dataset (2022-12-15 12:11:10+00:00). Not verified debut stream.
evt_debut_UCRG5fX1v4_20201020,UCRG5fX1v4b-3sUyKfAAtxxA,Luxia Ch.,Independent,DEBUT,2020-10-20,2020,SECONDARY_DOCUMENTED,SECONDARY_DOCUMENTED,SECONDARY_DOCUMENTED,EXTERNAL_WIKI_AND_YOUTUBE,https://virtualyoutuber.fandom.com/wiki/Luxia,2026-09-09T05:30:40.708062+00:00,Debuted on 2020-10-20 as member of Polygon Project 1st Gen (POLAR1SS).
evt_first_observed_UCGo7fnmWf_20240329,UCGo7fnmWfGQewxZVDmC3iJQ,Xonebu X'thulhu Ch. Lumina-World-End,Lumina Live,FIRST_OBSERVED,2024-03-29,2024,INFERRED_PROXY,INFERRED_PROXY,INFERRED_PROXY,CATALOG_TIMESTAMP_PROXY,channel_coverage.parquet:oldest_video_published_at=2024-03-29 09:52:48+00:00,2026-09-09T05:30:40.708062+00:00,Earliest cataloged public video upload in research dataset (2024-03-29 09:52:48+00:00). Not verified debut stream.
evt_debut_UCbEkHjG43_20211105,UCbEkHjG43yPMGq5W08jq1TQ,ChaAYM,Independent,DEBUT,2021-11-05,2021,SECONDARY_DOCUMENTED,SECONDARY_DOCUMENTED,SECONDARY_DOCUMENTED,EXTERNAL_WIKI_AND_YOUTUBE,https://virtualyoutuber.fandom.com/wiki/ChaAYM,2026-09-09T05:30:40.708062+00:00,Debuted on 2021-11-05 as independent Thai VTuber.
evt_first_observed_UCEk6QSUJh_20210201,UCEk6QSUJhVf56A_VznMpKpg,PeachiView,Independent,FIRST_OBSERVED,2021-02-01,2021,INFERRED_PROXY,INFERRED_PROXY,INFERRED_PROXY,CATALOG_TIMESTAMP_PROXY,channel_coverage.parquet:oldest_video_published_at=2021-02-01 00:00:01+00:00,2026-09-09T05:30:40.708062+00:00,Earliest cataloged public video upload in research dataset (2021-02-01 00:00:01+00:00). Not verified debut stream.
evt_hiatus_observed_proxy_UCEk6QSUJh_20220114,UCEk6QSUJhVf56A_VznMpKpg,PeachiView,Independent,HIATUS_OBSERVED_PROXY,2022-01-14,2022,INFERRED_PROXY,INFERRED_PROXY,INFERRED_PROXY,REGISTRY_INACTIVITY_PROXY,thai_vtuber_registry.json:last_video_published_at=2022-01-14T08:00:23+00:00,2026-09-09T05:30:40.708062+00:00,Observed hiatus boundary based on last public activity recorded on 2022-01-14 (>180d inactive).
evt_first_observed_UCxLMvBlry_20240203,UCxLMvBlryxSsteqI9L8RmZg,NEBUEL | VTUBER,Independent,FIRST_OBSERVED,2024-02-03,2024,INFERRED_PROXY,INFERRED_PROXY,INFERRED_PROXY,CATALOG_TIMESTAMP_PROXY,channel_coverage.parquet:oldest_video_published_at=2024-02-03 09:37:57+00:00,2026-09-09T05:30:40.708062+00:00,Earliest cataloged public video upload in research dataset (2024-02-03 09:37:57+00:00). Not verified debut stream.
evt_hiatus_observed_proxy_UCxLMvBlry_20260203,UCxLMvBlryxSsteqI9L8RmZg,NEBUEL | VTUBER,Independent,HIATUS_OBSERVED_PROXY,2026-02-03,2026,INFERRED_PROXY,INFERRED_PROXY,INFERRED_PROXY,REGISTRY_INACTIVITY_PROXY,thai_vtuber_registry.json:last_video_published_at=2026-02-03T22:19:51+00:00,2026-09-09T05:30:40.708062+00:00,Observed hiatus boundary based on last public activity recorded on 2026-02-03 (>180d inactive).
evt_first_observed_UC8lQ60XP8_20200720,UC8lQ60XP8szvj0GHwxYUS2Q,Kyomu Ch.,Independent,FIRST_OBSERVED,2020-07-20,2020,INFERRED_PROXY,INFERRED_PROXY,INFERRED_PROXY,CATALOG_TIMESTAMP_PROXY,channel_coverage.parquet:oldest_video_published_at=2020-07-20 16:23:46+00:00,2026-09-09T05:30:40.708062+00:00,Earliest cataloged public video upload in research dataset (2020-07-20 16:23:46+00:00). Not verified debut stream.
evt_first_observed_UCgnavpGZU_20220219,UCgnavpGZUMzWODQB_daHZbQ,Listen Ch.【ARP】,Algorhythm Project,FIRST_OBSERVED,2022-02-19,2022,INFERRED_PROXY,INFERRED_PROXY,INFERRED_PROXY,CATALOG_TIMESTAMP_PROXY,channel_coverage.parquet:oldest_video_published_at=2022-02-19 13:36:49+00:00,2026-09-09T05:30:40.708062+00:00,Earliest cataloged public video upload in research dataset (2022-02-19 13:36:49+00:00). Not verified debut stream.
evt_first_observed_UCpMuWBxMa_20230712,UCpMuWBxMa6ttNgtylPTn3Hg,Nergal Near Ch.,Independent,FIRST_OBSERVED,2023-07-12,2023,INFERRED_PROXY,INFERRED_PROXY,INFERRED_PROXY,CATALOG_TIMESTAMP_PROXY,channel_coverage.parquet:oldest_video_published_at=2023-07-12 08:28:10+00:00,2026-09-09T05:30:40.708062+00:00,Earliest cataloged public video upload in research dataset (2023-07-12 08:28:10+00:00). Not verified debut stream.
evt_first_observed_UCGbMin84x_20250703,UCGbMin84xisO1Yuq_guVlFA,NUTTY ROZE,Independent,FIRST_OBSERVED,2025-07-03,2025,INFERRED_PROXY,INFERRED_PROXY,INFERRED_PROXY,CATALOG_TIMESTAMP_PROXY,channel_coverage.parquet:oldest_video_published_at=2025-07-03 13:06:23+00:00,2026-09-09T05:30:40.708062+00:00,Earliest cataloged public video upload in research dataset (2025-07-03 13:06:23+00:00). Not verified debut stream.
evt_hiatus_observed_proxy_UCGbMin84x_20260122,UCGbMin84xisO1Yuq_guVlFA,NUTTY ROZE,Independent,HIATUS_OBSERVED_PROXY,2026-01-22,2026,INFERRED_PROXY,INFERRED_PROXY,INFERRED_PROXY,REGISTRY_INACTIVITY_PROXY,thai_vtuber_registry.json:last_video_published_at=2026-01-22T02:08:42+00:00,2026-09-09T05:30:40.708062+00:00,Observed hiatus boundary based on last public activity recorded on 2026-01-22 (>180d inactive).
evt_first_observed_UCOMnre_EA_20240908,UCOMnre_EA7EoOVQEkBwWKRA,Mabelle.a,Independent,FIRST_OBSERVED,2024-09-08,2024,INFERRED_PROXY,INFERRED_PROXY,INFERRED_PROXY,CATALOG_TIMESTAMP_PROXY,channel_coverage.parquet:oldest_video_published_at=2024-09-08 03:00:14+00:00,2026-09-09T05:30:40.708062+00:00,Earliest cataloged public video upload in research dataset (2024-09-08 03:00:14+00:00). Not verified debut stream.
evt_first_observed_UCjQxLH9yq_20181212,UCjQxLH9yqYXowVtH7a-6L-Q,MikuRu-0 Project,Independent,FIRST_OBSERVED,2018-12-12,2018,INFERRED_PROXY,INFERRED_PROXY,INFERRED_PROXY,CATALOG_TIMESTAMP_PROXY,channel_coverage.parquet:oldest_video_published_at=2018-12-12 19:35:54+00:00,2026-09-09T05:30:40.708062+00:00,Earliest cataloged public video upload in research dataset (2018-12-12 19:35:54+00:00). Not verified debut stream.
evt_first_observed_UCGAtHjeWW_20210905,UCGAtHjeWWgyWboVQ33ZQX6Q,Zenith Ch.【ARP】,Algorhythm Project,FIRST_OBSERVED,2021-09-05,2021,INFERRED_PROXY,INFERRED_PROXY,INFERRED_PROXY,CATALOG_TIMESTAMP_PROXY,channel_coverage.parquet:oldest_video_published_at=2021-09-05 14:02:23+00:00,2026-09-09T05:30:40.708062+00:00,Earliest cataloged public video upload in research dataset (2021-09-05 14:02:23+00:00). Not verified debut stream.
evt_first_observed_UCapmEuEA__20210626,UCapmEuEA_aL81YaihYO27vQ,Tsuku CH.,Independent,FIRST_OBSERVED,2021-06-26,2021,INFERRED_PROXY,INFERRED_PROXY,INFERRED_PROXY,CATALOG_TIMESTAMP_PROXY,channel_coverage.parquet:oldest_video_published_at=2021-06-26 02:25:44+00:00,2026-09-09T05:30:40.708062+00:00,Earliest cataloged public video upload in research dataset (2021-06-26 02:25:44+00:00). Not verified debut stream.
evt_hiatus_observed_proxy_UCapmEuEA__20220118,UCapmEuEA_aL81YaihYO27vQ,Tsuku CH.,Independent,HIATUS_OBSERVED_PROXY,2022-01-18,2022,INFERRED_PROXY,INFERRED_PROXY,INFERRED_PROXY,REGISTRY_INACTIVITY_PROXY,thai_vtuber_registry.json:last_video_published_at=2022-01-18T22:03:18+00:00,2026-09-09T05:30:40.708062+00:00,Observed hiatus boundary based on last public activity recorded on 2022-01-18 (>180d inactive).
evt_first_observed_UCrsyP6H1F_20220505,UCrsyP6H1Ftqt503xKE7_CUg,Akemi Arlin Ch. Pixela Legends,Pixela Project,FIRST_OBSERVED,2022-05-05,2022,INFERRED_PROXY,INFERRED_PROXY,INFERRED_PROXY,CATALOG_TIMESTAMP_PROXY,channel_coverage.parquet:oldest_video_published_at=2022-05-05 08:29:28+00:00,2026-09-09T05:30:40.708062+00:00,Earliest cataloged public video upload in research dataset (2022-05-05 08:29:28+00:00). Not verified debut stream.
evt_first_observed_UC64_YFnoP_20210128,UC64_YFnoPvaGUSv4fpozr1w,MONARICA,Independent,FIRST_OBSERVED,2021-01-28,2021,INFERRED_PROXY,INFERRED_PROXY,INFERRED_PROXY,CATALOG_TIMESTAMP_PROXY,channel_coverage.parquet:oldest_video_published_at=2021-01-28 17:07:04+00:00,2026-09-09T05:30:40.708062+00:00,Earliest cataloged public video upload in research dataset (2021-01-28 17:07:04+00:00). Not verified debut stream.
evt_first_observed_UC2eai5wae_20230522,UC2eai5waelgobAHgp20DEYg,Ardalita Lilibelle Ch. Lumina-First-Myth,Lumina Live,FIRST_OBSERVED,2023-05-22,2023,INFERRED_PROXY,INFERRED_PROXY,INFERRED_PROXY,CATALOG_TIMESTAMP_PROXY,channel_coverage.parquet:oldest_video_published_at=2023-05-22 10:24:37+00:00,2026-09-09T05:30:40.708062+00:00,Earliest cataloged public video upload in research dataset (2023-05-22 10:24:37+00:00). Not verified debut stream.
evt_first_observed_UC4x2o7dyx_20230806,UC4x2o7dyxOqFLoA9NKxf0Iw,Ivy Ch.【ARP】,Algorhythm Project,FIRST_OBSERVED,2023-08-06,2023,INFERRED_PROXY,INFERRED_PROXY,INFERRED_PROXY,CATALOG_TIMESTAMP_PROXY,channel_coverage.parquet:oldest_video_published_at=2023-08-06 11:14:20+00:00,2026-09-09T05:30:40.708062+00:00,Earliest cataloged public video upload in research dataset (2023-08-06 11:14:20+00:00). Not verified debut stream.
evt_graduation_UCJdXesaZY_20250404,UCJdXesaZYrQVSjhlYhme8rQ,Ayna Ch.【ARP】,Algorhythm Project,GRADUATION,2025-04-04,2025,PRIMARY_EVENT_SPECIFIC,PRIMARY_OFFICIAL_ANNOUNCEMENT,PRIMARY_EVENT_SPECIFIC,OFFICIAL_AGENCY_ANNOUNCEMENT,https://x.com/ARP_Vtuber/status/1897988102767231056,2026-09-09T05:30:40.708062+00:00,Official graduation from Algorhythm Project on 2025-04-04.
evt_first_observed_UCJdXesaZY_20220218,UCJdXesaZYrQVSjhlYhme8rQ,Ayna Ch.【ARP】,Algorhythm Project,FIRST_OBSERVED,2022-02-18,2022,INFERRED_PROXY,INFERRED_PROXY,INFERRED_PROXY,CATALOG_TIMESTAMP_PROXY,channel_coverage.parquet:oldest_video_published_at=2022-02-18 13:44:55+00:00,2026-09-09T05:30:40.708062+00:00,Earliest cataloged public video upload in research dataset (2022-02-18 13:44:55+00:00). Not verified debut stream.
evt_first_observed_UCgq-rIElY_20230517,UCgq-rIElYiBFQnxgMnkojwg,Padzang Channel,Independent,FIRST_OBSERVED,2023-05-17,2023,INFERRED_PROXY,INFERRED_PROXY,INFERRED_PROXY,CATALOG_TIMESTAMP_PROXY,channel_coverage.parquet:oldest_video_published_at=2023-05-17 12:00:43+00:00,2026-09-09T05:30:40.708062+00:00,Earliest cataloged public video upload in research dataset (2023-05-17 12:00:43+00:00). Not verified debut stream.
evt_graduation_UCOVpD7Mes_20260130,UCOVpD7MesZKe44ZvLVuwXvA,Asteroth Ch.【ARP】,Algorhythm Project,GRADUATION,2026-01-30,2026,PRIMARY_EVENT_SPECIFIC,PRIMARY_OFFICIAL_ANNOUNCEMENT,PRIMARY_EVENT_SPECIFIC,OFFICIAL_AGENCY_ANNOUNCEMENT,https://x.com/ARP_Vtuber/status/2016858872414412856,2026-09-09T05:30:40.708062+00:00,Official retirement from Algorhythm Project on 2026-01-30.
evt_first_observed_UCOVpD7Mes_20210401,UCOVpD7MesZKe44ZvLVuwXvA,Asteroth Ch.【ARP】,Algorhythm Project,FIRST_OBSERVED,2021-04-01,2021,INFERRED_PROXY,INFERRED_PROXY,INFERRED_PROXY,CATALOG_TIMESTAMP_PROXY,channel_coverage.parquet:oldest_video_published_at=2021-04-01 12:34:09+00:00,2026-09-09T05:30:40.708062+00:00,Earliest cataloged public video upload in research dataset (2021-04-01 12:34:09+00:00). Not verified debut stream.
evt_first_observed_UCXkoAHy8r_20240609,UCXkoAHy8rg9tryYsD61IXOg,Morr Ch.【ARP】,Algorhythm Project,FIRST_OBSERVED,2024-06-09,2024,INFERRED_PROXY,INFERRED_PROXY,INFERRED_PROXY,CATALOG_TIMESTAMP_PROXY,channel_coverage.parquet:oldest_video_published_at=2024-06-09 12:03:29+00:00,2026-09-09T05:30:40.708062+00:00,Earliest cataloged public video upload in research dataset (2024-06-09 12:03:29+00:00). Not verified debut stream.
evt_first_observed_UCEZl6aWM__20230203,UCEZl6aWM_c93GHtB12UfxNA,SICXERZ : CORE Ch.,Independent,FIRST_OBSERVED,2023-02-03,2023,INFERRED_PROXY,INFERRED_PROXY,INFERRED_PROXY,CATALOG_TIMESTAMP_PROXY,channel_coverage.parquet:oldest_video_published_at=2023-02-03 06:45:58+00:00,2026-09-09T05:30:40.708062+00:00,Earliest cataloged public video upload in research dataset (2023-02-03 06:45:58+00:00). Not verified debut stream.
evt_first_observed_UC6lZLAOgS_20230608,UC6lZLAOgSYgJ6ZkW2ZTI75Q,Effy Ch.【ARP】,Algorhythm Project,FIRST_OBSERVED,2023-06-08,2023,INFERRED_PROXY,INFERRED_PROXY,INFERRED_PROXY,CATALOG_TIMESTAMP_PROXY,channel_coverage.parquet:oldest_video_published_at=2023-06-08 15:29:15+00:00,2026-09-09T05:30:40.708062+00:00,Earliest cataloged public video upload in research dataset (2023-06-08 15:29:15+00:00). Not verified debut stream.
evt_first_observed_UCSOxauTBY_20191001,UCSOxauTBY7eKbUnQ86W708Q,Supeacha ⌜VZ⌟,Virtual Zeven (VZ),FIRST_OBSERVED,2019-10-01,2019,INFERRED_PROXY,INFERRED_PROXY,INFERRED_PROXY,CATALOG_TIMESTAMP_PROXY,channel_coverage.parquet:oldest_video_published_at=2019-10-01 12:52:06+00:00,2026-09-09T05:30:40.708062+00:00,Earliest cataloged public video upload in research dataset (2019-10-01 12:52:06+00:00). Not verified debut stream.
evt_first_observed_UC_LTVw7bj_20230806,UC_LTVw7bj_wFH4n8POeSNbw,Faminé Ch.【ARP】,Algorhythm Project,FIRST_OBSERVED,2023-08-06,2023,INFERRED_PROXY,INFERRED_PROXY,INFERRED_PROXY,CATALOG_TIMESTAMP_PROXY,channel_coverage.parquet:oldest_video_published_at=2023-08-06 10:07:45+00:00,2026-09-09T05:30:40.708062+00:00,Earliest cataloged public video upload in research dataset (2023-08-06 10:07:45+00:00). Not verified debut stream.
evt_first_observed_UCdxaZWWFB_20191003,UCdxaZWWFBl3N7Ollc3EwZAw,White Sky Ch.,Independent,FIRST_OBSERVED,2019-10-03,2019,INFERRED_PROXY,INFERRED_PROXY,INFERRED_PROXY,CATALOG_TIMESTAMP_PROXY,channel_coverage.parquet:oldest_video_published_at=2019-10-03 01:53:10+00:00,2026-09-09T05:30:40.708062+00:00,Earliest cataloged public video upload in research dataset (2019-10-03 01:53:10+00:00). Not verified debut stream.
evt_first_observed_UC7BTojsUP_20220806,UC7BTojsUPC4JhxDYRgmuz2Q,Jiru ch. Euphora,Euphora Project,FIRST_OBSERVED,2022-08-06,2022,INFERRED_PROXY,INFERRED_PROXY,INFERRED_PROXY,CATALOG_TIMESTAMP_PROXY,channel_coverage.parquet:oldest_video_published_at=2022-08-06 03:50:12+00:00,2026-09-09T05:30:40.708062+00:00,Earliest cataloged public video upload in research dataset (2022-08-06 03:50:12+00:00). Not verified debut stream.
evt_hiatus_observed_proxy_UC7BTojsUP_20260131,UC7BTojsUPC4JhxDYRgmuz2Q,Jiru ch. Euphora,Euphora Project,HIATUS_OBSERVED_PROXY,2026-01-31,2026,INFERRED_PROXY,INFERRED_PROXY,INFERRED_PROXY,REGISTRY_INACTIVITY_PROXY,thai_vtuber_registry.json:last_video_published_at=2026-01-31T22:33:26+00:00,2026-09-09T05:30:40.708062+00:00,Observed hiatus boundary based on last public activity recorded on 2026-01-31 (>180d inactive).
evt_first_observed_UCPHqJsNtO_20210623,UCPHqJsNtOp94Vcol4DPKpSA,SiamNeko Ch.【ARP】,Algorhythm Project,FIRST_OBSERVED,2021-06-23,2021,INFERRED_PROXY,INFERRED_PROXY,INFERRED_PROXY,CATALOG_TIMESTAMP_PROXY,channel_coverage.parquet:oldest_video_published_at=2021-06-23 06:01:52+00:00,2026-09-09T05:30:40.708062+00:00,Earliest cataloged public video upload in research dataset (2021-06-23 06:01:52+00:00). Not verified debut stream.
evt_first_observed_UCdoQwqmi-_20210107,UCdoQwqmi-QKjHOJnvg0wm4Q,xLazyYui,Independent,FIRST_OBSERVED,2021-01-07,2021,INFERRED_PROXY,INFERRED_PROXY,INFERRED_PROXY,CATALOG_TIMESTAMP_PROXY,channel_coverage.parquet:oldest_video_published_at=2021-01-07 10:17:17+00:00,2026-09-09T05:30:40.708062+00:00,Earliest cataloged public video upload in research dataset (2021-01-07 10:17:17+00:00). Not verified debut stream.
evt_hiatus_observed_proxy_UCdoQwqmi-_20251019,UCdoQwqmi-QKjHOJnvg0wm4Q,xLazyYui,Independent,HIATUS_OBSERVED_PROXY,2025-10-19,2025,INFERRED_PROXY,INFERRED_PROXY,INFERRED_PROXY,REGISTRY_INACTIVITY_PROXY,thai_vtuber_registry.json:last_video_published_at=2025-10-19T11:43:34+00:00,2026-09-09T05:30:40.708062+00:00,Observed hiatus boundary based on last public activity recorded on 2025-10-19 (>180d inactive).
evt_first_observed_UCsQqb5obL_20231019,UCsQqb5obLoEfcDoiaZFM7LA,moujob,Independent,FIRST_OBSERVED,2023-10-19,2023,INFERRED_PROXY,INFERRED_PROXY,INFERRED_PROXY,CATALOG_TIMESTAMP_PROXY,channel_coverage.parquet:oldest_video_published_at=2023-10-19 11:28:05+00:00,2026-09-09T05:30:40.708062+00:00,Earliest cataloged public video upload in research dataset (2023-10-19 11:28:05+00:00). Not verified debut stream.
evt_first_observed_UCrKgRzwdp_20230122,UCrKgRzwdpFIyoYBvyuacmPg,Nogi Sensei,Independent,FIRST_OBSERVED,2023-01-22,2023,INFERRED_PROXY,INFERRED_PROXY,INFERRED_PROXY,CATALOG_TIMESTAMP_PROXY,channel_coverage.parquet:oldest_video_published_at=2023-01-22 12:00:33+00:00,2026-09-09T05:30:40.708062+00:00,Earliest cataloged public video upload in research dataset (2023-01-22 12:00:33+00:00). Not verified debut stream.
evt_hiatus_observed_proxy_UCrKgRzwdp_20251126,UCrKgRzwdpFIyoYBvyuacmPg,Nogi Sensei,Independent,HIATUS_OBSERVED_PROXY,2025-11-26,2025,INFERRED_PROXY,INFERRED_PROXY,INFERRED_PROXY,REGISTRY_INACTIVITY_PROXY,thai_vtuber_registry.json:last_video_published_at=2025-11-26T12:02:48+00:00,2026-09-09T05:30:40.708062+00:00,Observed hiatus boundary based on last public activity recorded on 2025-11-26 (>180d inactive).
evt_first_observed_UCOY60szLy_20231111,UCOY60szLyP_E8RuT6jVAVHg,Aruna Shuun Ch. Pixela Destiny,Pixela Project,FIRST_OBSERVED,2023-11-11,2023,INFERRED_PROXY,INFERRED_PROXY,INFERRED_PROXY,CATALOG_TIMESTAMP_PROXY,channel_coverage.parquet:oldest_video_published_at=2023-11-11 10:00:29+00:00,2026-09-09T05:30:40.708062+00:00,Earliest cataloged public video upload in research dataset (2023-11-11 10:00:29+00:00). Not verified debut stream.
evt_hiatus_observed_proxy_UCOY60szLy_20250608,UCOY60szLyP_E8RuT6jVAVHg,Aruna Shuun Ch. Pixela Destiny,Pixela Project,HIATUS_OBSERVED_PROXY,2025-06-08,2025,INFERRED_PROXY,INFERRED_PROXY,INFERRED_PROXY,REGISTRY_INACTIVITY_PROXY,thai_vtuber_registry.json:last_video_published_at=2025-06-08T13:13:45+00:00,2026-09-09T05:30:40.708062+00:00,Observed hiatus boundary based on last public activity recorded on 2025-06-08 (>180d inactive).
evt_first_observed_UCGMSJFuXd_20221124,UCGMSJFuXdNmswEPX4X6NnLQ,Mycara Melony Ch. Pixela-Mystic,Pixela Project,FIRST_OBSERVED,2022-11-24,2022,INFERRED_PROXY,INFERRED_PROXY,INFERRED_PROXY,CATALOG_TIMESTAMP_PROXY,channel_coverage.parquet:oldest_video_published_at=2022-11-24 10:00:13+00:00,2026-09-09T05:30:40.708062+00:00,Earliest cataloged public video upload in research dataset (2022-11-24 10:00:13+00:00). Not verified debut stream.
evt_first_observed_UCOGGZpm2i_20240929,UCOGGZpm2i6PXFI9yBvEueRA,ดอยล์,Independent,FIRST_OBSERVED,2024-09-29,2024,INFERRED_PROXY,INFERRED_PROXY,INFERRED_PROXY,CATALOG_TIMESTAMP_PROXY,channel_coverage.parquet:oldest_video_published_at=2024-09-29 10:04:17+00:00,2026-09-09T05:30:40.708062+00:00,Earliest cataloged public video upload in research dataset (2024-09-29 10:04:17+00:00). Not verified debut stream.
evt_first_observed_UCt-_7LOFG_20201218,UCt-_7LOFGUhAQGzePZtbYZg,Renkon Ch.,Independent,FIRST_OBSERVED,2020-12-18,2020,INFERRED_PROXY,INFERRED_PROXY,INFERRED_PROXY,CATALOG_TIMESTAMP_PROXY,channel_coverage.parquet:oldest_video_published_at=2020-12-18 15:41:18+00:00,2026-09-09T05:30:40.708062+00:00,Earliest cataloged public video upload in research dataset (2020-12-18 15:41:18+00:00). Not verified debut stream.
evt_first_observed_UCfPOynlPf_20230224,UCfPOynlPffrryH8JAsHOmJA,it’s hi Ch.【ARP】,Algorhythm Project,FIRST_OBSERVED,2023-02-24,2023,INFERRED_PROXY,INFERRED_PROXY,INFERRED_PROXY,CATALOG_TIMESTAMP_PROXY,channel_coverage.parquet:oldest_video_published_at=2023-02-24 13:00:11+00:00,2026-09-09T05:30:40.708062+00:00,Earliest cataloged public video upload in research dataset (2023-02-24 13:00:11+00:00). Not verified debut stream.
evt_first_observed_UCxn_EkDl0_20200819,UCxn_EkDl0yi45LN2H00ddiQ,SEO A XAY,Independent,FIRST_OBSERVED,2020-08-19,2020,INFERRED_PROXY,INFERRED_PROXY,INFERRED_PROXY,CATALOG_TIMESTAMP_PROXY,channel_coverage.parquet:oldest_video_published_at=2020-08-19 19:25:08+00:00,2026-09-09T05:30:40.708062+00:00,Earliest cataloged public video upload in research dataset (2020-08-19 19:25:08+00:00). Not verified debut stream.
evt_first_observed_UC3JqFoY66_20230214,UC3JqFoY66A90sdqe46mvbTA,Eli Aharon 「イーライ」,Independent,FIRST_OBSERVED,2023-02-14,2023,INFERRED_PROXY,INFERRED_PROXY,INFERRED_PROXY,CATALOG_TIMESTAMP_PROXY,channel_coverage.parquet:oldest_video_published_at=2023-02-14 01:39:11+00:00,2026-09-09T05:30:40.708062+00:00,Earliest cataloged public video upload in research dataset (2023-02-14 01:39:11+00:00). Not verified debut stream.
evt_debut_UCiYFmDfFB_20210409,UCiYFmDfFBoAP2yk9yuXBTTg,S1R Ch.【ARP】,Algorhythm Project,DEBUT,2021-04-09,2021,SECONDARY_DOCUMENTED,SECONDARY_DOCUMENTED,SECONDARY_DOCUMENTED,EXTERNAL_WIKI_AND_YOUTUBE,https://virtualyoutuber.fandom.com/wiki/S1R,2026-09-09T05:30:40.708062+00:00,Debuted on 2021-04-09 as member of Algorhythm Project.
evt_first_observed_UCdlJxYXr4_20240101,UCdlJxYXr4eh44NeCSjOe_Fg,RainRem Ch. レーンレム,Independent,FIRST_OBSERVED,2024-01-01,2024,INFERRED_PROXY,INFERRED_PROXY,INFERRED_PROXY,CATALOG_TIMESTAMP_PROXY,channel_coverage.parquet:oldest_video_published_at=2024-01-01 05:37:15+00:00,2026-09-09T05:30:40.708062+00:00,Earliest cataloged public video upload in research dataset (2024-01-01 05:37:15+00:00). Not verified debut stream.
evt_first_observed_UCfI5PfgpN_20210322,UCfI5PfgpNZ3a2p7MS-m5gPA,Ponpun.,Independent,FIRST_OBSERVED,2021-03-22,2021,INFERRED_PROXY,INFERRED_PROXY,INFERRED_PROXY,CATALOG_TIMESTAMP_PROXY,channel_coverage.parquet:oldest_video_published_at=2021-03-22 09:30:14+00:00,2026-09-09T05:30:40.708062+00:00,Earliest cataloged public video upload in research dataset (2021-03-22 09:30:14+00:00). Not verified debut stream.
evt_first_observed_UCUPi3XlTX_20181126,UCUPi3XlTX0rLUWjFHifNl-Q,Bloodyflora,Independent,FIRST_OBSERVED,2018-11-26,2018,INFERRED_PROXY,INFERRED_PROXY,INFERRED_PROXY,CATALOG_TIMESTAMP_PROXY,channel_coverage.parquet:oldest_video_published_at=2018-11-26 09:42:10+00:00,2026-09-09T05:30:40.708062+00:00,Earliest cataloged public video upload in research dataset (2018-11-26 09:42:10+00:00). Not verified debut stream.
evt_first_observed_UCZmw6cMeV_20210808,UCZmw6cMeVaCMtL_NhybhWJw,Poppy the Puppy,Independent,FIRST_OBSERVED,2021-08-08,2021,INFERRED_PROXY,INFERRED_PROXY,INFERRED_PROXY,CATALOG_TIMESTAMP_PROXY,channel_coverage.parquet:oldest_video_published_at=2021-08-08 02:19:27+00:00,2026-09-09T05:30:40.708062+00:00,Earliest cataloged public video upload in research dataset (2021-08-08 02:19:27+00:00). Not verified debut stream.
evt_hiatus_observed_proxy_UCMVdzsLwV_20260208,UCMVdzsLwVWc241rrjK78aXA,Pak LIGHT,Independent,HIATUS_OBSERVED_PROXY,2026-02-08,2026,INFERRED_PROXY,INFERRED_PROXY,INFERRED_PROXY,REGISTRY_INACTIVITY_PROXY,thai_vtuber_registry.json:last_video_published_at=2026-02-08T09:53:29+00:00,2026-09-09T05:30:40.708062+00:00,Observed hiatus boundary based on last public activity recorded on 2026-02-08 (>180d inactive).
evt_first_observed_UCAnKhwx49_20201213,UCAnKhwx493i5myddnJFF_gg,Pengu Ch.【Ti19t】,Ti19t,FIRST_OBSERVED,2020-12-13,2020,INFERRED_PROXY,INFERRED_PROXY,INFERRED_PROXY,CATALOG_TIMESTAMP_PROXY,channel_coverage.parquet:oldest_video_published_at=2020-12-13 14:31:40+00:00,2026-09-09T05:30:40.708062+00:00,Earliest cataloged public video upload in research dataset (2020-12-13 14:31:40+00:00). Not verified debut stream.
evt_debut_UCktUGMC7A_20220106,UCktUGMC7AKl1e8n20Ys8w0Q,Superpretty TAKOPERO Ch. Pixela Legends,Pixela Project,DEBUT,2022-01-06,2022,SECONDARY_DOCUMENTED,SECONDARY_DOCUMENTED,SECONDARY_DOCUMENTED,EXTERNAL_WIKI_AND_YOUTUBE,https://virtualyoutuber.fandom.com/wiki/Superpretty_TAKOPERO,2026-09-09T05:30:40.708062+00:00,Debuted on 2022-01-06 as member of Pixela Legends.
evt_first_observed_UCjw7DQp5u_20180124,UCjw7DQp5uNND5qMyyhtOpdQ,RaFa DXD,Independent,FIRST_OBSERVED,2018-01-24,2018,INFERRED_PROXY,INFERRED_PROXY,INFERRED_PROXY,CATALOG_TIMESTAMP_PROXY,channel_coverage.parquet:oldest_video_published_at=2018-01-24 17:08:21+00:00,2026-09-09T05:30:40.708062+00:00,Earliest cataloged public video upload in research dataset (2018-01-24 17:08:21+00:00). Not verified debut stream.
evt_debut_UCPMOk4hbI_20220127,UCPMOk4hbIh5A-_6uNhzAvDg,Kitsuneko Mewten Ch. Pixela-Isekai,Pixela Project,DEBUT,2022-01-27,2022,SECONDARY_DOCUMENTED,SECONDARY_DOCUMENTED,SECONDARY_DOCUMENTED,EXTERNAL_WIKI_AND_YOUTUBE,https://virtualyoutuber.fandom.com/wiki/Kitsuneko_Mewten,2026-09-09T05:30:40.708062+00:00,Debuted on 2022-01-27 as member of Pixela Legends.
evt_first_observed_UCGofntRkN_20201029,UCGofntRkNUAgXGqimLtLy4g,Reilim Channel,Independent,FIRST_OBSERVED,2020-10-29,2020,INFERRED_PROXY,INFERRED_PROXY,INFERRED_PROXY,CATALOG_TIMESTAMP_PROXY,channel_coverage.parquet:oldest_video_published_at=2020-10-29 08:31:45+00:00,2026-09-09T05:30:40.708062+00:00,Earliest cataloged public video upload in research dataset (2020-10-29 08:31:45+00:00). Not verified debut stream.
evt_first_observed_UCwtyxO7B0_20200713,UCwtyxO7B0xIv3XdtSvdnYgQ,Aoi Crescent Ch.,Independent,FIRST_OBSERVED,2020-07-13,2020,INFERRED_PROXY,INFERRED_PROXY,INFERRED_PROXY,CATALOG_TIMESTAMP_PROXY,channel_coverage.parquet:oldest_video_published_at=2020-07-13 14:45:15+00:00,2026-09-09T05:30:40.708062+00:00,Earliest cataloged public video upload in research dataset (2020-07-13 14:45:15+00:00). Not verified debut stream.
evt_first_observed_UCM96L0Hab_20200925,UCM96L0HabMkeIGyBViLZ4YQ,Cynthia Rowena Ch.,Independent,FIRST_OBSERVED,2020-09-25,2020,INFERRED_PROXY,INFERRED_PROXY,INFERRED_PROXY,CATALOG_TIMESTAMP_PROXY,channel_coverage.parquet:oldest_video_published_at=2020-09-25 14:55:53+00:00,2026-09-09T05:30:40.708062+00:00,Earliest cataloged public video upload in research dataset (2020-09-25 14:55:53+00:00). Not verified debut stream.
evt_first_observed_UCwKydIfpA_20220402,UCwKydIfpAlllZap4K7dzJ4g,HyougaAlpha Ch.【ARP】,Algorhythm Project,FIRST_OBSERVED,2022-04-02,2022,INFERRED_PROXY,INFERRED_PROXY,INFERRED_PROXY,CATALOG_TIMESTAMP_PROXY,channel_coverage.parquet:oldest_video_published_at=2022-04-02 06:22:04+00:00,2026-09-09T05:30:40.708062+00:00,Earliest cataloged public video upload in research dataset (2022-04-02 06:22:04+00:00). Not verified debut stream.
evt_debut_UC-qBbCCqt_20210308,UC-qBbCCqtD2H4WSs9m978Ow,Cazzie K. Monie,Independent,DEBUT,2021-03-08,2021,SECONDARY_DOCUMENTED,SECONDARY_DOCUMENTED,SECONDARY_DOCUMENTED,EXTERNAL_WIKI_AND_YOUTUBE,https://virtualyoutuber.fandom.com/wiki/Cazzie_K._Monie,2026-09-09T05:30:40.708062+00:00,Debuted on 2021-03-08 as Pixela 1st Generation member.
evt_termination_UC-qBbCCqt_20211014,UC-qBbCCqtD2H4WSs9m978Ow,Cazzie K. Monie,Independent,TERMINATION,2021-10-14,2021,SECONDARY_DOCUMENTED,SECONDARY_DOCUMENTED,SECONDARY_DOCUMENTED,OFFICIAL_AGENCY_ANNOUNCEMENT,https://virtualyoutuber.fandom.com/wiki/Cazzie_K._Monie,2026-09-09T05:30:40.708062+00:00,Contract terminated on 2021-10-14.
evt_first_observed_UCjpsxqVVj_20230218,UCjpsxqVVjdZWy5eW5-ZkbcA,Amnuai CH,Independent,FIRST_OBSERVED,2023-02-18,2023,INFERRED_PROXY,INFERRED_PROXY,INFERRED_PROXY,CATALOG_TIMESTAMP_PROXY,channel_coverage.parquet:oldest_video_published_at=2023-02-18 12:50:49+00:00,2026-09-09T05:30:40.708062+00:00,Earliest cataloged public video upload in research dataset (2023-02-18 12:50:49+00:00). Not verified debut stream.
evt_first_observed_UCgSsXxQ71_20230522,UCgSsXxQ71nScJ-GIc90ZkYw,Cerafine Mikael Ch. Lumina-First-Myth,Lumina Live,FIRST_OBSERVED,2023-05-22,2023,INFERRED_PROXY,INFERRED_PROXY,INFERRED_PROXY,CATALOG_TIMESTAMP_PROXY,channel_coverage.parquet:oldest_video_published_at=2023-05-22 10:24:37+00:00,2026-09-09T05:30:40.708062+00:00,Earliest cataloged public video upload in research dataset (2023-05-22 10:24:37+00:00). Not verified debut stream.
evt_first_observed_UCknOyz3O0_20240328,UCknOyz3O0-G6w5SJNAgO7uQ,Mild-R Ch. Lumina-World-End,Lumina Live,FIRST_OBSERVED,2024-03-28,2024,INFERRED_PROXY,INFERRED_PROXY,INFERRED_PROXY,CATALOG_TIMESTAMP_PROXY,channel_coverage.parquet:oldest_video_published_at=2024-03-28 09:54:54+00:00,2026-09-09T05:30:40.708062+00:00,Earliest cataloged public video upload in research dataset (2024-03-28 09:54:54+00:00). Not verified debut stream.
evt_first_observed_UCKlrZ_Pp4_20161005,UCKlrZ_Pp4UE8miUIbC3kFjg,Castesia | Phoenix Vtuber of Noxus,Independent,FIRST_OBSERVED,2016-10-05,2016,INFERRED_PROXY,INFERRED_PROXY,INFERRED_PROXY,CATALOG_TIMESTAMP_PROXY,channel_coverage.parquet:oldest_video_published_at=2016-10-05 03:00:02+00:00,2026-09-09T05:30:40.708062+00:00,Earliest cataloged public video upload in research dataset (2016-10-05 03:00:02+00:00). Not verified debut stream.
evt_hiatus_observed_proxy_UCKlrZ_Pp4_20240328,UCKlrZ_Pp4UE8miUIbC3kFjg,Castesia | Phoenix Vtuber of Noxus,Independent,HIATUS_OBSERVED_PROXY,2024-03-28,2024,INFERRED_PROXY,INFERRED_PROXY,INFERRED_PROXY,REGISTRY_INACTIVITY_PROXY,thai_vtuber_registry.json:last_video_published_at=2024-03-28T02:30:05+00:00,2026-09-09T05:30:40.708062+00:00,Observed hiatus boundary based on last public activity recorded on 2024-03-28 (>180d inactive).
evt_first_observed_UCc9W8GnDE_20250206,UCc9W8GnDEHPNgt6eshaAvQw,Nirvana Ch.【ARP】,Algorhythm Project,FIRST_OBSERVED,2025-02-06,2025,INFERRED_PROXY,INFERRED_PROXY,INFERRED_PROXY,CATALOG_TIMESTAMP_PROXY,channel_coverage.parquet:oldest_video_published_at=2025-02-06 12:00:14+00:00,2026-09-09T05:30:40.708062+00:00,Earliest cataloged public video upload in research dataset (2025-02-06 12:00:14+00:00). Not verified debut stream.
evt_debut_UCSXwfOj8m_20220106,UCSXwfOj8mTDxE1ZaIEHXN2w,Meraki Keimii Ch. Pixela Legends,Pixela Project,DEBUT,2022-01-06,2022,SECONDARY_DOCUMENTED,SECONDARY_DOCUMENTED,SECONDARY_DOCUMENTED,EXTERNAL_WIKI_AND_YOUTUBE,https://virtualyoutuber.fandom.com/wiki/Meraki_Keimii,2026-09-09T05:30:40.708062+00:00,Debuted on 2022-01-06 as Pixela Legends member.
evt_graduation_UCSXwfOj8m_20230108,UCSXwfOj8mTDxE1ZaIEHXN2w,Meraki Keimii Ch. Pixela Legends,Pixela Project,GRADUATION,2023-01-08,2023,SECONDARY_DOCUMENTED,SECONDARY_DOCUMENTED,SECONDARY_DOCUMENTED,OFFICIAL_AGENCY_ANNOUNCEMENT,https://virtualyoutuber.fandom.com/wiki/Meraki_Keimii,2026-09-09T05:30:40.708062+00:00,Retired on 2023-01-08.
evt_first_observed_UCLEtK3Uyn_20220121,UCLEtK3UynAZPM7ODwPeveEw,LIRIN,Independent,FIRST_OBSERVED,2022-01-21,2022,INFERRED_PROXY,INFERRED_PROXY,INFERRED_PROXY,CATALOG_TIMESTAMP_PROXY,channel_coverage.parquet:oldest_video_published_at=2022-01-21 17:14:06+00:00,2026-09-09T05:30:40.708062+00:00,Earliest cataloged public video upload in research dataset (2022-01-21 17:14:06+00:00). Not verified debut stream.
evt_debut_UChBuxXl8p_20210806,UChBuxXl8poN1Jz8kZDdsfhw,Selene Ch.【ARP】,Algorhythm Project,DEBUT,2021-08-06,2021,SECONDARY_DOCUMENTED,SECONDARY_DOCUMENTED,SECONDARY_DOCUMENTED,EXTERNAL_WIKI_AND_YOUTUBE,https://virtualyoutuber.fandom.com/wiki/Selene,2026-09-09T05:30:40.708062+00:00,Debuted on 2021-08-06 as member of Algorhythm Project.
evt_first_observed_UCTIi4NC8S_20200813,UCTIi4NC8SvzUZDMExjCscVA,UCTIi4NC8SvzUZDMExjCscVA,Independent,FIRST_OBSERVED,2020-08-13,2020,INFERRED_PROXY,INFERRED_PROXY,INFERRED_PROXY,CATALOG_TIMESTAMP_PROXY,channel_coverage.parquet:oldest_video_published_at=2020-08-13 14:51:46+00:00,2026-09-09T05:30:40.708062+00:00,Earliest cataloged public video upload in research dataset (2020-08-13 14:51:46+00:00). Not verified debut stream.
evt_hiatus_observed_proxy_UCTIi4NC8S_20200813,UCTIi4NC8SvzUZDMExjCscVA,UCTIi4NC8SvzUZDMExjCscVA,Independent,HIATUS_OBSERVED_PROXY,2020-08-13,2020,INFERRED_PROXY,INFERRED_PROXY,INFERRED_PROXY,REGISTRY_INACTIVITY_PROXY,thai_vtuber_registry.json:last_video_published_at=2020-08-13T14:51:46+00:00,2026-09-09T05:30:40.708062+00:00,Observed hiatus boundary based on last public activity recorded on 2020-08-13 (>180d inactive).
evt_first_observed_UCyJplWD3__20250206,UCyJplWD3_LWpNMOOkiVVurg,DEV Ch.【ARP】,Algorhythm Project,FIRST_OBSERVED,2025-02-06,2025,INFERRED_PROXY,INFERRED_PROXY,INFERRED_PROXY,CATALOG_TIMESTAMP_PROXY,channel_coverage.parquet:oldest_video_published_at=2025-02-06 12:01:15+00:00,2026-09-09T05:30:40.708062+00:00,Earliest cataloged public video upload in research dataset (2025-02-06 12:01:15+00:00). Not verified debut stream.
evt_first_observed_UCL1yaSZue_20230322,UCL1yaSZue9dW_zyvhdI8C3w,Friskfitz,Independent,FIRST_OBSERVED,2023-03-22,2023,INFERRED_PROXY,INFERRED_PROXY,INFERRED_PROXY,CATALOG_TIMESTAMP_PROXY,channel_coverage.parquet:oldest_video_published_at=2023-03-22 09:00:08+00:00,2026-09-09T05:30:40.708062+00:00,Earliest cataloged public video upload in research dataset (2023-03-22 09:00:08+00:00). Not verified debut stream.
evt_first_observed_UCa8ILv94q_20240515,UCa8ILv94qHT6oar_jVzg9sQ,Beta AMI Ch. Lumina-World-End,Lumina Live,FIRST_OBSERVED,2024-05-15,2024,INFERRED_PROXY,INFERRED_PROXY,INFERRED_PROXY,CATALOG_TIMESTAMP_PROXY,channel_coverage.parquet:oldest_video_published_at=2024-05-15 08:00:32+00:00,2026-09-09T05:30:40.708062+00:00,Earliest cataloged public video upload in research dataset (2024-05-15 08:00:32+00:00). Not verified debut stream.
evt_first_observed_UC8xAtvAk__20230401,UC8xAtvAk_HX1j3egTO7ylIQ,Roselia de Magentia Ch. Pixela S,Pixela Project,FIRST_OBSERVED,2023-04-01,2023,INFERRED_PROXY,INFERRED_PROXY,INFERRED_PROXY,CATALOG_TIMESTAMP_PROXY,channel_coverage.parquet:oldest_video_published_at=2023-04-01 04:00:15+00:00,2026-09-09T05:30:40.708062+00:00,Earliest cataloged public video upload in research dataset (2023-04-01 04:00:15+00:00). Not verified debut stream.
evt_first_observed_UCuyrIzf_b_20230522,UCuyrIzf_bCTnyJHktJVpe4g,Atlanteia Sireen Ch. Lumina-First-Myth,Lumina Live,FIRST_OBSERVED,2023-05-22,2023,INFERRED_PROXY,INFERRED_PROXY,INFERRED_PROXY,CATALOG_TIMESTAMP_PROXY,channel_coverage.parquet:oldest_video_published_at=2023-05-22 10:24:56+00:00,2026-09-09T05:30:40.708062+00:00,Earliest cataloged public video upload in research dataset (2023-05-22 10:24:56+00:00). Not verified debut stream.
evt_graduation_UCeLJ2rBYZ_20260130,UCeLJ2rBYZwPrb5hbKY5X5eg,Latta Ch.【ARP】,Algorhythm Project,GRADUATION,2026-01-30,2026,PRIMARY_EVENT_SPECIFIC,PRIMARY_OFFICIAL_ANNOUNCEMENT,PRIMARY_EVENT_SPECIFIC,OFFICIAL_AGENCY_ANNOUNCEMENT,https://x.com/ARP_Vtuber/status/2016858872414412856,2026-09-09T05:30:40.708062+00:00,Official retirement from Algorhythm Project on 2026-01-30.
evt_first_observed_UCeLJ2rBYZ_20230124,UCeLJ2rBYZwPrb5hbKY5X5eg,Latta Ch.【ARP】,Algorhythm Project,FIRST_OBSERVED,2023-01-24,2023,INFERRED_PROXY,INFERRED_PROXY,INFERRED_PROXY,CATALOG_TIMESTAMP_PROXY,channel_coverage.parquet:oldest_video_published_at=2023-01-24 03:46:16+00:00,2026-09-09T05:30:40.708062+00:00,Earliest cataloged public video upload in research dataset (2023-01-24 03:46:16+00:00). Not verified debut stream.
evt_first_observed_UCW0EhUBJr_20231111,UCW0EhUBJrTtjSywG4-MGgrQ,Grimus Grimm Ch. Pixela Destiny,Pixela Project,FIRST_OBSERVED,2023-11-11,2023,INFERRED_PROXY,INFERRED_PROXY,INFERRED_PROXY,CATALOG_TIMESTAMP_PROXY,channel_coverage.parquet:oldest_video_published_at=2023-11-11 10:00:09+00:00,2026-09-09T05:30:40.708062+00:00,Earliest cataloged public video upload in research dataset (2023-11-11 10:00:09+00:00). Not verified debut stream.
evt_first_observed_UCbZDGjLa__20231111,UCbZDGjLa_Rc3TfPVXMR1Tog,Biscuit Blythe Ch. Pixela Destiny,Pixela Project,FIRST_OBSERVED,2023-11-11,2023,INFERRED_PROXY,INFERRED_PROXY,INFERRED_PROXY,CATALOG_TIMESTAMP_PROXY,channel_coverage.parquet:oldest_video_published_at=2023-11-11 10:12:14+00:00,2026-09-09T05:30:40.708062+00:00,Earliest cataloged public video upload in research dataset (2023-11-11 10:12:14+00:00). Not verified debut stream.
evt_first_observed_UC6Q4UI5mE_20210318,UC6Q4UI5mEjeZOIRoTtRoFJA,Midnight Ch.【ARP】,Algorhythm Project,FIRST_OBSERVED,2021-03-18,2021,INFERRED_PROXY,INFERRED_PROXY,INFERRED_PROXY,CATALOG_TIMESTAMP_PROXY,channel_coverage.parquet:oldest_video_published_at=2021-03-18 03:43:31+00:00,2026-09-09T05:30:40.708062+00:00,Earliest cataloged public video upload in research dataset (2021-03-18 03:43:31+00:00). Not verified debut stream.
evt_first_observed_UC3TQ2myWZ_20240413,UC3TQ2myWZR8pZiUZ6Cs0-Sw,Bianca Ch. 【ARP】,Algorhythm Project,FIRST_OBSERVED,2024-04-13,2024,INFERRED_PROXY,INFERRED_PROXY,INFERRED_PROXY,CATALOG_TIMESTAMP_PROXY,channel_coverage.parquet:oldest_video_published_at=2024-04-13 13:38:54+00:00,2026-09-09T05:30:40.708062+00:00,Earliest cataloged public video upload in research dataset (2024-04-13 13:38:54+00:00). Not verified debut stream.
evt_hiatus_observed_proxy_UC3TQ2myWZ_20240413,UC3TQ2myWZR8pZiUZ6Cs0-Sw,Bianca Ch. 【ARP】,Algorhythm Project,HIATUS_OBSERVED_PROXY,2024-04-13,2024,INFERRED_PROXY,INFERRED_PROXY,INFERRED_PROXY,REGISTRY_INACTIVITY_PROXY,thai_vtuber_registry.json:last_video_published_at=2024-04-13T13:38:54+00:00,2026-09-09T05:30:40.708062+00:00,Observed hiatus boundary based on last public activity recorded on 2024-04-13 (>180d inactive).
evt_first_observed_UCantL0_E-_20250206,UCantL0_E-ATsKZTmZmZ51tw,Millennia Ch.【ARP】,Algorhythm Project,FIRST_OBSERVED,2025-02-06,2025,INFERRED_PROXY,INFERRED_PROXY,INFERRED_PROXY,CATALOG_TIMESTAMP_PROXY,channel_coverage.parquet:oldest_video_published_at=2025-02-06 12:00:26+00:00,2026-09-09T05:30:40.708062+00:00,Earliest cataloged public video upload in research dataset (2025-02-06 12:00:26+00:00). Not verified debut stream.
evt_first_observed_UCgqsGN6Mc_20220830,UCgqsGN6McgMtc-Xz50MsG9w,Uniwii Ch.【ARP】,Algorhythm Project,FIRST_OBSERVED,2022-08-30,2022,INFERRED_PROXY,INFERRED_PROXY,INFERRED_PROXY,CATALOG_TIMESTAMP_PROXY,channel_coverage.parquet:oldest_video_published_at=2022-08-30 18:57:30+00:00,2026-09-09T05:30:40.708062+00:00,Earliest cataloged public video upload in research dataset (2022-08-30 18:57:30+00:00). Not verified debut stream.
evt_hiatus_observed_proxy_UCgqsGN6Mc_20251023,UCgqsGN6McgMtc-Xz50MsG9w,Uniwii Ch.【ARP】,Algorhythm Project,HIATUS_OBSERVED_PROXY,2025-10-23,2025,INFERRED_PROXY,INFERRED_PROXY,INFERRED_PROXY,REGISTRY_INACTIVITY_PROXY,thai_vtuber_registry.json:last_video_published_at=2025-10-23T07:18:04+00:00,2026-09-09T05:30:40.708062+00:00,Observed hiatus boundary based on last public activity recorded on 2025-10-23 (>180d inactive).
evt_debut_UCgLadXz0s_20240913,UCgLadXz0sJbHQL98eoAd9ag,【graduated】Ice Shirakoi Ch. / AStars Amakara,AStars Production,DEBUT,2024-09-13,2024,SECONDARY_DOCUMENTED,SECONDARY_DOCUMENTED,SECONDARY_DOCUMENTED,EXTERNAL_WIKI_AND_ANNOUNCEMENT,https://virtualyoutuber.fandom.com/wiki/AStars,2026-09-09T05:30:40.708062+00:00,Debuted on 2024-09-13 as member of AStars Amakara unit under Brave Group APAC.
evt_graduation_UCgLadXz0s_20250430,UCgLadXz0sJbHQL98eoAd9ag,【graduated】Ice Shirakoi Ch. / AStars Amakara,AStars Production,GRADUATION,2025-04-30,2025,PRIMARY_EVENT_SPECIFIC,PRIMARY_OFFICIAL_ANNOUNCEMENT,PRIMARY_EVENT_SPECIFIC,OFFICIAL_AGENCY_ANNOUNCEMENT,https://x.com/AStarsofficial/status/1888528955219968470,2026-09-09T05:30:40.708062+00:00,Official graduation announced on 2025-04-16; farewell stream held 2025-04-26; effective 2025-04-30.
evt_debut_UCfe7Lxdn2_20240913,UCfe7Lxdn2PDp_xnnrC_RSzA,【graduated】Amaris Sayo Ch. / AStars Amakara,AStars Production,DEBUT,2024-09-13,2024,SECONDARY_DOCUMENTED,SECONDARY_DOCUMENTED,SECONDARY_DOCUMENTED,EXTERNAL_WIKI_AND_ANNOUNCEMENT,https://virtualyoutuber.fandom.com/wiki/AStars,2026-09-09T05:30:40.708062+00:00,Debuted on 2024-09-13 as member of AStars Amakara unit.
evt_graduation_UCfe7Lxdn2_20250214,UCfe7Lxdn2PDp_xnnrC_RSzA,【graduated】Amaris Sayo Ch. / AStars Amakara,AStars Production,GRADUATION,2025-02-14,2025,PRIMARY_EVENT_SPECIFIC,PRIMARY_OFFICIAL_ANNOUNCEMENT,PRIMARY_EVENT_SPECIFIC,OFFICIAL_AGENCY_ANNOUNCEMENT,https://x.com/AStarsofficial/status/1888528955219968470,2026-09-09T05:30:40.708062+00:00,Graduation announced 2025-02-06 due to health; early graduation stream held 2025-02-14.
evt_first_observed_UC_djfyZ7N_20201230,UC_djfyZ7N_-hPSxtrSsBNfQ,Victor Hoshino【GRADUATED】,Independent,FIRST_OBSERVED,2020-12-30,2020,INFERRED_PROXY,INFERRED_PROXY,INFERRED_PROXY,CATALOG_TIMESTAMP_PROXY,channel_coverage.parquet:oldest_video_published_at=2020-12-30 12:00:13+00:00,2026-09-09T05:30:40.708062+00:00,Earliest cataloged public video upload in research dataset (2020-12-30 12:00:13+00:00). Not verified debut stream.
evt_graduation_proxy_UC_djfyZ7N_20250920,UC_djfyZ7N_-hPSxtrSsBNfQ,Victor Hoshino【GRADUATED】,Independent,GRADUATION_PROXY,2025-09-20,2025,INFERRED_PROXY,INFERRED_PROXY,INFERRED_PROXY,REGISTRY_INACTIVITY_PROXY,thai_vtuber_registry.json:last_video_published_at=2025-09-20T16:59:00+00:00,2026-09-09T05:30:40.708062+00:00,Observed graduated boundary based on last public activity recorded on 2025-09-20 (>180d inactive).
evt_first_observed_UC0C_CplF__20201117,UC0C_CplF_fwd1hEZuIE6VIw,Rawley Izzy G. Ch. | Graduated,Independent,FIRST_OBSERVED,2020-11-17,2020,INFERRED_PROXY,INFERRED_PROXY,INFERRED_PROXY,CATALOG_TIMESTAMP_PROXY,channel_coverage.parquet:oldest_video_published_at=2020-11-17 11:00:04+00:00,2026-09-09T05:30:40.708062+00:00,Earliest cataloged public video upload in research dataset (2020-11-17 11:00:04+00:00). Not verified debut stream.
evt_graduation_proxy_UC0C_CplF__20240315,UC0C_CplF_fwd1hEZuIE6VIw,Rawley Izzy G. Ch. | Graduated,Independent,GRADUATION_PROXY,2024-03-15,2024,INFERRED_PROXY,INFERRED_PROXY,INFERRED_PROXY,REGISTRY_INACTIVITY_PROXY,thai_vtuber_registry.json:last_video_published_at=2024-03-15T15:59:21+00:00,2026-09-09T05:30:40.708062+00:00,Observed graduated boundary based on last public activity recorded on 2024-03-15 (>180d inactive).
evt_debut_UCt8vlwt6q_20210403,UCt8vlwt6qi6P1mz5uuStJCA,Shimonz,Independent,DEBUT,2021-04-03,2021,SECONDARY_DOCUMENTED,SECONDARY_DOCUMENTED,SECONDARY_DOCUMENTED,EXTERNAL_WIKI_AND_YOUTUBE,https://virtualyoutuber.fandom.com/wiki/Shimonz,2026-09-09T05:30:40.708062+00:00,Debuted on 2021-04-03 as independent Thai VTuber.
evt_graduation_UCt8vlwt6q_20221222,UCt8vlwt6qi6P1mz5uuStJCA,Shimonz,Independent,GRADUATION,2022-12-22,2022,SECONDARY_DOCUMENTED,SECONDARY_DOCUMENTED,SECONDARY_DOCUMENTED,EXTERNAL_WIKI_AND_YOUTUBE,https://virtualyoutuber.fandom.com/wiki/Shimonz,2026-09-09T05:30:40.708062+00:00,Retired on 2022-12-22.
evt_first_observed_UCDgptjggm_20210921,UCDgptjggm1YvNSn7GQ19sEA,Lord Cha Zele Ch. ◤Graduation◢,Independent,FIRST_OBSERVED,2021-09-21,2021,INFERRED_PROXY,INFERRED_PROXY,INFERRED_PROXY,CATALOG_TIMESTAMP_PROXY,channel_coverage.parquet:oldest_video_published_at=2021-09-21 03:10:44+00:00,2026-09-09T05:30:40.708062+00:00,Earliest cataloged public video upload in research dataset (2021-09-21 03:10:44+00:00). Not verified debut stream.
evt_graduation_proxy_UCDgptjggm_20250508,UCDgptjggm1YvNSn7GQ19sEA,Lord Cha Zele Ch. ◤Graduation◢,Independent,GRADUATION_PROXY,2025-05-08,2025,INFERRED_PROXY,INFERRED_PROXY,INFERRED_PROXY,REGISTRY_INACTIVITY_PROXY,thai_vtuber_registry.json:last_video_published_at=2025-05-08T12:56:40+00:00,2026-09-09T05:30:40.708062+00:00,Observed graduated boundary based on last public activity recorded on 2025-05-08 (>180d inactive).
evt_first_observed_UC3H7_4Gz8_20240707,UC3H7_4Gz8PhHeMz0hHwuFTw,Morika Rei【ARRI】[Graduated],Independent,FIRST_OBSERVED,2024-07-07,2024,INFERRED_PROXY,INFERRED_PROXY,INFERRED_PROXY,CATALOG_TIMESTAMP_PROXY,channel_coverage.parquet:oldest_video_published_at=2024-07-07 10:00:06+00:00,2026-09-09T05:30:40.708062+00:00,Earliest cataloged public video upload in research dataset (2024-07-07 10:00:06+00:00). Not verified debut stream.
evt_graduation_proxy_UC3H7_4Gz8_20251228,UC3H7_4Gz8PhHeMz0hHwuFTw,Morika Rei【ARRI】[Graduated],Independent,GRADUATION_PROXY,2025-12-28,2025,INFERRED_PROXY,INFERRED_PROXY,INFERRED_PROXY,REGISTRY_INACTIVITY_PROXY,thai_vtuber_registry.json:last_video_published_at=2025-12-28T16:17:43+00:00,2026-09-09T05:30:40.708062+00:00,Observed graduated boundary based on last public activity recorded on 2025-12-28 (>180d inactive).
evt_first_observed_UCVogMqMZi_20240903,UCVogMqMZimg5YbPE48oPrlg,Mysterica X. Ch. | RPG,RPG,FIRST_OBSERVED,2024-09-03,2024,INFERRED_PROXY,INFERRED_PROXY,INFERRED_PROXY,CATALOG_TIMESTAMP_PROXY,channel_coverage.parquet:oldest_video_published_at=2024-09-03 11:26:58+00:00,2026-09-09T05:30:40.708062+00:00,Earliest cataloged public video upload in research dataset (2024-09-03 11:26:58+00:00). Not verified debut stream.
evt_graduation_proxy_UCVogMqMZi_20240903,UCVogMqMZimg5YbPE48oPrlg,Mysterica X. Ch. | RPG,RPG,GRADUATION_PROXY,2024-09-03,2024,INFERRED_PROXY,INFERRED_PROXY,INFERRED_PROXY,REGISTRY_INACTIVITY_PROXY,thai_vtuber_registry.json:last_video_published_at=2024-09-03T11:26:58+00:00,2026-09-09T05:30:40.708062+00:00,Observed graduated boundary based on last public activity recorded on 2024-09-03 (>180d inactive).
