wiki_title,page_url,channel_id,in_target_cohort,debut_date_raw,retirement_date_raw,status_raw,agency_raw,has_dates
210RI,https://virtualyoutuber.fandom.com/wiki/210RI,UCzOlFrxT8PsxRRA5E4MiMUQ,False,YouTube: 2019/11/01,2021/08/01,,[[HAJITABI]],True
A-mi,https://virtualyoutuber.fandom.com/wiki/A-mi,UCIGChk_c7ZNdtpOrmbHr2NA,False,YouTube: 2021/08/29,2024/06/30,,Independent,True
Aela V. Kazaela Kaizeria (Aela),https://virtualyoutuber.fandom.com/wiki/Aela%20V.%20Kazaela%20Kaizeria%20%28Aela%29,UCt3VBRNF3sR05y763RZx2xw,False,YouTube: 2022/06/11,|character_designer = Illustration: [https://twitter.com/Tam_U Tam-U],,[[ec19projekt]],True
Aisha,https://virtualyoutuber.fandom.com/wiki/Aisha,UCqhhWjpw23dWhJ5rRwCCrMA,True,YouTube: 2019/07/29,2025/12/18,,Associated Agency: [[Polygon Project]],True
Akemi Arlin,https://virtualyoutuber.fandom.com/wiki/Akemi%20Arlin,,False,2022/06/02,|character_designer = Illustration: [https://x.com/nakatokung Nakatokung],,[[Pixela Project]],True
Aki Masamune,https://virtualyoutuber.fandom.com/wiki/Aki%20Masamune,,False,2024/07/27,|character_designer = Illustration: [https://x.com/dolustoy Dolustoy],,[[AStars]],True
Amanogawa Kousei,https://virtualyoutuber.fandom.com/wiki/Amanogawa%20Kousei,UCJNuYG7F5YzslTSYChWcKBw,False,First content: 2021/01/27,|character_designer = Illustration/Designer:,,[[Easter:Egg]] (formerly),True
Anya A. Marshall,https://virtualyoutuber.fandom.com/wiki/Anya%20A.%20Marshall,UCDx_VxFnDh_yxtff1akPpvg,False,YouTube: 2023/02/10,|character_designer = Illustrator: [https://twitter.com/mayaflare Kaorihero],,[[Polygon Project]],True
Aoi Crescent,https://virtualyoutuber.fandom.com/wiki/Aoi%20Crescent,,False,YouTube: 2020/07/05,|character_designer = Illustration/Designer:,,Independent,True
April,https://virtualyoutuber.fandom.com/wiki/April,UCqBG-DyjOA-llSpScSDOxqA,False,YouTube: 2021/11/06,|character_designer = Current Illust: [https://x.com/cheese3sei cheese3sei],,Independent,True
Aranis Elvene,https://virtualyoutuber.fandom.com/wiki/Aranis%20Elvene,,False,YouTube: 2022/01/25,|character_designer = Illustration: [https://twitter.com/yasuabc0730 MAIRO],,[[Pixela]],True
Ardalita Lilibelle,https://virtualyoutuber.fandom.com/wiki/Ardalita%20Lilibelle,,False,YouTube: 2023/05/29,|character_designer = Illustrator: [https://x.com/kasu1923 Komeshiro Kasu],,[https://x.com/LuminaVProject LuminaVProject],True
Artisans Garden,https://virtualyoutuber.fandom.com/wiki/Artisans%20Garden,UCY3reV-jwagniwcghy1B4VA,True,,,,,False
AStars,https://virtualyoutuber.fandom.com/wiki/AStars,,False,,,,,False
Astella Rieka,https://virtualyoutuber.fandom.com/wiki/Astella%20Rieka,UC42syJbZL4oBacK-QFTie6w,False,YouTube: 2022/10/22,|character_designer =,,Independent,True
Asteroth,https://virtualyoutuber.fandom.com/wiki/Asteroth,UCOVpD7MesZKe44ZvLVuwXvA,True,2021/04/08,2026/01/30,,[[Algorhythm Project]],True
Ayna,https://virtualyoutuber.fandom.com/wiki/Ayna,,False,YouTube: 2022/02/18,2025/04/04,,[[Algorhythm Project]],True
Azato Stacia,https://virtualyoutuber.fandom.com/wiki/Azato%20Stacia,UCDCOWpzyBFsavT-K7AmN3MQ,True,YouTube: 2022/02/19,|character_designer = Design: [[Mosant]],,Independent,True
Baabel,https://virtualyoutuber.fandom.com/wiki/Baabel,UCAr4U_HGMYXn1EZjdWiGSLQ,True,|retirement_date    =,|character_designer = Model: @Dajinsrins,,[[Algorhythm Project]],True
Beariss Beam,https://virtualyoutuber.fandom.com/wiki/Beariss%20Beam,UCt3VBRNF3sR05y763RZx2xw,False,2D debut:,|character_designer = Illustration: [https://twitter.com/jimo_0074 Jimo],,[[EC19 Projekt]],True
Benjamin Niemeyer,https://virtualyoutuber.fandom.com/wiki/Benjamin%20Niemeyer,,False,YouTube: 2024/04/05,|character_designer = Illustration:,,Independent (formerly),True
Beta AMI,https://virtualyoutuber.fandom.com/wiki/Beta%20AMI,,False,YouTube: 2024/05/21,|character_designer = Illustrator: [https://x.com/yuukihagure Yuuki Hagure],,[[Pixela]],True
Bishamon Kuroneko,https://virtualyoutuber.fandom.com/wiki/Bishamon%20Kuroneko,,False,2024/07/27,|character_designer = Illustration: [https://x.com/So__yai So],,[[AStars]],True
Blu-Chan,https://virtualyoutuber.fandom.com/wiki/Blu-Chan,,False,YouTube: 2020/11/27,|character_designer = Designer: [https://www.facebook.com/MR-YUNG-391413688015569 MR YUNG],,[[Virtual Zeven]],True
Bunana,https://virtualyoutuber.fandom.com/wiki/Bunana,UCVjpFP1_Ny3PUoE26r4ITaw,False,YouTube: 2024/05/10,|character_designer = Design: [https://x.com/KMNTT KMN],,Independent,True
Cazzie K. Monie,https://virtualyoutuber.fandom.com/wiki/Cazzie%20K.%20Monie,UC-qBbCCqtD2H4WSs9m978Ow,True,YouTube: 2021/03/08,2021/10/14,,[[Pixela]],True
Celestia A,https://virtualyoutuber.fandom.com/wiki/Celestia%20A,UCh4SV9jjhMTFd8QRBh0IegA,False,2021/05/06,2021/08/27,,V Catch Project,True
ChaAYM,https://virtualyoutuber.fandom.com/wiki/ChaAYM,UCbEkHjG43yPMGq5W08jq1TQ,True,YouTube: 2021/11/05,|character_designer = Herself,,[https://www.facebook.com/North-Side-ESports-105726222130846 North Side ESports],True
Chana,https://virtualyoutuber.fandom.com/wiki/Chana,UCRaAduo6w37DoPahoaiVbTg,False,YouTube: 2022/03/22,2023/03/31,,Independent,True
Dacapo,https://virtualyoutuber.fandom.com/wiki/Dacapo,UCuZ1ajvlGFUMCHZAPdetKHw,True,2023/03/25,|character_designer = Illustration: [https://x.com/Kaohom_1999 KAOHOM],,[[Algorhythm Project]],True
DarinV,https://virtualyoutuber.fandom.com/wiki/DarinV,,False,YouTube: 2019/04/09,|character_designer = Illustration (2-3): [https://twitter.com/fujiko_shiro Shiro D Fujiko],,[[VTory]],True
Draki Kona,https://virtualyoutuber.fandom.com/wiki/Draki%20Kona,,False,YouTube: 2022/01/26,|character_designer = Illustration: [[Nachoneko|Amashiro Natsuki]],,[[Pixela]],True
Dtto.,https://virtualyoutuber.fandom.com/wiki/Dtto.,UCW0p7VdWVO0bn0_FELopJpQ,False,Twitch: 2022/07/03,|character_designer = Design: [https://twitter.com/hutaverse_ roena] (Fourth outfit),,[[REJECT]],True
EC19 Projekt,https://virtualyoutuber.fandom.com/wiki/EC19%20Projekt,UClEcDlghI58w28f7H9pO-7Q,False,,,,,False
Eileennoir,https://virtualyoutuber.fandom.com/wiki/Eileennoir,UCw64ItsCX0Cb4lCjb68oTpw,True,YouTube: 2022/06/30,|character_designer = [https://twitter.com/E0RU_ Koma],,Independent,True
Enri Eneri,https://virtualyoutuber.fandom.com/wiki/Enri%20Eneri,,False,YouTube: 2024/03/10,|character_designer = [https://x.com/nomu_vtuber Nomu Ngadum],,[https://x.com/MJGT_V MJGT],True
Erima,https://virtualyoutuber.fandom.com/wiki/Erima,UC1xmO5jVjOCeo02XCpq4WFA,False,YouTube: 2019/05/05,|character_designer = Illustration; [https://twitter.com/Alchiaki_n  Al ChiaKi],,[[HAJITABI]] (Former),True
EsmeFernis,https://virtualyoutuber.fandom.com/wiki/EsmeFernis,,False,YouTube: 2022/10/17,Unknown,,Independent,True
Evalia,https://virtualyoutuber.fandom.com/wiki/Evalia,,False,YouTube: 2021/04/10,|character_designer =,,[[Algorhythm Project]],True
Fumi Hausu,https://virtualyoutuber.fandom.com/wiki/Fumi%20Hausu,UCE010cVAgWFD24wIJ95sDKw,True,YouTube: 2022/02/10,|character_designer = Illustration & Live2D: [https://twitter.com/asuka111 asuka111],,[[Polygon Project]],True
Futaba Hiramori,https://virtualyoutuber.fandom.com/wiki/Futaba%20Hiramori,UCaNo5k03dtYzsJ3TqL3JPUw,False,2018/08/09,2020/10/09,,Independent,True
Guardian Angel Ai,https://virtualyoutuber.fandom.com/wiki/Guardian%20Angel%20Ai,,False,,,,,False
Hajime Rei,https://virtualyoutuber.fandom.com/wiki/Hajime%20Rei,,False,2025/06/07,|character_designer = Illustration: [https://x.com/seriserijonn Serida John],,[[AStars]],True
HAJITABI,https://virtualyoutuber.fandom.com/wiki/HAJITABI,UCK8GmjIUCbl_qlRCfAR3yaA,False,,,,,False
Hanabi Lafy,https://virtualyoutuber.fandom.com/wiki/Hanabi%20Lafy,UCVAsOHcLLGVQq6aOpesOwBQ,True,YouTube: 2022/01/25,|character_designer = Illustration: [https://twitter.com/mhy_shima Mafuyu Shima],,[[Pixela]],True
Hinabe HongFei,https://virtualyoutuber.fandom.com/wiki/Hinabe%20HongFei,UCutz6S1DcEHPnEb_r9ztkzg,True,YouTube: 2021/03/10,2023/11/28,,[[Pixela]],True
Hoku,https://virtualyoutuber.fandom.com/wiki/Hoku,UCZilc7jP-X_92Fii1uTIs0Q,True,YouTube: 2020/10/14,|character_designer = Design: [https://twitter.com/vpkmit SALMON88],,[[Polygon Project]],True
HORI 07,https://virtualyoutuber.fandom.com/wiki/HORI%2007,,False,YouTube: 2021/01/10,|character_designer = Illustration: [https://twitter.com/ninjinshiru ninjinshiru],,[[Virtual Zeven]],True
Hoshino Tamami,https://virtualyoutuber.fandom.com/wiki/Hoshino%20Tamami,UCPiTBgk5j5A8wDdoyJ-01iA,False,YouTube: 2023/02/08,|character_designer = Illustrator: Motto & Notto,,[[Polygon Project]],True
Hunter,https://virtualyoutuber.fandom.com/wiki/Hunter,,False,2022/08/18,|character_designer = Illustration: [https://twitter.com/_chiachiachia @_chiachiachia],,[[VTory]],True
INGx - HaRu,https://virtualyoutuber.fandom.com/wiki/INGx%20-%20HaRu,,False,2019/08/11,|character_designer = Herself,,Independent,True
Inochizuna Ruka,https://virtualyoutuber.fandom.com/wiki/Inochizuna%20Ruka,UCNEjPeYZ1R9xQEjHFU__Nhw,False,YouTube: 2021/06/08,|character_designer = Illustration/Designer:,,Vnimal,True
Inori Aijou,https://virtualyoutuber.fandom.com/wiki/Inori%20Aijou,,False,YouTube: 2022/07/20,|character_designer = Illustration: [https://x.com/Yakimi27 Yamiki],,[https://twitter.com/IGNITEVOfficial IGNITE PROJECT],True
Jacob (Hikari) Murphy,https://virtualyoutuber.fandom.com/wiki/Jacob%20%28Hikari%29%20Murphy,UCZgkeKMeSJ5-ETLvt1KGgmg,False,YouTube: 2021/01/31,Unknown,,Independent,True
Jiru,https://virtualyoutuber.fandom.com/wiki/Jiru,,False,YouTube: 2022/06/20,|character_designer = Illustration/Designer:,,Independent,True
Jolly Estaa,https://virtualyoutuber.fandom.com/wiki/Jolly%20Estaa,UCkEcY4RbLYs2AF45nhkyjtw,True,YouTube: 2022/01/25,|character_designer = Illustration: [https://twitter.com/NOYU23386566 Noyu],,[[Pixela]],True
Julius Kosmolatria,https://virtualyoutuber.fandom.com/wiki/Julius%20Kosmolatria,UCyjuanhJSwS5h6edhGKmMbQ,False,Debut: 2022/10/30,|character_designer = Artist: [https://x.com/@fxoverpur @fxoverpur],,Independent,True
Junichi,https://virtualyoutuber.fandom.com/wiki/Junichi,,False,YouTube: 2019/09/01,|character_designer = Illustration: [https://twitter.com/Alchiaki_n Al ChiaKi],,[[HAJITABI]] (Former),True
KAMAI,https://virtualyoutuber.fandom.com/wiki/KAMAI,,False,YouTube: 2025/05/31,|character_designer = [https://x.com/Nakatokung Nakatokung],,Independent,True
Kamiyu Reirin,https://virtualyoutuber.fandom.com/wiki/Kamiyu%20Reirin,UCLNBff3KDEUxdfH_lkvyOKQ,True,YouTube: 2022/01/27,|character_designer = Illustration: [https://twitter.com/yasu00kamiki Yasuyuki],,[[Pixela]],True
Karin Tsutsuji,https://virtualyoutuber.fandom.com/wiki/Karin%20Tsutsuji,,False,|retirement_date    =,|character_designer =,,Independent,True
Khaojao,https://virtualyoutuber.fandom.com/wiki/Khaojao,UC1W2400L97Bwe2leu7eXEzA,True,YouTube: 2021/03/20,|character_designer = Illustration/Designer:,,Independent,True
Kirine,https://virtualyoutuber.fandom.com/wiki/Kirine,UCVX1q9x58mqu12j94cAwr0w,False,YouTube: 2021/12/03,|character_designer = Illustration: [https://twitter.com/AshesBomber AshesBomber],,[https://twitter.com/ParabellumProj Parabellum Project],True
Kitsukami Niji,https://virtualyoutuber.fandom.com/wiki/Kitsukami%20Niji,UCO16Msf-IqFupuEiRYbmC7A,False,YouTube: 2020/08/23,2021/07/30,,[[Easter:Egg]],True
Kitsuneko Mewten,https://virtualyoutuber.fandom.com/wiki/Kitsuneko%20Mewten,UCPMOk4hbIh5A-_6uNhzAvDg,True,YouTube: 2022/01/27,|character_designer = Illustration: [https://twitter.com/yuta_moeki Moeki Yuta],,[[Pixela]],True
Klara Charmwood,https://virtualyoutuber.fandom.com/wiki/Klara%20Charmwood,UCQYwIUCLqFoin7lHKmePjJw,False,YouTube: 2024/05/25,|character_designer = OMI,,[[NIJISANJI EN]],True
Koseki Bijou,https://virtualyoutuber.fandom.com/wiki/Koseki%20Bijou,UC9p_lqQ0FEDz327Vgf5JwqA,False,YouTube: 2023/07/30,|character_designer = Illustration:,,[[hololive|hololive English]],True
Kurosaki Kuzune,https://virtualyoutuber.fandom.com/wiki/Kurosaki%20Kuzune,UCpuk3ld3rGWSsLOhuVlOFBQ,False,YouTube: 2021/02/27,|character_designer = Illustration/Designer:,,Independent,True
Laguna Juju,https://virtualyoutuber.fandom.com/wiki/Laguna%20Juju,UCMUtWzsjAQJgp6UlkbVSo1w,True,YouTube: 2021/03/14,2023/11/29,,[[Pixela]],True
Laibaht,https://virtualyoutuber.fandom.com/wiki/Laibaht,UCR1Htb-H1-tus7UPotPh69A,True,2021/05/15,|character_designer = Illustration: [https://twitter.com/Jiro_Fly Jiro_Fly],,ManyVProject,True
Lapine,https://virtualyoutuber.fandom.com/wiki/Lapine,UCC5q6CpuDflPvO7pNn52RGQ,True,YouTube: 2020/10/02,|character_designer = Design:,,[[Polygon Project]],True
Lawiz,https://virtualyoutuber.fandom.com/wiki/Lawiz,UCCptqrhEdtJGBer1qWWRLnA,False,YouTube: 2020/06/11,|character_designer = Illustration: IKqz,,Independent,True
Leviana Livya,https://virtualyoutuber.fandom.com/wiki/Leviana%20Livya,UCEXxxuO6GnVJmwqIz9etkKA,False,YouTube: 2022/03/27,|character_designer = Illustration: [https://twitter.com/mino_KL mino],,[[Easter:Egg]] (formerly),True
Liselotte Engelhardt,https://virtualyoutuber.fandom.com/wiki/Liselotte%20Engelhardt,UCU5Bt3GkZmiYkazw37gJqIw,False,YouTube: 2026/01/26,|character_designer = Design: [https://x.com/Arisia19_Alpha Arisia19],,Independent,True
Little Lonita,https://virtualyoutuber.fandom.com/wiki/Little%20Lonita,,False,2023/03/24,|character_designer = Illustrator: [https://x.com/Nagi2680 Nagi2680],,[[Virtual Zeven]],True
Loxifyr,https://virtualyoutuber.fandom.com/wiki/Loxifyr,,False,2023/01/28,|character_designer = Illustrator: [https://twitter.com/fujiko_shiro Shiro D Fujiko],,[[VTory]],True
Lucene,https://virtualyoutuber.fandom.com/wiki/Lucene,UC25e5qEqvVaG_VKrkTmJBmw,True,YouTube: 2020/10/25,|character_designer = Design:,,[[Polygon Project]],True
Lunatrix,https://virtualyoutuber.fandom.com/wiki/Lunatrix,UCQSPYuDISdhcuvXsAhn3BTQ,True,YouTube: 2021/10/01,|character_designer = Illustrator: Motto & Notto,,Independent,True
Luxia,https://virtualyoutuber.fandom.com/wiki/Luxia,UCRG5fX1v4b-3sUyKfAAtxxA,True,YouTube: 2020/10/20,|character_designer = Designer: [https://twitter.com/vpkmit SALMON88],,[[Polygon Project]],True
MamiMumei,https://virtualyoutuber.fandom.com/wiki/MamiMumei,,False,YouTube: 2025/05/31,|character_designer =,,Independent,True
MeiLi,https://virtualyoutuber.fandom.com/wiki/MeiLi,UCV04Z1PL6HevUdDeHDHwkDw,False,YouTube: 2022/02/26,2022/11/25,,[[Parabellum Project]],True
Melita X,https://virtualyoutuber.fandom.com/wiki/Melita%20X,UCpNkVsMlsJRF792H-1_1vPA,True,YouTube: 2021/03/12,2023/11/30,,[[Pixela]],True
Meraki Keimii,https://virtualyoutuber.fandom.com/wiki/Meraki%20Keimii,UCSXwfOj8mTDxE1ZaIEHXN2w,True,YouTube: 2022/01/06,2023/01/08,,[[Pixela]],True
Midnight,https://virtualyoutuber.fandom.com/wiki/Midnight,UC6Q4UI5mEjeZOIRoTtRoFJA,True,YouTube: 2021/03/17 (Debut),|character_designer = [[:File:Midnight_pf.png|1st Outfit]] & [[:File:Midnight2.png|2.0 and 2nd Outfit]],,[[Algorhythm Project]],True
Mikari,https://virtualyoutuber.fandom.com/wiki/Mikari,UC19G1A17yxePMyLJqcNBN7Q,False,YouTube: 2020/12/01,Unknown,,Independent,True
Miki,https://virtualyoutuber.fandom.com/wiki/Miki,,False,YouTube: 2020/05/16,|character_designer = Illustration & Design: [https://twitter.com/Alchiaki_n Al ChiaKi],,Independent,True
MikuRu-0,https://virtualyoutuber.fandom.com/wiki/MikuRu-0,,False,YouTube: 2018/12/16,|character_designer = 2D Illustration (1st version): [https://twitter.com/Lusan_666 Lusan_666],,[[HAJITABI]] (formerly),True
Minami Cera,https://virtualyoutuber.fandom.com/wiki/Minami%20Cera,,False,2023/02/09,2026/03/31,,[[Polygon Project]],True
MiYuu43,https://virtualyoutuber.fandom.com/wiki/MiYuu43,,False,27/02/2018/02/27,|character_designer =,,Independent,True
Mooco Witchie,https://virtualyoutuber.fandom.com/wiki/Mooco%20Witchie,,False,2022/08/18,|character_designer = Illustration: [https://twitter.com/fujiko_shiro Shiro D Fujiko],,[[VTory]],True
Mortifer Bathory,https://virtualyoutuber.fandom.com/wiki/Mortifer%20Bathory,,False,YouTube: 2021/09,|character_designer = Design: [https://twitter.com/cata_kana Kana],,[[Parabellum Project]],True
Mosant,https://virtualyoutuber.fandom.com/wiki/Mosant,UC-1J1TwDCLKe2p4HVchqGiw,True,YouTube: 11/12/2021,|character_designer = Illustration/Designer:,,Independent,True
Nakaru Rikka,https://virtualyoutuber.fandom.com/wiki/Nakaru%20Rikka,UCQxYe05rfMOW_gesVywQlYA,False,2020/12/01,|character_designer =,,Independent,True
Nanahoshi Nana,https://virtualyoutuber.fandom.com/wiki/Nanahoshi%20Nana,UCHhIQk2SuVBxR4H2PH_3j2Q,True,YouTube: 2024/03/10,|character_designer = Live2D Model: [https://x.com/nakatokung Nakatokung],,Independent,True
Nelynn,https://virtualyoutuber.fandom.com/wiki/Nelynn,UC2GaO3oPD_bkDMtLLRHnJgw,False,YouTube: 2020/07/21,2022/03/31,,Independent,True
Neuatong,https://virtualyoutuber.fandom.com/wiki/Neuatong,,False,2021/03/04,|character_designer = Illustration: [https://twitter.com/Yamiiv7 Yamiiv],,[[VTory]],True
Ning Ning,https://virtualyoutuber.fandom.com/wiki/Ning%20Ning,UClSlkwPIViMrT4Mj_8enkew,False,2022/02/26,2023/05/31,,[[Parabellum Project]],True
Nisa,https://virtualyoutuber.fandom.com/wiki/Nisa,UC0cpWaYfZHppuIXGN6on59Q,False,YouTube: 2021/03/17,|character_designer = [[:File:Nisapoyo_pf.png|1st Outfit]],,Independent,True
Novice Zoel,https://virtualyoutuber.fandom.com/wiki/Novice%20Zoel,,False,2023/06/04,|character_designer = Illustration: [https://twitter.com/meriMochi_ MeriMa],,Independent,True
Nx-Aji 2806,https://virtualyoutuber.fandom.com/wiki/Nx-Aji%202806,UCP8f5nq2YdKUmHmLUCkroSw,False,YouTube: 2022/05/31,|character_designer = Design: Nexon,,Independent,True
Nyeeeon,https://virtualyoutuber.fandom.com/wiki/Nyeeeon,UCmvFibZ6umhTdyUpLya_vLg,False,Twitch: 2021/04/12,|character_designer = '''Dragon (v3)''',,Independent,True
Ookami Shiro,https://virtualyoutuber.fandom.com/wiki/Ookami%20Shiro,UCgxuLWOuU5QX8ReEFthb_lA,False,YouTube: 2020/10/12,Unknown,,Independent,True
PAres Spacedog,https://virtualyoutuber.fandom.com/wiki/PAres%20Spacedog,UCW5ZZhibxHgZ6wLzqXK97XQ,False,YouTube: 2022/06/16,|character_designer = Illustration/Designer: @Kaohom503,,Independent,True
Peach,https://virtualyoutuber.fandom.com/wiki/Peach,UCklpP4KpgJdCfz4XVe0Nhvg,False,YouTube: 2019/03/10,2023/03/30,,[[HAJITABI]] (Former),True
Pengu,https://virtualyoutuber.fandom.com/wiki/Pengu,UCAnKhwx493i5myddnJFF_gg,True,YouTube: 2020/11,|character_designer = [https://x.com/ninjinshiru ninjinshiru],,Ti19t,True
Polly Manager,https://virtualyoutuber.fandom.com/wiki/Polly%20Manager,,False,|retirement_date    =,|character_designer =,,[[Aisha|Aisha Channel]],True
Ponya Lindström,https://virtualyoutuber.fandom.com/wiki/Ponya%20Lindstr%C3%B6m,,False,2022/09/24,2023/06/30,,[[Parabellum Project]],True
Poppy,https://virtualyoutuber.fandom.com/wiki/Poppy,,False,YouTube: 2021/08/07,|character_designer = First Model,,League of เจอเกรียน แห่งประเทศไทย (League of troll of Thailand),True
Princess Zelina,https://virtualyoutuber.fandom.com/wiki/Princess%20Zelina,UCOaTgKPjI9cgXLoDW7XFDDw,True,YouTube: 2021/03/16,2025/05/09,,[[Pixela]],True
Qualia Qu,https://virtualyoutuber.fandom.com/wiki/Qualia%20Qu,UCXtQTtPJedfjqEPysorbsMg,True,YouTube: 2020/06/29,2022/03/31,,[[Re:AcT]],True
Rera Drago,https://virtualyoutuber.fandom.com/wiki/Rera%20Drago,,False,YouTube: 2021,|character_designer = [https://x.com/Motto_Notto Motto & Notto],,Independent,True
Rion Chitose,https://virtualyoutuber.fandom.com/wiki/Rion%20Chitose,,False,2024/07/27,|character_designer = Illustration: [https://x.com/UEAUWA 501],,[[AStars]],True
S a S a,https://virtualyoutuber.fandom.com/wiki/S%20a%20S%20a,UCPgZ3g9jYeuj5mLBJ5APp0A,False,YouTube: 2021/04/16,|character_designer = Illustration/Designer: Herself,,Independent,True
S1R,https://virtualyoutuber.fandom.com/wiki/S1R,UCiYFmDfFBoAP2yk9yuXBTTg,True,2021/04/09,|character_designer = Illustration: Senwawas and [https://x.com/RUZE15 RUZE15],,[[Algorhythm Project]],True
S1R/L1MOU,https://virtualyoutuber.fandom.com/wiki/S1R/L1MOU,UCiYFmDfFBoAP2yk9yuXBTTg,True,2021/04/09,|character_designer =,,[[Algorhythm Project]],True
Sandblock Virtual Group,https://virtualyoutuber.fandom.com/wiki/Sandblock%20Virtual%20Group,,False,,,,,False
Saria,https://virtualyoutuber.fandom.com/wiki/Saria,UCroF8LjEdRGOerNXLR0ddLA,False,YouTube: 2022/02/17,|character_designer = Illustration: [https://twitter.com/mino_KL mino],,Independent,True
Selene,https://virtualyoutuber.fandom.com/wiki/Selene,UChBuxXl8poN1Jz8kZDdsfhw,True,2021/08/06,|character_designer =,,[[Algorhythm Project]],True
Shimonz,https://virtualyoutuber.fandom.com/wiki/Shimonz,UCt8vlwt6qi6P1mz5uuStJCA,True,2021/04/03,2022/12/22,,Independent,True
Shino Laila,https://virtualyoutuber.fandom.com/wiki/Shino%20Laila,UCFSkExeBcqI4nb_ArHeByNw,True,YouTube: 2021/ 05/09,2022/03/02,,[[WACTOR]],True
Shishiou Seito,https://virtualyoutuber.fandom.com/wiki/Shishiou%20Seito,,False,2025/06/07,|character_designer = Illustration: [https://x.com/pilo_pilo_trpg pilo pilo],,[[AStars]],True
Sienna RE:S,https://virtualyoutuber.fandom.com/wiki/Sienna%20RE%3AS,UCD67JYizIZGNc-1Dsn9eu3A,False,2025/09/27,|character_designer = Illustration: [https://x.com/gnasluv_u04 Gnas],,[[RE:Spaark]],True
Sigmunda Riona,https://virtualyoutuber.fandom.com/wiki/Sigmunda%20Riona,UCMHyqlEwC-IdXCQZht8g44w,False,YouTube: 2023/02/08,|character_designer = Illustrator: [https://twitter.com/kaohom503 KAOHOM],,[[Polygon Project]],True
Sisira Hydrangea,https://virtualyoutuber.fandom.com/wiki/Sisira%20Hydrangea,,False,YouTube: 2021/08/15,,,[[Pixela]],True
Solly,https://virtualyoutuber.fandom.com/wiki/Solly,,False,2021/08/26,|character_designer = Mama: [https://twitter.com/soleil7775 Soleil7775],,[[VTory]],True
Stellar Lynx,https://virtualyoutuber.fandom.com/wiki/Stellar%20Lynx,,False,2020/09/30,2021/10/12,,Xekin Project,True
Superpretty TAKOPERO,https://virtualyoutuber.fandom.com/wiki/Superpretty%20TAKOPERO,UCktUGMC7AKl1e8n20Ys8w0Q,True,YouTube: 2022/01/06,|character_designer =,,[[Pixela]],True
TaengKwa,https://virtualyoutuber.fandom.com/wiki/TaengKwa,UCDki34ncCre0xPgf1JCkqCA,False,YouTube: 2021/12/03,2022/11/30 (as Taeng Kwa),,[https://twitter.com/IGNITEVOfficial IGNITE PROJECT],True
TailBlade,https://virtualyoutuber.fandom.com/wiki/TailBlade,UCepIXUC8KUvonowbahgMsQA,False,YouTube: 2022/05/12,|character_designer = Illustration/Designer:,,Independent,True
Takane Lui,https://virtualyoutuber.fandom.com/wiki/Takane%20Lui,UCs9_O1tRPMQTHQ-N_L6FU2g,False,YouTube: 2021/11/27,|character_designer = Illustration:,,[[hololive]],True
Tatsugami Zuii,https://virtualyoutuber.fandom.com/wiki/Tatsugami%20Zuii,UC6JIG9kjnF3ml6gLudTyzuA,False,YouTube: 2020/09/20,2021/07/30,,[[Easter:Egg]],True
Tiara Rexa,https://virtualyoutuber.fandom.com/wiki/Tiara%20Rexa,,False,YouTube: 2023/03/03,2026/06/01,,[[Polygon Project]],True
Tiern,https://virtualyoutuber.fandom.com/wiki/Tiern,,False,2022/07/22,|character_designer = Illustration: [https://twitter.com/fujiko_shiro Shiro D Fujiko],,[[VTory]],True
Toru Kuma,https://virtualyoutuber.fandom.com/wiki/Toru%20Kuma,UC0vtaaMk6-hGYcx4QWoMymg,False,YouTube: 2021/04/12,|character_designer = Character and design: [https://x.com/sayo_ri99 sayori],,Independent,True
Tsontaya Knox,https://virtualyoutuber.fandom.com/wiki/Tsontaya%20Knox,,False,2020/12/12,|character_designer = Illust: [https://x.com/aka_sl2 Aka_sl2],,Independent,True
Unnämed,https://virtualyoutuber.fandom.com/wiki/Unn%C3%A4med,,False,2022/12/18,|character_designer = Illustration: [https://twitter.com/Kanishiima Kani],,Independent,True
Ursa Scorpio,https://virtualyoutuber.fandom.com/wiki/Ursa%20Scorpio,UC_XyNfXasr_yngj3VOJU3dg,False,2023/05/10 (Model 1.0),|character_designer = Character Designer: [https://twitter.com/phexwsz Phew],,Independent,True
Vanila Mali,https://virtualyoutuber.fandom.com/wiki/Vanila%20Mali,UCSdV0wKlfljMvRY3mFVn1ZQ,False,YouTube: 2021/01/13,2021/06/03,,[https://www.facebook.com/destinesia.project Destinesia Project],True
Varin Rattanavisut,https://virtualyoutuber.fandom.com/wiki/Varin%20Rattanavisut,,False,YouTube: 2020/09/19,|character_designer =,,Independent,True
VTory,https://virtualyoutuber.fandom.com/wiki/VTory,,False,,,,,False
Wanissa,https://virtualyoutuber.fandom.com/wiki/Wanissa,,False,2021/09/18,2023/06/30,,[[VTory]],True
Wanjan,https://virtualyoutuber.fandom.com/wiki/Wanjan,,False,2022/09/22,|character_designer = Illustration: [https://twitter.com/_chiachiachia @_chiachiachia],,[[VTory]],True
Xeno Horizon,https://virtualyoutuber.fandom.com/wiki/Xeno%20Horizon,UCvsZDzO8ATDZJJgkhVlWopg,False,YouTube: 2021/05/07,|character_designer = Illustration/Designer:,,Independent,True
Yamisora Alan,https://virtualyoutuber.fandom.com/wiki/Yamisora%20Alan,UCPdYJjRagj71zeEgh3v0R6Q,False,YouTube: 2020/02/27,2021/09/30,,[[Easter:Egg]],True
Yao Takanashi,https://virtualyoutuber.fandom.com/wiki/Yao%20Takanashi,UCaCZ78DoDsPxejb_azg1hog,True,YouTube: 2020/04,|character_designer = Illustration: [https://twitter.com/Hakkun229 Bai Ye],,Independent,True
Yasou Azrael,https://virtualyoutuber.fandom.com/wiki/Yasou%20Azrael,,False,2025/09/27,|character_designer = Illustration: [https://x.com/_ando_u_ andou],,[[AStars]],True
Yu Estella Kirameki,https://virtualyoutuber.fandom.com/wiki/Yu%20Estella%20Kirameki,,False,YouTube: 2020/03/20,2021/09/12,,Kadokawa Amarin,True
Yugo Asuma,https://virtualyoutuber.fandom.com/wiki/Yugo%20Asuma,UCSc_KzY_9WYAx9LghggjVRA,False,YouTube: 2022/02/27,2022/12/14,,[[NIJISANJI EN]],True
Yukito Hoshitoki,https://virtualyoutuber.fandom.com/wiki/Yukito%20Hoshitoki,,False,2024/07/27,|character_designer = Illustration: [https://x.com/v_loAlo Honda Loalo],,[[AStars]],True
Zia Sylph,https://virtualyoutuber.fandom.com/wiki/Zia%20Sylph,,False,2024/09/13,|character_designer = Illustration: [https://x.com/BEBE_fate BEBE],,[[AStars]],True
Zona,https://virtualyoutuber.fandom.com/wiki/Zona,UCafG1bj6Qtcbn4bozcicWfA,True,YouTube: 2020/10/08,|character_designer = Design:,,[[Polygon Project]],True
