account_key,platform,channel_id,label,url,eligibility_status,reason_code,included
youtube:UC-KdQvTPC9k3pLjy4Y1PBkg,youtube,UC-KdQvTPC9k3pLjy4Y1PBkg,Aventurine Ch,https://www.youtube.com/channel/UC-KdQvTPC9k3pLjy4Y1PBkg,STRICT_VIRTUAL,EXACT_CHANNEL_ID_REVIEW,True
youtube:UC05R2CcQn2TqvrgZRp-RF6w,youtube,UC05R2CcQn2TqvrgZRp-RF6w,Navy Lucifer | V.W.Y,https://www.youtube.com/channel/UC05R2CcQn2TqvrgZRp-RF6w,STRICT_VIRTUAL,EXACT_CHANNEL_ID_REVIEW,True
youtube:UC06ZTttwwgmmMdc6ZMkOOgg,youtube,UC06ZTttwwgmmMdc6ZMkOOgg,Akimoto Yuma Ch. [SOON],https://www.youtube.com/channel/UC06ZTttwwgmmMdc6ZMkOOgg,STRICT_VIRTUAL,EXACT_CHANNEL_ID_REVIEW,True
youtube:UC0CvHQnIDi7-Pk5nyc09EYw,youtube,UC0CvHQnIDi7-Pk5nyc09EYw,Kyubi Nine キュビ ナイン,https://www.youtube.com/channel/UC0CvHQnIDi7-Pk5nyc09EYw,STRICT_VIRTUAL,EXACT_CHANNEL_ID_REVIEW,True
youtube:UC0D7SuIVLYoD1hU3dxNxdMg,youtube,UC0D7SuIVLYoD1hU3dxNxdMg,Ziika ⌜VZ⌟,https://www.youtube.com/channel/UC0D7SuIVLYoD1hU3dxNxdMg,STRICT_VIRTUAL,EXACT_CHANNEL_ID_REVIEW,True
youtube:UC0FTyntIoEvvpfQOe75zJXA,youtube,UC0FTyntIoEvvpfQOe75zJXA,Marine Ch. マリン • チャリオット,https://www.youtube.com/channel/UC0FTyntIoEvvpfQOe75zJXA,STRICT_VIRTUAL,EXACT_CHANNEL_ID_REVIEW,True
youtube:UC0OQFhAPY9bgfKqi6u8MI7Q,youtube,UC0OQFhAPY9bgfKqi6u8MI7Q,Ryoukucha CH〖DPX〗,https://www.youtube.com/channel/UC0OQFhAPY9bgfKqi6u8MI7Q,STRICT_VIRTUAL,EXACT_CHANNEL_ID_REVIEW,True
youtube:UC1893R8hjcc2zIu1KPT4MGw,youtube,UC1893R8hjcc2zIu1KPT4MGw,Waririn Channel ⌜VZ⌟,https://www.youtube.com/channel/UC1893R8hjcc2zIu1KPT4MGw,STRICT_VIRTUAL,EXACT_CHANNEL_ID_REVIEW,True
youtube:UC2iD3jxz5srvHoV7gXtBYvQ,youtube,UC2iD3jxz5srvHoV7gXtBYvQ,Davina V.,https://www.youtube.com/channel/UC2iD3jxz5srvHoV7gXtBYvQ,STRICT_VIRTUAL,EXACT_CHANNEL_ID_REVIEW,True
youtube:UC2mSWpVqjjQ7G7gEIfQ7p9w,youtube,UC2mSWpVqjjQ7G7gEIfQ7p9w,Zeraphina Hana,https://www.youtube.com/channel/UC2mSWpVqjjQ7G7gEIfQ7p9w,STRICT_VIRTUAL,EXACT_CHANNEL_ID_REVIEW,True
youtube:UC2sAw3h-IzU3JOtvXVzTjxw,youtube,UC2sAw3h-IzU3JOtvXVzTjxw,叶龙 Yelong CH.,https://www.youtube.com/channel/UC2sAw3h-IzU3JOtvXVzTjxw,STRICT_VIRTUAL,EXACT_CHANNEL_ID_REVIEW,True
youtube:UC31Hn_T44_qvI_yTY-BFbPw,youtube,UC31Hn_T44_qvI_yTY-BFbPw,LIN Darling Ch.,https://www.youtube.com/channel/UC31Hn_T44_qvI_yTY-BFbPw,STRICT_VIRTUAL,EXACT_CHANNEL_ID_REVIEW,True
youtube:UC35EDRwjO07DpevXGxo3Y0g,youtube,UC35EDRwjO07DpevXGxo3Y0g,IKUTO ch.,https://www.youtube.com/channel/UC35EDRwjO07DpevXGxo3Y0g,STRICT_VIRTUAL,EXACT_CHANNEL_ID_REVIEW,True
youtube:UC3O5wAgEVyNA1Jw3gyi-_jA,youtube,UC3O5wAgEVyNA1Jw3gyi-_jA,MOLLY,https://www.youtube.com/channel/UC3O5wAgEVyNA1Jw3gyi-_jA,STRICT_VIRTUAL,EXACT_CHANNEL_ID_REVIEW,True
youtube:UC3qnb4Sgo4QtiOi8iS7jOsQ,youtube,UC3qnb4Sgo4QtiOi8iS7jOsQ,Kumoku Tsururu Ch. Lumina-World-End,https://www.youtube.com/channel/UC3qnb4Sgo4QtiOi8iS7jOsQ,STRICT_VIRTUAL,EXACT_CHANNEL_ID_REVIEW,True
youtube:UC3sqLdjV0uxXfAzLE-fJeXw,youtube,UC3sqLdjV0uxXfAzLE-fJeXw,Cresent Ansel Ch.,https://www.youtube.com/channel/UC3sqLdjV0uxXfAzLE-fJeXw,STRICT_VIRTUAL,EXACT_CHANNEL_ID_REVIEW,True
youtube:UC48D7EILUGrBeffDrXXJAIQ,youtube,UC48D7EILUGrBeffDrXXJAIQ,Langler Ch.,https://www.youtube.com/channel/UC48D7EILUGrBeffDrXXJAIQ,STRICT_VIRTUAL,EXACT_CHANNEL_ID_REVIEW,True
youtube:UC4g_aNYnbZ564FUrzHvoFQA,youtube,UC4g_aNYnbZ564FUrzHvoFQA,Moe Kaori  ⌜VZ⌟,https://www.youtube.com/channel/UC4g_aNYnbZ564FUrzHvoFQA,STRICT_VIRTUAL,EXACT_CHANNEL_ID_REVIEW,True
youtube:UC4kKR_Kstzo__dyqZa-95Ig,youtube,UC4kKR_Kstzo__dyqZa-95Ig,King Slime VTH ,https://www.youtube.com/channel/UC4kKR_Kstzo__dyqZa-95Ig,STRICT_VIRTUAL,EXACT_CHANNEL_ID_REVIEW,True
youtube:UC4plXkAtJdWilZ7-YqWT7Zw,youtube,UC4plXkAtJdWilZ7-YqWT7Zw,GINYADOM,https://www.youtube.com/channel/UC4plXkAtJdWilZ7-YqWT7Zw,STRICT_VIRTUAL,EXACT_CHANNEL_ID_REVIEW,True
youtube:UC4x2o7dyxOqFLoA9NKxf0Iw,youtube,UC4x2o7dyxOqFLoA9NKxf0Iw,Ivy Ch.【ARP】,https://www.youtube.com/channel/UC4x2o7dyxOqFLoA9NKxf0Iw,STRICT_VIRTUAL,EXACT_CHANNEL_ID_REVIEW,True
youtube:UC4zIwNmfURhIO5Pj-ccmKBA,youtube,UC4zIwNmfURhIO5Pj-ccmKBA,Amu V Ch.,https://www.youtube.com/channel/UC4zIwNmfURhIO5Pj-ccmKBA,STRICT_VIRTUAL,EXACT_CHANNEL_ID_REVIEW,True
youtube:UC5I-HucSFSRsYl3HYMxtgEA,youtube,UC5I-HucSFSRsYl3HYMxtgEA,TiernSay,https://www.youtube.com/channel/UC5I-HucSFSRsYl3HYMxtgEA,STRICT_VIRTUAL,EXACT_CHANNEL_ID_REVIEW,True
youtube:UC5JlD3YtvbCaAeU3TWSpW6A,youtube,UC5JlD3YtvbCaAeU3TWSpW6A,Kisa l FoxRabbitC4T,https://www.youtube.com/channel/UC5JlD3YtvbCaAeU3TWSpW6A,STRICT_VIRTUAL,EXACT_CHANNEL_ID_REVIEW,True
youtube:UC5OXcxq6ab6RlhHqNyHws_w,youtube,UC5OXcxq6ab6RlhHqNyHws_w,M a l l o w  Ch.,https://www.youtube.com/channel/UC5OXcxq6ab6RlhHqNyHws_w,STRICT_VIRTUAL,EXACT_CHANNEL_ID_REVIEW,True
youtube:UC5cOcO_LxT0ZQ7Q2qQEM4Og,youtube,UC5cOcO_LxT0ZQ7Q2qQEM4Og,Shiba Inuri Ch.,https://www.youtube.com/channel/UC5cOcO_LxT0ZQ7Q2qQEM4Og,STRICT_VIRTUAL,EXACT_CHANNEL_ID_REVIEW,True
youtube:UC5iFCwUMeeZX9KLCTOIKItQ,youtube,UC5iFCwUMeeZX9KLCTOIKItQ,Mirinku ,https://www.youtube.com/channel/UC5iFCwUMeeZX9KLCTOIKItQ,STRICT_VIRTUAL,EXACT_CHANNEL_ID_REVIEW,True
youtube:UC61qTNWVk4mkDXe01xgudpA,youtube,UC61qTNWVk4mkDXe01xgudpA,MurkilyCH.,https://www.youtube.com/channel/UC61qTNWVk4mkDXe01xgudpA,STRICT_VIRTUAL,EXACT_CHANNEL_ID_REVIEW,True
youtube:UC65MNFVWnrkOpg04LBHVvzw,youtube,UC65MNFVWnrkOpg04LBHVvzw,Bishamon Kuroneko Ch. / AStars Chrono prince,https://www.youtube.com/channel/UC65MNFVWnrkOpg04LBHVvzw,STRICT_VIRTUAL,EXACT_CHANNEL_ID_REVIEW,True
youtube:UC6Q4UI5mEjeZOIRoTtRoFJA,youtube,UC6Q4UI5mEjeZOIRoTtRoFJA,Midnight Ch.【ARP】,https://www.youtube.com/channel/UC6Q4UI5mEjeZOIRoTtRoFJA,STRICT_VIRTUAL,EXACT_CHANNEL_ID_REVIEW,True
youtube:UC6TOqqD-TLbPlnV5i3DiIrw,youtube,UC6TOqqD-TLbPlnV5i3DiIrw,NEMI,https://www.youtube.com/channel/UC6TOqqD-TLbPlnV5i3DiIrw,STRICT_VIRTUAL,EXACT_CHANNEL_ID_REVIEW,True
youtube:UC6Zrmc0VG4gqQJ4jS58iKGw,youtube,UC6Zrmc0VG4gqQJ4jS58iKGw,Ezra Ch.,https://www.youtube.com/channel/UC6Zrmc0VG4gqQJ4jS58iKGw,STRICT_VIRTUAL,EXACT_CHANNEL_ID_REVIEW,True
youtube:UC6lZLAOgSYgJ6ZkW2ZTI75Q,youtube,UC6lZLAOgSYgJ6ZkW2ZTI75Q,Effy Ch.【ARP】,https://www.youtube.com/channel/UC6lZLAOgSYgJ6ZkW2ZTI75Q,STRICT_VIRTUAL,EXACT_CHANNEL_ID_REVIEW,True
youtube:UC6o7pFz9U9kcE9d8op_eUQQ,youtube,UC6o7pFz9U9kcE9d8op_eUQQ,Delphyron,https://www.youtube.com/channel/UC6o7pFz9U9kcE9d8op_eUQQ,STRICT_VIRTUAL,EXACT_CHANNEL_ID_REVIEW,True
youtube:UC72_UWR1CAQhC-Kg48e5mjA,youtube,UC72_UWR1CAQhC-Kg48e5mjA,Calista Ch.【ARP】,https://www.youtube.com/channel/UC72_UWR1CAQhC-Kg48e5mjA,STRICT_VIRTUAL,EXACT_CHANNEL_ID_REVIEW,True
youtube:UC7BTojsUPC4JhxDYRgmuz2Q,youtube,UC7BTojsUPC4JhxDYRgmuz2Q,Jiru ch. Euphora,https://www.youtube.com/channel/UC7BTojsUPC4JhxDYRgmuz2Q,STRICT_VIRTUAL,EXACT_CHANNEL_ID_REVIEW,True
youtube:UC7FpwTuRGribXTefl5SMkAg,youtube,UC7FpwTuRGribXTefl5SMkAg,AidenShia Ch.,https://www.youtube.com/channel/UC7FpwTuRGribXTefl5SMkAg,STRICT_VIRTUAL,EXACT_CHANNEL_ID_REVIEW,True
youtube:UC7TOQpHWGhZ_mJ_KkdUazFg,youtube,UC7TOQpHWGhZ_mJ_KkdUazFg,Nayuta『VW』,https://www.youtube.com/channel/UC7TOQpHWGhZ_mJ_KkdUazFg,STRICT_VIRTUAL,EXACT_CHANNEL_ID_REVIEW,True
youtube:UC7ZDXfdtafyoSwxXysGJU3A,youtube,UC7ZDXfdtafyoSwxXysGJU3A,Lumiel Ch. 【DPX】,https://www.youtube.com/channel/UC7ZDXfdtafyoSwxXysGJU3A,STRICT_VIRTUAL,EXACT_CHANNEL_ID_REVIEW,True
youtube:UC7_cZ5j3JJRERezE3YHnm5w,youtube,UC7_cZ5j3JJRERezE3YHnm5w,Avisa Lopez Ch. [Autumnia],https://www.youtube.com/channel/UC7_cZ5j3JJRERezE3YHnm5w,STRICT_VIRTUAL,EXACT_CHANNEL_ID_REVIEW,True
youtube:UC89-GlmTgO8a9QyE0QL0q1w,youtube,UC89-GlmTgO8a9QyE0QL0q1w,Riko Phokaia,https://www.youtube.com/channel/UC89-GlmTgO8a9QyE0QL0q1w,STRICT_VIRTUAL,EXACT_CHANNEL_ID_REVIEW,True
youtube:UC8GsIgxeIHQMaTQgkEUXhMw,youtube,UC8GsIgxeIHQMaTQgkEUXhMw,Ari Kate Ch.,https://www.youtube.com/channel/UC8GsIgxeIHQMaTQgkEUXhMw,STRICT_VIRTUAL,EXACT_CHANNEL_ID_REVIEW,True
youtube:UC8fneiVrSectPFlnumDMFaw,youtube,UC8fneiVrSectPFlnumDMFaw,FuMoon Dayooo,https://www.youtube.com/channel/UC8fneiVrSectPFlnumDMFaw,STRICT_VIRTUAL,EXACT_CHANNEL_ID_REVIEW,True
youtube:UC9WXRLLO7DrcJvUTg69_lkA,youtube,UC9WXRLLO7DrcJvUTg69_lkA,Leox Ch. Genesis Project,https://www.youtube.com/channel/UC9WXRLLO7DrcJvUTg69_lkA,STRICT_VIRTUAL,EXACT_CHANNEL_ID_REVIEW,True
youtube:UC9dolQobrGWzLP2UNrkUbEw,youtube,UC9dolQobrGWzLP2UNrkUbEw,Liz's | WISLIVE,https://www.youtube.com/channel/UC9dolQobrGWzLP2UNrkUbEw,STRICT_VIRTUAL,EXACT_CHANNEL_ID_REVIEW,True
youtube:UC9tPom2jf2B1qPCTOJ2o2uw,youtube,UC9tPom2jf2B1qPCTOJ2o2uw,SakiMori Mikan,https://www.youtube.com/channel/UC9tPom2jf2B1qPCTOJ2o2uw,STRICT_VIRTUAL,EXACT_CHANNEL_ID_REVIEW,True
youtube:UC9yPUw_aebcLI_oXNNh1wwQ,youtube,UC9yPUw_aebcLI_oXNNh1wwQ,Ureinaz,https://www.youtube.com/channel/UC9yPUw_aebcLI_oXNNh1wwQ,STRICT_VIRTUAL,EXACT_CHANNEL_ID_REVIEW,True
youtube:UCAO6vSguYeBGpQvn3D9fpdw,youtube,UCAO6vSguYeBGpQvn3D9fpdw,Lanka Vtuber,https://www.youtube.com/channel/UCAO6vSguYeBGpQvn3D9fpdw,STRICT_VIRTUAL,EXACT_CHANNEL_ID_REVIEW,True
youtube:UCAnKhwx493i5myddnJFF_gg,youtube,UCAnKhwx493i5myddnJFF_gg,Pengu Ch.【Ti19t】,https://www.youtube.com/channel/UCAnKhwx493i5myddnJFF_gg,STRICT_VIRTUAL,EXACT_CHANNEL_ID_REVIEW,True
youtube:UCAoZkJiB43mNUD6aadeozRw,youtube,UCAoZkJiB43mNUD6aadeozRw,Asatsuyu Ch.,https://www.youtube.com/channel/UCAoZkJiB43mNUD6aadeozRw,STRICT_VIRTUAL,EXACT_CHANNEL_ID_REVIEW,True
youtube:UCAr4U_HGMYXn1EZjdWiGSLQ,youtube,UCAr4U_HGMYXn1EZjdWiGSLQ,Baabel Ch.【ARP】,https://www.youtube.com/channel/UCAr4U_HGMYXn1EZjdWiGSLQ,STRICT_VIRTUAL,EXACT_CHANNEL_ID_REVIEW,True
youtube:UCB5KUWdc5ttyglIgCYLLOJg,youtube,UCB5KUWdc5ttyglIgCYLLOJg,Zia Sylph Ch. / AStars Amakara,https://www.youtube.com/channel/UCB5KUWdc5ttyglIgCYLLOJg,STRICT_VIRTUAL,EXACT_CHANNEL_ID_REVIEW,True
youtube:UCBev9yAPNYhFM4ORPQb_LYQ,youtube,UCBev9yAPNYhFM4ORPQb_LYQ,Rion Chitose Ch. / AStars Chrono prince,https://www.youtube.com/channel/UCBev9yAPNYhFM4ORPQb_LYQ,STRICT_VIRTUAL,EXACT_CHANNEL_ID_REVIEW,True
youtube:UCC8N_hO-iyfkS2uaJqkxfMA,youtube,UCC8N_hO-iyfkS2uaJqkxfMA,KoriMisu Ch.  ,https://www.youtube.com/channel/UCC8N_hO-iyfkS2uaJqkxfMA,STRICT_VIRTUAL,EXACT_CHANNEL_ID_REVIEW,True
youtube:UCCKvp_oV10qcK5Abjaz4FrA,youtube,UCCKvp_oV10qcK5Abjaz4FrA,Tiggar Ch.,https://www.youtube.com/channel/UCCKvp_oV10qcK5Abjaz4FrA,STRICT_VIRTUAL,EXACT_CHANNEL_ID_REVIEW,True
youtube:UCCTu-nYFSFerCTEAQLwyRgA,youtube,UCCTu-nYFSFerCTEAQLwyRgA,Fo_Kuro「フォー黒」,https://www.youtube.com/channel/UCCTu-nYFSFerCTEAQLwyRgA,STRICT_VIRTUAL,EXACT_CHANNEL_ID_REVIEW,True
youtube:UCCptqrhEdtJGBer1qWWRLnA,youtube,UCCptqrhEdtJGBer1qWWRLnA,Lawiz Ch.,https://www.youtube.com/channel/UCCptqrhEdtJGBer1qWWRLnA,STRICT_VIRTUAL,EXACT_CHANNEL_ID_REVIEW,True
youtube:UCDVOWB_Fi5jmi6o-x5_uV8g,youtube,UCDVOWB_Fi5jmi6o-x5_uV8g,Deliva Kaga ch.,https://www.youtube.com/channel/UCDVOWB_Fi5jmi6o-x5_uV8g,STRICT_VIRTUAL,EXACT_CHANNEL_ID_REVIEW,True
youtube:UCDXW5zG-2aZXL9K1bkV3Ajw,youtube,UCDXW5zG-2aZXL9K1bkV3Ajw,IV_1386 ch.,https://www.youtube.com/channel/UCDXW5zG-2aZXL9K1bkV3Ajw,STRICT_VIRTUAL,EXACT_CHANNEL_ID_REVIEW,True
youtube:UCD_aBWFE2nsQB0Pb6Hj8Ksg,youtube,UCD_aBWFE2nsQB0Pb6Hj8Ksg,LittleBunnie Ch.,https://www.youtube.com/channel/UCD_aBWFE2nsQB0Pb6Hj8Ksg,STRICT_VIRTUAL,EXACT_CHANNEL_ID_REVIEW,True
youtube:UCDdYlO59uiphs8QUL7I88Rg,youtube,UCDdYlO59uiphs8QUL7I88Rg,Kaneaki Arina Ch.,https://www.youtube.com/channel/UCDdYlO59uiphs8QUL7I88Rg,STRICT_VIRTUAL,EXACT_CHANNEL_ID_REVIEW,True
youtube:UCDiyOEC0TGng4cudBJbMyWg,youtube,UCDiyOEC0TGng4cudBJbMyWg,Celeste Ch.,https://www.youtube.com/channel/UCDiyOEC0TGng4cudBJbMyWg,STRICT_VIRTUAL,EXACT_CHANNEL_ID_REVIEW,True
youtube:UCEpxkPOevg0ItmSknvEcngg,youtube,UCEpxkPOevg0ItmSknvEcngg,Tamto Ch.,https://www.youtube.com/channel/UCEpxkPOevg0ItmSknvEcngg,STRICT_VIRTUAL,EXACT_CHANNEL_ID_REVIEW,True
youtube:UCFLR42m7vGHPi3wSROWaepA,youtube,UCFLR42m7vGHPi3wSROWaepA,GoMu no Ch.,https://www.youtube.com/channel/UCFLR42m7vGHPi3wSROWaepA,STRICT_VIRTUAL,EXACT_CHANNEL_ID_REVIEW,True
youtube:UCFkljb428Byj00FxL_kwYyA,youtube,UCFkljb428Byj00FxL_kwYyA,OZiK Ch.,https://www.youtube.com/channel/UCFkljb428Byj00FxL_kwYyA,STRICT_VIRTUAL,EXACT_CHANNEL_ID_REVIEW,True
youtube:UCG1Dk3994tPaCIBJp8Cu2pg,youtube,UCG1Dk3994tPaCIBJp8Cu2pg,Kamilla Lich,https://www.youtube.com/channel/UCG1Dk3994tPaCIBJp8Cu2pg,STRICT_VIRTUAL,EXACT_CHANNEL_ID_REVIEW,True
youtube:UCGAtHjeWWgyWboVQ33ZQX6Q,youtube,UCGAtHjeWWgyWboVQ33ZQX6Q,Zenith Ch.【ARP】,https://www.youtube.com/channel/UCGAtHjeWWgyWboVQ33ZQX6Q,STRICT_VIRTUAL,EXACT_CHANNEL_ID_REVIEW,True
youtube:UCGOkjVQVJivJxDN7iSdQuLA,youtube,UCGOkjVQVJivJxDN7iSdQuLA,Moe Miyabi ⌜VZ⌟,https://www.youtube.com/channel/UCGOkjVQVJivJxDN7iSdQuLA,STRICT_VIRTUAL,EXACT_CHANNEL_ID_REVIEW,True
youtube:UCGSthfh4W439C_2cQloVocw,youtube,UCGSthfh4W439C_2cQloVocw,Val 5332,https://www.youtube.com/channel/UCGSthfh4W439C_2cQloVocw,STRICT_VIRTUAL,EXACT_CHANNEL_ID_REVIEW,True
youtube:UCGhWfzi-1RoI9mJKzrCJGHQ,youtube,UCGhWfzi-1RoI9mJKzrCJGHQ,Sakamajimai / Sharky Ch.,https://www.youtube.com/channel/UCGhWfzi-1RoI9mJKzrCJGHQ,STRICT_VIRTUAL,EXACT_CHANNEL_ID_REVIEW,True
youtube:UCGkGWo40A2iZKQl9ug1oXoA,youtube,UCGkGWo40A2iZKQl9ug1oXoA,Loxifyr,https://www.youtube.com/channel/UCGkGWo40A2iZKQl9ug1oXoA,STRICT_VIRTUAL,EXACT_CHANNEL_ID_REVIEW,True
youtube:UCGmm95ZgqXrfS-0pu980_tA,youtube,UCGmm95ZgqXrfS-0pu980_tA,Renai ai Ch.〖DPX〗,https://www.youtube.com/channel/UCGmm95ZgqXrfS-0pu980_tA,STRICT_VIRTUAL,EXACT_CHANNEL_ID_REVIEW,True
youtube:UCGo7fnmWfGQewxZVDmC3iJQ,youtube,UCGo7fnmWfGQewxZVDmC3iJQ,Xonebu X'thulhu Ch. Lumina-World-End,https://www.youtube.com/channel/UCGo7fnmWfGQewxZVDmC3iJQ,STRICT_VIRTUAL,EXACT_CHANNEL_ID_REVIEW,True
youtube:UCGwh4Fq6iBno7cSieXcgh0w,youtube,UCGwh4Fq6iBno7cSieXcgh0w,Saiko Ch.,https://www.youtube.com/channel/UCGwh4Fq6iBno7cSieXcgh0w,STRICT_VIRTUAL,EXACT_CHANNEL_ID_REVIEW,True
youtube:UCH6Fib1kQUaR2qurlEXnZMA,youtube,UCH6Fib1kQUaR2qurlEXnZMA,Zenaida XETA-102 Channel,https://www.youtube.com/channel/UCH6Fib1kQUaR2qurlEXnZMA,STRICT_VIRTUAL,EXACT_CHANNEL_ID_REVIEW,True
youtube:UCHBOkil-h2JiTQ2LEJtG7FA,youtube,UCHBOkil-h2JiTQ2LEJtG7FA,Cerise Channel,https://www.youtube.com/channel/UCHBOkil-h2JiTQ2LEJtG7FA,STRICT_VIRTUAL,EXACT_CHANNEL_ID_REVIEW,True
youtube:UCHJyN2D9QrjAujzsrDkguRA,youtube,UCHJyN2D9QrjAujzsrDkguRA,Yuina Hoshi Ch.,https://www.youtube.com/channel/UCHJyN2D9QrjAujzsrDkguRA,STRICT_VIRTUAL,EXACT_CHANNEL_ID_REVIEW,True
youtube:UCHNUhekh0u_TuF6vZ5S5j8w,youtube,UCHNUhekh0u_TuF6vZ5S5j8w,MONGON. Association From 48 Dimension World (V.2),https://www.youtube.com/channel/UCHNUhekh0u_TuF6vZ5S5j8w,STRICT_VIRTUAL,EXACT_CHANNEL_ID_REVIEW,True
youtube:UCHUHJ0riRQWzPWdAchy6D4w,youtube,UCHUHJ0riRQWzPWdAchy6D4w,Besicka「ALF」,https://www.youtube.com/channel/UCHUHJ0riRQWzPWdAchy6D4w,STRICT_VIRTUAL,EXACT_CHANNEL_ID_REVIEW,True
youtube:UCHyAFq-CHcgrOte84Wvmorw,youtube,UCHyAFq-CHcgrOte84Wvmorw,IKKI CHANNEL,https://www.youtube.com/channel/UCHyAFq-CHcgrOte84Wvmorw,STRICT_VIRTUAL,EXACT_CHANNEL_ID_REVIEW,True
youtube:UCINPv9Ffoo7mgvEfKY8Ks2A,youtube,UCINPv9Ffoo7mgvEfKY8Ks2A,Pugko Ch.,https://www.youtube.com/channel/UCINPv9Ffoo7mgvEfKY8Ks2A,STRICT_VIRTUAL,EXACT_CHANNEL_ID_REVIEW,True
youtube:UCJ6HUQOWSjCHHdOgz13zFlA,youtube,UCJ6HUQOWSjCHHdOgz13zFlA,TheQuillmon ⌜VZ⌟,https://www.youtube.com/channel/UCJ6HUQOWSjCHHdOgz13zFlA,STRICT_VIRTUAL,EXACT_CHANNEL_ID_REVIEW,True
youtube:UCJCORIrObs3iTzSzCHHvlCA,youtube,UCJCORIrObs3iTzSzCHHvlCA,Lyvea•Eve,https://www.youtube.com/channel/UCJCORIrObs3iTzSzCHHvlCA,STRICT_VIRTUAL,EXACT_CHANNEL_ID_REVIEW,True
youtube:UCJEy_y-4fO4j2D6RLANc25Q,youtube,UCJEy_y-4fO4j2D6RLANc25Q,Zetsuna Ch.,https://www.youtube.com/channel/UCJEy_y-4fO4j2D6RLANc25Q,STRICT_VIRTUAL,EXACT_CHANNEL_ID_REVIEW,True
youtube:UCJH6IzDkIlz5Dw93LzEC_Nw,youtube,UCJH6IzDkIlz5Dw93LzEC_Nw,Cazzia Bakeriana Ch. - Parabellum,https://www.youtube.com/channel/UCJH6IzDkIlz5Dw93LzEC_Nw,STRICT_VIRTUAL,EXACT_CHANNEL_ID_REVIEW,True
youtube:UCJNuYG7F5YzslTSYChWcKBw,youtube,UCJNuYG7F5YzslTSYChWcKBw,Kousei Ch.,https://www.youtube.com/channel/UCJNuYG7F5YzslTSYChWcKBw,STRICT_VIRTUAL,EXACT_CHANNEL_ID_REVIEW,True
youtube:UCKCL2NsTO_FOaWHEE6OiHoA,youtube,UCKCL2NsTO_FOaWHEE6OiHoA,Akira Ch. 狐川アキラ,https://www.youtube.com/channel/UCKCL2NsTO_FOaWHEE6OiHoA,STRICT_VIRTUAL,EXACT_CHANNEL_ID_REVIEW,True
youtube:UCKg9vWWT_2yK3FFNNnnhhLw,youtube,UCKg9vWWT_2yK3FFNNnnhhLw,Goozilla Ily Ch. [Autumnia],https://www.youtube.com/channel/UCKg9vWWT_2yK3FFNNnnhhLw,STRICT_VIRTUAL,EXACT_CHANNEL_ID_REVIEW,True
youtube:UCL0LiR5zg3vRnIHp-CowVBg,youtube,UCL0LiR5zg3vRnIHp-CowVBg,KamiSaki Kuro Ch.,https://www.youtube.com/channel/UCL0LiR5zg3vRnIHp-CowVBg,STRICT_VIRTUAL,EXACT_CHANNEL_ID_REVIEW,True
youtube:UCL7lolCifod5V21pPzR3K-w,youtube,UCL7lolCifod5V21pPzR3K-w,Magnum Ch.【ARP】,https://www.youtube.com/channel/UCL7lolCifod5V21pPzR3K-w,STRICT_VIRTUAL,EXACT_CHANNEL_ID_REVIEW,True
youtube:UCLEOU6NgYYoVmPV8MwbwOkg,youtube,UCLEOU6NgYYoVmPV8MwbwOkg,RatoMatsudaラト松田 Ch.,https://www.youtube.com/channel/UCLEOU6NgYYoVmPV8MwbwOkg,STRICT_VIRTUAL,EXACT_CHANNEL_ID_REVIEW,True
youtube:UCLEtK3UynAZPM7ODwPeveEw,youtube,UCLEtK3UynAZPM7ODwPeveEw,LIRIN,https://www.youtube.com/channel/UCLEtK3UynAZPM7ODwPeveEw,STRICT_VIRTUAL,EXACT_CHANNEL_ID_REVIEW,True
youtube:UCLH2yQZY_yG165dVqtabtYw,youtube,UCLH2yQZY_yG165dVqtabtYw,Aki Masamune Ch. / AStars Chrono prince,https://www.youtube.com/channel/UCLH2yQZY_yG165dVqtabtYw,STRICT_VIRTUAL,EXACT_CHANNEL_ID_REVIEW,True
youtube:UCLT-U861QLvJmrlP7K6kv2w,youtube,UCLT-U861QLvJmrlP7K6kv2w,Vulgtmnahog,https://www.youtube.com/channel/UCLT-U861QLvJmrlP7K6kv2w,STRICT_VIRTUAL,EXACT_CHANNEL_ID_REVIEW,True
youtube:UCLWpw8jaGYOVXV8cIu1WMqw,youtube,UCLWpw8jaGYOVXV8cIu1WMqw,Fukai Lorn Ch.,https://www.youtube.com/channel/UCLWpw8jaGYOVXV8cIu1WMqw,STRICT_VIRTUAL,EXACT_CHANNEL_ID_REVIEW,True
youtube:UCLWuDHSv5EWSQqAxar2YTlw,youtube,UCLWuDHSv5EWSQqAxar2YTlw,Akilah Ch.,https://www.youtube.com/channel/UCLWuDHSv5EWSQqAxar2YTlw,STRICT_VIRTUAL,EXACT_CHANNEL_ID_REVIEW,True
youtube:UCLrFWzD0xA5nDt4ZYUnbGew,youtube,UCLrFWzD0xA5nDt4ZYUnbGew,Jorirynn 【PRIME】,https://www.youtube.com/channel/UCLrFWzD0xA5nDt4ZYUnbGew,STRICT_VIRTUAL,EXACT_CHANNEL_ID_REVIEW,True
youtube:UCMJcr4CRojJ_0Qkyd1a5ULQ,youtube,UCMJcr4CRojJ_0Qkyd1a5ULQ,DeathEx Ch.,https://www.youtube.com/channel/UCMJcr4CRojJ_0Qkyd1a5ULQ,STRICT_VIRTUAL,EXACT_CHANNEL_ID_REVIEW,True
youtube:UCMUtWzsjAQJgp6UlkbVSo1w,youtube,UCMUtWzsjAQJgp6UlkbVSo1w,Laguna JuJu Ch. Pixela Project,https://www.youtube.com/channel/UCMUtWzsjAQJgp6UlkbVSo1w,STRICT_VIRTUAL,EXACT_CHANNEL_ID_REVIEW,True
youtube:UCMVdzsLwVWc241rrjK78aXA,youtube,UCMVdzsLwVWc241rrjK78aXA,Pak LIGHT,https://www.youtube.com/channel/UCMVdzsLwVWc241rrjK78aXA,STRICT_VIRTUAL,EXACT_CHANNEL_ID_REVIEW,True
youtube:UCNEjPeYZ1R9xQEjHFU__Nhw,youtube,UCNEjPeYZ1R9xQEjHFU__Nhw,012CQ Ch. Ruka Inochizuna,https://www.youtube.com/channel/UCNEjPeYZ1R9xQEjHFU__Nhw,STRICT_VIRTUAL,EXACT_CHANNEL_ID_REVIEW,True
youtube:UCNLRchQpCrJaUvYo731Y_vg,youtube,UCNLRchQpCrJaUvYo731Y_vg,Callidora Ch.【VJN】,https://www.youtube.com/channel/UCNLRchQpCrJaUvYo731Y_vg,STRICT_VIRTUAL,EXACT_CHANNEL_ID_REVIEW,True
youtube:UCNW0brB5G5GcBDXuJ1iDglw,youtube,UCNW0brB5G5GcBDXuJ1iDglw,Megzis Ch.,https://www.youtube.com/channel/UCNW0brB5G5GcBDXuJ1iDglw,STRICT_VIRTUAL,EXACT_CHANNEL_ID_REVIEW,True
youtube:UCOJiQA9afDpohgpxgKIKljA,youtube,UCOJiQA9afDpohgpxgKIKljA,RinREXGer,https://www.youtube.com/channel/UCOJiQA9afDpohgpxgKIKljA,STRICT_VIRTUAL,EXACT_CHANNEL_ID_REVIEW,True
youtube:UCOY60szLyP_E8RuT6jVAVHg,youtube,UCOY60szLyP_E8RuT6jVAVHg,Aruna Shuun Ch. Pixela Destiny,https://www.youtube.com/channel/UCOY60szLyP_E8RuT6jVAVHg,STRICT_VIRTUAL,EXACT_CHANNEL_ID_REVIEW,True
youtube:UCOuX_UFS7o1y-JJN7cmHl1A,youtube,UCOuX_UFS7o1y-JJN7cmHl1A,YotChi,https://www.youtube.com/channel/UCOuX_UFS7o1y-JJN7cmHl1A,STRICT_VIRTUAL,EXACT_CHANNEL_ID_REVIEW,True
youtube:UCP8tsYT8efX32P4WUlNrFOA,youtube,UCP8tsYT8efX32P4WUlNrFOA,Aozora Sukai Ch.,https://www.youtube.com/channel/UCP8tsYT8efX32P4WUlNrFOA,STRICT_VIRTUAL,EXACT_CHANNEL_ID_REVIEW,True
youtube:UCPHqJsNtOp94Vcol4DPKpSA,youtube,UCPHqJsNtOp94Vcol4DPKpSA,SiamNeko Ch.【ARP】,https://www.youtube.com/channel/UCPHqJsNtOp94Vcol4DPKpSA,STRICT_VIRTUAL,EXACT_CHANNEL_ID_REVIEW,True
youtube:UCPb2Vtt7YjjaNsqlk3Za9-A,youtube,UCPb2Vtt7YjjaNsqlk3Za9-A,Gojila Ch. ก็อตจิ,https://www.youtube.com/channel/UCPb2Vtt7YjjaNsqlk3Za9-A,STRICT_VIRTUAL,EXACT_CHANNEL_ID_REVIEW,True
youtube:UCPb3O6Vqyk7b5b1cpYXGxhQ,youtube,UCPb3O6Vqyk7b5b1cpYXGxhQ,Moonique Ch.,https://www.youtube.com/channel/UCPb3O6Vqyk7b5b1cpYXGxhQ,STRICT_VIRTUAL,EXACT_CHANNEL_ID_REVIEW,True
youtube:UCPfqcgrqpaSMqxezIqf7DuQ,youtube,UCPfqcgrqpaSMqxezIqf7DuQ,LilInk【VJN】,https://www.youtube.com/channel/UCPfqcgrqpaSMqxezIqf7DuQ,STRICT_VIRTUAL,EXACT_CHANNEL_ID_REVIEW,True
youtube:UCPgZ3g9jYeuj5mLBJ5APp0A,youtube,UCPgZ3g9jYeuj5mLBJ5APp0A,Sasaささ-Lucix,https://www.youtube.com/channel/UCPgZ3g9jYeuj5mLBJ5APp0A,STRICT_VIRTUAL,EXACT_CHANNEL_ID_REVIEW,True
youtube:UCQGAawBLXuFEodAGOANkAdQ,youtube,UCQGAawBLXuFEodAGOANkAdQ,J U $ T - Virtual7『TH』,https://www.youtube.com/channel/UCQGAawBLXuFEodAGOANkAdQ,STRICT_VIRTUAL,EXACT_CHANNEL_ID_REVIEW,True
youtube:UCQGzkjj0cgwm5pOGVhzUs3A,youtube,UCQGzkjj0cgwm5pOGVhzUs3A,Willow Ch.【 HZ 】,https://www.youtube.com/channel/UCQGzkjj0cgwm5pOGVhzUs3A,STRICT_VIRTUAL,EXACT_CHANNEL_ID_REVIEW,True
youtube:UCQMHAPgxhO634HZIJraHPTA,youtube,UCQMHAPgxhO634HZIJraHPTA,Linden Emilio,https://www.youtube.com/channel/UCQMHAPgxhO634HZIJraHPTA,STRICT_VIRTUAL,EXACT_CHANNEL_ID_REVIEW,True
youtube:UCQMUyz21FbKDC_8o-5iQ7ZA,youtube,UCQMUyz21FbKDC_8o-5iQ7ZA,ZhenLinxing ch. PowerPay,https://www.youtube.com/channel/UCQMUyz21FbKDC_8o-5iQ7ZA,STRICT_VIRTUAL,EXACT_CHANNEL_ID_REVIEW,True
youtube:UCQWJr6Du-UVmOwuEzDzfk_w,youtube,UCQWJr6Du-UVmOwuEzDzfk_w,Junely Vtuber Ch.,https://www.youtube.com/channel/UCQWJr6Du-UVmOwuEzDzfk_w,STRICT_VIRTUAL,EXACT_CHANNEL_ID_REVIEW,True
youtube:UCQs4BC3S0KSw7i0ggHXn8TA,youtube,UCQs4BC3S0KSw7i0ggHXn8TA,Quentin Ch.【ARP】,https://www.youtube.com/channel/UCQs4BC3S0KSw7i0ggHXn8TA,STRICT_VIRTUAL,EXACT_CHANNEL_ID_REVIEW,True
youtube:UCRZE5IMKRUpTgfjaniVKpbg,youtube,UCRZE5IMKRUpTgfjaniVKpbg,ChazuminXD Ch.,https://www.youtube.com/channel/UCRZE5IMKRUpTgfjaniVKpbg,STRICT_VIRTUAL,EXACT_CHANNEL_ID_REVIEW,True
youtube:UCRaAduo6w37DoPahoaiVbTg,youtube,UCRaAduo6w37DoPahoaiVbTg,Chana チャナ,https://www.youtube.com/channel/UCRaAduo6w37DoPahoaiVbTg,STRICT_VIRTUAL,EXACT_CHANNEL_ID_REVIEW,True
youtube:UCRiS4VWQedLfgE1g1AKD1DQ,youtube,UCRiS4VWQedLfgE1g1AKD1DQ,Iryne Mau Ch. [Autumnia],https://www.youtube.com/channel/UCRiS4VWQedLfgE1g1AKD1DQ,STRICT_VIRTUAL,EXACT_CHANNEL_ID_REVIEW,True
youtube:UCRjdIz5ngcJVDZ-bjs2mEzg,youtube,UCRjdIz5ngcJVDZ-bjs2mEzg,shiorichan,https://www.youtube.com/channel/UCRjdIz5ngcJVDZ-bjs2mEzg,STRICT_VIRTUAL,EXACT_CHANNEL_ID_REVIEW,True
youtube:UCS7XTVaCOg-rBOEM6Lyw5Jg,youtube,UCS7XTVaCOg-rBOEM6Lyw5Jg,Myrrha Enchanté Ch. [Autumnia],https://www.youtube.com/channel/UCS7XTVaCOg-rBOEM6Lyw5Jg,STRICT_VIRTUAL,EXACT_CHANNEL_ID_REVIEW,True
youtube:UCS9vgAEQSQDhgTRIskKA2tA,youtube,UCS9vgAEQSQDhgTRIskKA2tA,Ark Ch.【ARP】,https://www.youtube.com/channel/UCS9vgAEQSQDhgTRIskKA2tA,STRICT_VIRTUAL,EXACT_CHANNEL_ID_REVIEW,True
youtube:UCSB3FXovZ5GLLAIfYyuXYJg,youtube,UCSB3FXovZ5GLLAIfYyuXYJg,Maprang 【Vtuber】,https://www.youtube.com/channel/UCSB3FXovZ5GLLAIfYyuXYJg,STRICT_VIRTUAL,EXACT_CHANNEL_ID_REVIEW,True
youtube:UCT6E1GD1uAXAG6fWQCGPVXA,youtube,UCT6E1GD1uAXAG6fWQCGPVXA,Sarana Sapina Ch.,https://www.youtube.com/channel/UCT6E1GD1uAXAG6fWQCGPVXA,STRICT_VIRTUAL,EXACT_CHANNEL_ID_REVIEW,True
youtube:UCTE0_50-t5vJqrC832LV2eQ,youtube,UCTE0_50-t5vJqrC832LV2eQ,Laven Ch. Genesis Project,https://www.youtube.com/channel/UCTE0_50-t5vJqrC832LV2eQ,STRICT_VIRTUAL,EXACT_CHANNEL_ID_REVIEW,True
youtube:UCTRQ7X-nxix3gjjXUb6ylvA,youtube,UCTRQ7X-nxix3gjjXUb6ylvA,Ginnique Ch.【ARP】,https://www.youtube.com/channel/UCTRQ7X-nxix3gjjXUb6ylvA,STRICT_VIRTUAL,EXACT_CHANNEL_ID_REVIEW,True
youtube:UCTbgUT9_ipoQbiC7IxhJdoQ,youtube,UCTbgUT9_ipoQbiC7IxhJdoQ,Maimon CH,https://www.youtube.com/channel/UCTbgUT9_ipoQbiC7IxhJdoQ,STRICT_VIRTUAL,EXACT_CHANNEL_ID_REVIEW,True
youtube:UCTc2h8nlS0U1LhCjMgHVFzw,youtube,UCTc2h8nlS0U1LhCjMgHVFzw,Retsu Hasuki,https://www.youtube.com/channel/UCTc2h8nlS0U1LhCjMgHVFzw,STRICT_VIRTUAL,EXACT_CHANNEL_ID_REVIEW,True
youtube:UCTtgiI6vO_zxlcOBLd3P7Jg,youtube,UCTtgiI6vO_zxlcOBLd3P7Jg,Xro Ch,https://www.youtube.com/channel/UCTtgiI6vO_zxlcOBLd3P7Jg,STRICT_VIRTUAL,EXACT_CHANNEL_ID_REVIEW,True
youtube:UCUGwdp5xDeKhuhHBgZLX_ng,youtube,UCUGwdp5xDeKhuhHBgZLX_ng,PopKorn163 Vtuber Ch.,https://www.youtube.com/channel/UCUGwdp5xDeKhuhHBgZLX_ng,STRICT_VIRTUAL,EXACT_CHANNEL_ID_REVIEW,True
youtube:UCUHopfMWIslGzHiNMs-vtVw,youtube,UCUHopfMWIslGzHiNMs-vtVw,Queenetta Indigo Night | ท่านควีน,https://www.youtube.com/channel/UCUHopfMWIslGzHiNMs-vtVw,STRICT_VIRTUAL,EXACT_CHANNEL_ID_REVIEW,True
youtube:UCURO2Hz8CWn0knwFbNTo2ng,youtube,UCURO2Hz8CWn0knwFbNTo2ng,RaneeTani『VTG』,https://www.youtube.com/channel/UCURO2Hz8CWn0knwFbNTo2ng,STRICT_VIRTUAL,EXACT_CHANNEL_ID_REVIEW,True
youtube:UCUUvW_FwpvBRsubHH7loRFA,youtube,UCUUvW_FwpvBRsubHH7loRFA,【黒崎】Asmodeus Ch.,https://www.youtube.com/channel/UCUUvW_FwpvBRsubHH7loRFA,STRICT_VIRTUAL,EXACT_CHANNEL_ID_REVIEW,True
youtube:UCUmR1YXqxbx1NXusY2ugj8A,youtube,UCUmR1YXqxbx1NXusY2ugj8A,Thear DreamWhale° 10Hz,https://www.youtube.com/channel/UCUmR1YXqxbx1NXusY2ugj8A,STRICT_VIRTUAL,EXACT_CHANNEL_ID_REVIEW,True
youtube:UCVEL1jAgCQNQcRN9Ble6lMw,youtube,UCVEL1jAgCQNQcRN9Ble6lMw,Chaos Ch.,https://www.youtube.com/channel/UCVEL1jAgCQNQcRN9Ble6lMw,STRICT_VIRTUAL,EXACT_CHANNEL_ID_REVIEW,True
youtube:UCVQrivN2wzHYLNrsAquYjhg,youtube,UCVQrivN2wzHYLNrsAquYjhg,Jaowayde,https://www.youtube.com/channel/UCVQrivN2wzHYLNrsAquYjhg,STRICT_VIRTUAL,EXACT_CHANNEL_ID_REVIEW,True
youtube:UCVY-v0sCwEjE3V7dUOqkFZg,youtube,UCVY-v0sCwEjE3V7dUOqkFZg,Camellia Ch.,https://www.youtube.com/channel/UCVY-v0sCwEjE3V7dUOqkFZg,STRICT_VIRTUAL,EXACT_CHANNEL_ID_REVIEW,True
youtube:UCVlgCh9B_0PI7COJ2tJ7hIw,youtube,UCVlgCh9B_0PI7COJ2tJ7hIw,Heiman Ch.,https://www.youtube.com/channel/UCVlgCh9B_0PI7COJ2tJ7hIw,STRICT_VIRTUAL,EXACT_CHANNEL_ID_REVIEW,True
youtube:UCVmZ-RvoPuxk9siBRctLwsA,youtube,UCVmZ-RvoPuxk9siBRctLwsA,NaNA Ch.,https://www.youtube.com/channel/UCVmZ-RvoPuxk9siBRctLwsA,STRICT_VIRTUAL,EXACT_CHANNEL_ID_REVIEW,True
youtube:UCVxPzerhZ7g_OL_5okEk08g,youtube,UCVxPzerhZ7g_OL_5okEk08g,Nanako_SLR,https://www.youtube.com/channel/UCVxPzerhZ7g_OL_5okEk08g,STRICT_VIRTUAL,EXACT_CHANNEL_ID_REVIEW,True
youtube:UCW0EhUBJrTtjSywG4-MGgrQ,youtube,UCW0EhUBJrTtjSywG4-MGgrQ,Grimus Grimm Ch. Pixela Destiny,https://www.youtube.com/channel/UCW0EhUBJrTtjSywG4-MGgrQ,STRICT_VIRTUAL,EXACT_CHANNEL_ID_REVIEW,True
youtube:UCWLGTmRYmq283VD3QreyyLg,youtube,UCWLGTmRYmq283VD3QreyyLg,Alzena_SLR,https://www.youtube.com/channel/UCWLGTmRYmq283VD3QreyyLg,STRICT_VIRTUAL,EXACT_CHANNEL_ID_REVIEW,True
youtube:UCXddo8vgPHBsEkDMqRwcYSQ,youtube,UCXddo8vgPHBsEkDMqRwcYSQ,"Peko the Witch ★ แม่มด""พีโกะ""",https://www.youtube.com/channel/UCXddo8vgPHBsEkDMqRwcYSQ,STRICT_VIRTUAL,EXACT_CHANNEL_ID_REVIEW,True
youtube:UCXkoAHy8rg9tryYsD61IXOg,youtube,UCXkoAHy8rg9tryYsD61IXOg,Morr Ch.【ARP】,https://www.youtube.com/channel/UCXkoAHy8rg9tryYsD61IXOg,STRICT_VIRTUAL,EXACT_CHANNEL_ID_REVIEW,True
youtube:UCXtQTtPJedfjqEPysorbsMg,youtube,UCXtQTtPJedfjqEPysorbsMg,久檻夜くぅ / Qualia Qu Ch.,https://www.youtube.com/channel/UCXtQTtPJedfjqEPysorbsMg,STRICT_VIRTUAL,EXACT_CHANNEL_ID_REVIEW,True
youtube:UCXyk13M_Y892ar9xTPNF75w,youtube,UCXyk13M_Y892ar9xTPNF75w,Helen Candleby ,https://www.youtube.com/channel/UCXyk13M_Y892ar9xTPNF75w,STRICT_VIRTUAL,EXACT_CHANNEL_ID_REVIEW,True
youtube:UCY5HIZ97IaqeUGCQCh5yDpA,youtube,UCY5HIZ97IaqeUGCQCh5yDpA,Clairederier,https://www.youtube.com/channel/UCY5HIZ97IaqeUGCQCh5yDpA,STRICT_VIRTUAL,EXACT_CHANNEL_ID_REVIEW,True
youtube:UCYWG9ZKz94VcpEqvvhBXk0A,youtube,UCYWG9ZKz94VcpEqvvhBXk0A,Tora Mochizuki ,https://www.youtube.com/channel/UCYWG9ZKz94VcpEqvvhBXk0A,STRICT_VIRTUAL,EXACT_CHANNEL_ID_REVIEW,True
youtube:UCZ3R0yNb7ktPu1hdjbyQ2lg,youtube,UCZ3R0yNb7ktPu1hdjbyQ2lg,Yuu Ch.,https://www.youtube.com/channel/UCZ3R0yNb7ktPu1hdjbyQ2lg,STRICT_VIRTUAL,EXACT_CHANNEL_ID_REVIEW,True
youtube:UCZBylMHjwaeTNJTLPxl6VgA,youtube,UCZBylMHjwaeTNJTLPxl6VgA,Aina VTuber,https://www.youtube.com/channel/UCZBylMHjwaeTNJTLPxl6VgA,STRICT_VIRTUAL,EXACT_CHANNEL_ID_REVIEW,True
youtube:UCZYTMrnVmu1iUVyGeqB6zJQ,youtube,UCZYTMrnVmu1iUVyGeqB6zJQ,T-Reina Ashyra Ch. Lumina-World-End,https://www.youtube.com/channel/UCZYTMrnVmu1iUVyGeqB6zJQ,STRICT_VIRTUAL,EXACT_CHANNEL_ID_REVIEW,True
youtube:UCZmQjdEL_PAGWvFlAm4hQMg,youtube,UCZmQjdEL_PAGWvFlAm4hQMg,Karin Ch. 躑躅かりん,https://www.youtube.com/channel/UCZmQjdEL_PAGWvFlAm4hQMg,STRICT_VIRTUAL,EXACT_CHANNEL_ID_REVIEW,True
youtube:UCZxNaWG_8Br9q1eTLSG5wPg,youtube,UCZxNaWG_8Br9q1eTLSG5wPg,Blu-Chan GMOT ⌜VZ⌟,https://www.youtube.com/channel/UCZxNaWG_8Br9q1eTLSG5wPg,STRICT_VIRTUAL,EXACT_CHANNEL_ID_REVIEW,True
youtube:UC_4Kw9UFTDz_Hv7K_rH9DQg,youtube,UC_4Kw9UFTDz_Hv7K_rH9DQg,I'm a Mee,https://www.youtube.com/channel/UC_4Kw9UFTDz_Hv7K_rH9DQg,STRICT_VIRTUAL,EXACT_CHANNEL_ID_REVIEW,True
youtube:UC_LTVw7bj_wFH4n8POeSNbw,youtube,UC_LTVw7bj_wFH4n8POeSNbw,Faminé Ch.【ARP】,https://www.youtube.com/channel/UC_LTVw7bj_wFH4n8POeSNbw,STRICT_VIRTUAL,EXACT_CHANNEL_ID_REVIEW,True
youtube:UC_RrxXP6eSLxgYYmoV4QdmA,youtube,UC_RrxXP6eSLxgYYmoV4QdmA,Keressa Zoulfia Ch. Pixela-Mystic,https://www.youtube.com/channel/UC_RrxXP6eSLxgYYmoV4QdmA,STRICT_VIRTUAL,EXACT_CHANNEL_ID_REVIEW,True
youtube:UC_s_7eBay8mKkA8L7HBtzHQ,youtube,UC_s_7eBay8mKkA8L7HBtzHQ,Anthia Ch.,https://www.youtube.com/channel/UC_s_7eBay8mKkA8L7HBtzHQ,STRICT_VIRTUAL,EXACT_CHANNEL_ID_REVIEW,True
youtube:UCa-B3lVdQB9UOCAfVVoVcIA,youtube,UCa-B3lVdQB9UOCAfVVoVcIA,Valak Ch.,https://www.youtube.com/channel/UCa-B3lVdQB9UOCAfVVoVcIA,STRICT_VIRTUAL,EXACT_CHANNEL_ID_REVIEW,True
youtube:UCa8ILv94qHT6oar_jVzg9sQ,youtube,UCa8ILv94qHT6oar_jVzg9sQ,Beta AMI Ch. Lumina-World-End,https://www.youtube.com/channel/UCa8ILv94qHT6oar_jVzg9sQ,STRICT_VIRTUAL,EXACT_CHANNEL_ID_REVIEW,True
youtube:UCaGeOrKAIDWkmwp4MvPXVtg,youtube,UCaGeOrKAIDWkmwp4MvPXVtg,Xanael,https://www.youtube.com/channel/UCaGeOrKAIDWkmwp4MvPXVtg,STRICT_VIRTUAL,EXACT_CHANNEL_ID_REVIEW,True
youtube:UCaMhj4Q6-bx1IZE3izVtk6A,youtube,UCaMhj4Q6-bx1IZE3izVtk6A,Saneko ch. Euphora,https://www.youtube.com/channel/UCaMhj4Q6-bx1IZE3izVtk6A,STRICT_VIRTUAL,EXACT_CHANNEL_ID_REVIEW,True
youtube:UCaO7dcbFuHSol9_4g1driVg,youtube,UCaO7dcbFuHSol9_4g1driVg,Y' ม๋า Hunter,https://www.youtube.com/channel/UCaO7dcbFuHSol9_4g1driVg,STRICT_VIRTUAL,EXACT_CHANNEL_ID_REVIEW,True
youtube:UCadBHNCSacgE3vePH8UtbMA,youtube,UCadBHNCSacgE3vePH8UtbMA,Chalong Ch.,https://www.youtube.com/channel/UCadBHNCSacgE3vePH8UtbMA,STRICT_VIRTUAL,EXACT_CHANNEL_ID_REVIEW,True
youtube:UCapmEuEA_aL81YaihYO27vQ,youtube,UCapmEuEA_aL81YaihYO27vQ,Tsuku CH.,https://www.youtube.com/channel/UCapmEuEA_aL81YaihYO27vQ,STRICT_VIRTUAL,EXACT_CHANNEL_ID_REVIEW,True
youtube:UCbHVEzb9fr8DxWPUxCAEOVQ,youtube,UCbHVEzb9fr8DxWPUxCAEOVQ,Sebastos | Vtuber,https://www.youtube.com/channel/UCbHVEzb9fr8DxWPUxCAEOVQ,STRICT_VIRTUAL,EXACT_CHANNEL_ID_REVIEW,True
youtube:UCbZDGjLa_Rc3TfPVXMR1Tog,youtube,UCbZDGjLa_Rc3TfPVXMR1Tog,Biscuit Blythe Ch. Pixela Destiny,https://www.youtube.com/channel/UCbZDGjLa_Rc3TfPVXMR1Tog,STRICT_VIRTUAL,EXACT_CHANNEL_ID_REVIEW,True
youtube:UCbfARUSxU4X2o5_PwjRXezw,youtube,UCbfARUSxU4X2o5_PwjRXezw,Mira Pilula,https://www.youtube.com/channel/UCbfARUSxU4X2o5_PwjRXezw,STRICT_VIRTUAL,EXACT_CHANNEL_ID_REVIEW,True
youtube:UCcFIthTrwa6N-1ri9sQZstw,youtube,UCcFIthTrwa6N-1ri9sQZstw,Poru Ch.【ARP】,https://www.youtube.com/channel/UCcFIthTrwa6N-1ri9sQZstw,STRICT_VIRTUAL,EXACT_CHANNEL_ID_REVIEW,True
youtube:UCcM1cUyEXYmm13DgfwXS-oQ,youtube,UCcM1cUyEXYmm13DgfwXS-oQ,Mysti Ch.,https://www.youtube.com/channel/UCcM1cUyEXYmm13DgfwXS-oQ,STRICT_VIRTUAL,EXACT_CHANNEL_ID_REVIEW,True
youtube:UCcPlWQeuFutZ8VllrN_O2YA,youtube,UCcPlWQeuFutZ8VllrN_O2YA,Ume Ch. しのはな❀梅,https://www.youtube.com/channel/UCcPlWQeuFutZ8VllrN_O2YA,STRICT_VIRTUAL,EXACT_CHANNEL_ID_REVIEW,True
youtube:UCcgDP2RmeCqW1GTms1mkUlQ,youtube,UCcgDP2RmeCqW1GTms1mkUlQ,Karu Ch.【ARP】,https://www.youtube.com/channel/UCcgDP2RmeCqW1GTms1mkUlQ,STRICT_VIRTUAL,EXACT_CHANNEL_ID_REVIEW,True
youtube:UCchEIVkQk2tgdHiSc0LxGJQ,youtube,UCchEIVkQk2tgdHiSc0LxGJQ,Dariela,https://www.youtube.com/channel/UCchEIVkQk2tgdHiSc0LxGJQ,STRICT_VIRTUAL,EXACT_CHANNEL_ID_REVIEW,True
youtube:UCcjjQNj_XUhM1dH9TEXEpAg,youtube,UCcjjQNj_XUhM1dH9TEXEpAg,มาลัย / Malai [EC19 Projekt],https://www.youtube.com/channel/UCcjjQNj_XUhM1dH9TEXEpAg,STRICT_VIRTUAL,EXACT_CHANNEL_ID_REVIEW,True
youtube:UCd6Tzh7ZpVnCysNMt4nPjAg,youtube,UCd6Tzh7ZpVnCysNMt4nPjAg,Sojuu S.,https://www.youtube.com/channel/UCd6Tzh7ZpVnCysNMt4nPjAg,STRICT_VIRTUAL,EXACT_CHANNEL_ID_REVIEW,True
youtube:UCdF31qg1W2KsKxSuSFECflA,youtube,UCdF31qg1W2KsKxSuSFECflA,Copper Vtuber,https://www.youtube.com/channel/UCdF31qg1W2KsKxSuSFECflA,STRICT_VIRTUAL,EXACT_CHANNEL_ID_REVIEW,True
youtube:UCdPOgLoE_grESHHrpHDNsEg,youtube,UCdPOgLoE_grESHHrpHDNsEg,Idary tailor,https://www.youtube.com/channel/UCdPOgLoE_grESHHrpHDNsEg,STRICT_VIRTUAL,EXACT_CHANNEL_ID_REVIEW,True
youtube:UCeZoMTRssGhbl9vS5lvYsQg,youtube,UCeZoMTRssGhbl9vS5lvYsQg,Rarin Ch.,https://www.youtube.com/channel/UCeZoMTRssGhbl9vS5lvYsQg,STRICT_VIRTUAL,EXACT_CHANNEL_ID_REVIEW,True
youtube:UCei3lo9UhW4K9QE26iwuVjg,youtube,UCei3lo9UhW4K9QE26iwuVjg,RUNA Ch.[Vtuber],https://www.youtube.com/channel/UCei3lo9UhW4K9QE26iwuVjg,STRICT_VIRTUAL,EXACT_CHANNEL_ID_REVIEW,True
youtube:UCeijqgCP9z3zLJ-uwQzvFtQ,youtube,UCeijqgCP9z3zLJ-uwQzvFtQ,Sora A.C.G.,https://www.youtube.com/channel/UCeijqgCP9z3zLJ-uwQzvFtQ,STRICT_VIRTUAL,EXACT_CHANNEL_ID_REVIEW,True
youtube:UCeoHajHKBl5q-UvfIEeOm3g,youtube,UCeoHajHKBl5q-UvfIEeOm3g,Mizu Gracia Ch.,https://www.youtube.com/channel/UCeoHajHKBl5q-UvfIEeOm3g,STRICT_VIRTUAL,EXACT_CHANNEL_ID_REVIEW,True
youtube:UCeoR2ozI_rHNtMZyWyYWI6Q,youtube,UCeoR2ozI_rHNtMZyWyYWI6Q,Koru Ch.,https://www.youtube.com/channel/UCeoR2ozI_rHNtMZyWyYWI6Q,STRICT_VIRTUAL,EXACT_CHANNEL_ID_REVIEW,True
youtube:UCf6P5ojQTWAgVNUvlu08DNw,youtube,UCf6P5ojQTWAgVNUvlu08DNw,Lukmai_PP,https://www.youtube.com/channel/UCf6P5ojQTWAgVNUvlu08DNw,STRICT_VIRTUAL,EXACT_CHANNEL_ID_REVIEW,True
youtube:UCfPtDFCs4PzDU_hy0usORnw,youtube,UCfPtDFCs4PzDU_hy0usORnw,Reva Regalia『AST』,https://www.youtube.com/channel/UCfPtDFCs4PzDU_hy0usORnw,STRICT_VIRTUAL,EXACT_CHANNEL_ID_REVIEW,True
youtube:UCfTaHjdctcy9veUwXK_GDBg,youtube,UCfTaHjdctcy9veUwXK_GDBg,Takiya Ch.,https://www.youtube.com/channel/UCfTaHjdctcy9veUwXK_GDBg,STRICT_VIRTUAL,EXACT_CHANNEL_ID_REVIEW,True
youtube:UCfe7Lxdn2PDp_xnnrC_RSzA,youtube,UCfe7Lxdn2PDp_xnnrC_RSzA,【graduated】Amaris Sayo Ch. / AStars Amakara,https://www.youtube.com/channel/UCfe7Lxdn2PDp_xnnrC_RSzA,STRICT_VIRTUAL,EXACT_CHANNEL_ID_REVIEW,True
youtube:UCfiD6DpIwPP4lQ4NPqZNOHg,youtube,UCfiD6DpIwPP4lQ4NPqZNOHg,Solar Ch.【ARP】,https://www.youtube.com/channel/UCfiD6DpIwPP4lQ4NPqZNOHg,STRICT_VIRTUAL,EXACT_CHANNEL_ID_REVIEW,True
youtube:UCg5zRBCc-X-O4ZPQQ3jDAIg,youtube,UCg5zRBCc-X-O4ZPQQ3jDAIg,Estelle Wil Ch.,https://www.youtube.com/channel/UCg5zRBCc-X-O4ZPQQ3jDAIg,STRICT_VIRTUAL,EXACT_CHANNEL_ID_REVIEW,True
youtube:UCgFEQdBjM12Cg-IY5tFzU_g,youtube,UCgFEQdBjM12Cg-IY5tFzU_g,TOP【PRIME】,https://www.youtube.com/channel/UCgFEQdBjM12Cg-IY5tFzU_g,STRICT_VIRTUAL,EXACT_CHANNEL_ID_REVIEW,True
youtube:UCgXcfaWl68A1gHWm4AiJXAQ,youtube,UCgXcfaWl68A1gHWm4AiJXAQ,Yoshie Ch. Yoshie Teriri,https://www.youtube.com/channel/UCgXcfaWl68A1gHWm4AiJXAQ,STRICT_VIRTUAL,EXACT_CHANNEL_ID_REVIEW,True
youtube:UCgZt2jUdPnEVCKQtnzS0ywg,youtube,UCgZt2jUdPnEVCKQtnzS0ywg,Klangkhuen / กลางคืน,https://www.youtube.com/channel/UCgZt2jUdPnEVCKQtnzS0ywg,STRICT_VIRTUAL,EXACT_CHANNEL_ID_REVIEW,True
youtube:UCgmytgwJVDe74ewiHklGcBA,youtube,UCgmytgwJVDe74ewiHklGcBA,Minato Hatsuki【JVP】,https://www.youtube.com/channel/UCgmytgwJVDe74ewiHklGcBA,STRICT_VIRTUAL,EXACT_CHANNEL_ID_REVIEW,True
youtube:UChBuxXl8poN1Jz8kZDdsfhw,youtube,UChBuxXl8poN1Jz8kZDdsfhw,Selene Ch.【ARP】,https://www.youtube.com/channel/UChBuxXl8poN1Jz8kZDdsfhw,STRICT_VIRTUAL,EXACT_CHANNEL_ID_REVIEW,True
youtube:UChJCeUsXs42TOe1m4LZ_lJg,youtube,UChJCeUsXs42TOe1m4LZ_lJg,Cynthia Tepes Ch. [Autumnia],https://www.youtube.com/channel/UChJCeUsXs42TOe1m4LZ_lJg,STRICT_VIRTUAL,EXACT_CHANNEL_ID_REVIEW,True
youtube:UChZv4NseLfZ98PmCA-gii7A,youtube,UChZv4NseLfZ98PmCA-gii7A,Grazia Ch.,https://www.youtube.com/channel/UChZv4NseLfZ98PmCA-gii7A,STRICT_VIRTUAL,EXACT_CHANNEL_ID_REVIEW,True
youtube:UChgmNRdjJHlFaSm_xGmue9g,youtube,UChgmNRdjJHlFaSm_xGmue9g,Konpe Ch. [Autumnia],https://www.youtube.com/channel/UChgmNRdjJHlFaSm_xGmue9g,STRICT_VIRTUAL,EXACT_CHANNEL_ID_REVIEW,True
youtube:UChrGwUGm1puXFhoC0lC7LFQ,youtube,UChrGwUGm1puXFhoC0lC7LFQ,Yukino Taifu Ch. ,https://www.youtube.com/channel/UChrGwUGm1puXFhoC0lC7LFQ,STRICT_VIRTUAL,EXACT_CHANNEL_ID_REVIEW,True
youtube:UChy20fuMn3c_rB2NEZLQecA,youtube,UChy20fuMn3c_rB2NEZLQecA,Charlotty Ch. ,https://www.youtube.com/channel/UChy20fuMn3c_rB2NEZLQecA,STRICT_VIRTUAL,EXACT_CHANNEL_ID_REVIEW,True
youtube:UCiHID_2M0x_oEo62Kate2jQ,youtube,UCiHID_2M0x_oEo62Kate2jQ,Zoomdesu,https://www.youtube.com/channel/UCiHID_2M0x_oEo62Kate2jQ,STRICT_VIRTUAL,EXACT_CHANNEL_ID_REVIEW,True
youtube:UCiVNJohfCMYogqJ4EB6fB1g,youtube,UCiVNJohfCMYogqJ4EB6fB1g,Dragooooon Vtuber,https://www.youtube.com/channel/UCiVNJohfCMYogqJ4EB6fB1g,STRICT_VIRTUAL,EXACT_CHANNEL_ID_REVIEW,True
youtube:UCijixp2pBTNrgkF5pDw0wPg,youtube,UCijixp2pBTNrgkF5pDw0wPg,Neris Ch.,https://www.youtube.com/channel/UCijixp2pBTNrgkF5pDw0wPg,STRICT_VIRTUAL,EXACT_CHANNEL_ID_REVIEW,True
youtube:UCj2sbvVwAQFjHPLZ47RoTOA,youtube,UCj2sbvVwAQFjHPLZ47RoTOA,Tama OniiSan 【21PM】,https://www.youtube.com/channel/UCj2sbvVwAQFjHPLZ47RoTOA,STRICT_VIRTUAL,EXACT_CHANNEL_ID_REVIEW,True
youtube:UCj9iuFhj63MZfS8ANBzBd9w,youtube,UCj9iuFhj63MZfS8ANBzBd9w,Renia Marinette Ch.【PSM】,https://www.youtube.com/channel/UCj9iuFhj63MZfS8ANBzBd9w,STRICT_VIRTUAL,EXACT_CHANNEL_ID_REVIEW,True
youtube:UCjGGp-gPhMgxgIKxjShbYtA,youtube,UCjGGp-gPhMgxgIKxjShbYtA,Terios Ch.,https://www.youtube.com/channel/UCjGGp-gPhMgxgIKxjShbYtA,STRICT_VIRTUAL,EXACT_CHANNEL_ID_REVIEW,True
youtube:UCjgiHXaBeeuWfxZpNMCJioQ,youtube,UCjgiHXaBeeuWfxZpNMCJioQ,Galactic Lunarr,https://www.youtube.com/channel/UCjgiHXaBeeuWfxZpNMCJioQ,STRICT_VIRTUAL,EXACT_CHANNEL_ID_REVIEW,True
youtube:UCjygfNCaicPNiP8HZyXY08w,youtube,UCjygfNCaicPNiP8HZyXY08w,Mina Nekogaki / 猫垣ミナ【MSV】,https://www.youtube.com/channel/UCjygfNCaicPNiP8HZyXY08w,STRICT_VIRTUAL,EXACT_CHANNEL_ID_REVIEW,True
youtube:UCkF8r4_wvBnMm2mrdvcxU_g,youtube,UCkF8r4_wvBnMm2mrdvcxU_g,Sunfish Ch.,https://www.youtube.com/channel/UCkF8r4_wvBnMm2mrdvcxU_g,STRICT_VIRTUAL,EXACT_CHANNEL_ID_REVIEW,True
youtube:UCkU6YBCs4dPsn1FlVzNVqNw,youtube,UCkU6YBCs4dPsn1FlVzNVqNw,Punquix,https://www.youtube.com/channel/UCkU6YBCs4dPsn1FlVzNVqNw,STRICT_VIRTUAL,EXACT_CHANNEL_ID_REVIEW,True
youtube:UCkYpaS7iE8B6r8xPBeo4sOg,youtube,UCkYpaS7iE8B6r8xPBeo4sOg,Pinku no Megami - Virtual7『TH』,https://www.youtube.com/channel/UCkYpaS7iE8B6r8xPBeo4sOg,STRICT_VIRTUAL,EXACT_CHANNEL_ID_REVIEW,True
youtube:UCkf9IC_RAo1SSj4BvR7ahOA,youtube,UCkf9IC_RAo1SSj4BvR7ahOA,Emiliaエミリア🌸🍡 ch.,https://www.youtube.com/channel/UCkf9IC_RAo1SSj4BvR7ahOA,STRICT_VIRTUAL,EXACT_CHANNEL_ID_REVIEW,True
youtube:UCknOyz3O0-G6w5SJNAgO7uQ,youtube,UCknOyz3O0-G6w5SJNAgO7uQ,Mild-R Ch. Lumina-World-End,https://www.youtube.com/channel/UCknOyz3O0-G6w5SJNAgO7uQ,STRICT_VIRTUAL,EXACT_CHANNEL_ID_REVIEW,True
youtube:UClCLRJrlg3F9FOPnUfItZSw,youtube,UClCLRJrlg3F9FOPnUfItZSw,Tatsuki Ch.,https://www.youtube.com/channel/UClCLRJrlg3F9FOPnUfItZSw,STRICT_VIRTUAL,EXACT_CHANNEL_ID_REVIEW,True
youtube:UClKKLcJYu3P7VdVVc4H8fUQ,youtube,UClKKLcJYu3P7VdVVc4H8fUQ,Nicole BLANK,https://www.youtube.com/channel/UClKKLcJYu3P7VdVVc4H8fUQ,STRICT_VIRTUAL,EXACT_CHANNEL_ID_REVIEW,True
youtube:UClXPm_54oaVwVPKhewoDSQw,youtube,UClXPm_54oaVwVPKhewoDSQw,SHiA_4a,https://www.youtube.com/channel/UClXPm_54oaVwVPKhewoDSQw,STRICT_VIRTUAL,EXACT_CHANNEL_ID_REVIEW,True
youtube:UClsYXk5BW7YOdB9mnGzikyQ,youtube,UClsYXk5BW7YOdB9mnGzikyQ,Celestier Rolannda [crrda.ch],https://www.youtube.com/channel/UClsYXk5BW7YOdB9mnGzikyQ,STRICT_VIRTUAL,EXACT_CHANNEL_ID_REVIEW,True
youtube:UCmAObfjMAwE-nqr9D0ISAFw,youtube,UCmAObfjMAwE-nqr9D0ISAFw,Fufu15 Ch. 〖ST〗,https://www.youtube.com/channel/UCmAObfjMAwE-nqr9D0ISAFw,STRICT_VIRTUAL,EXACT_CHANNEL_ID_REVIEW,True
youtube:UCmN7K6QnC46aah-_69EGksw,youtube,UCmN7K6QnC46aah-_69EGksw,Lawrenze l Blessing,https://www.youtube.com/channel/UCmN7K6QnC46aah-_69EGksw,STRICT_VIRTUAL,EXACT_CHANNEL_ID_REVIEW,True
youtube:UCmU2ZpoUQNii8DSKuWR3qLQ,youtube,UCmU2ZpoUQNii8DSKuWR3qLQ,KoSaru_Ch,https://www.youtube.com/channel/UCmU2ZpoUQNii8DSKuWR3qLQ,STRICT_VIRTUAL,EXACT_CHANNEL_ID_REVIEW,True
youtube:UCmWdh_wjFaSdX7sZUWGNuDQ,youtube,UCmWdh_wjFaSdX7sZUWGNuDQ,Fallyn『VTG』,https://www.youtube.com/channel/UCmWdh_wjFaSdX7sZUWGNuDQ,STRICT_VIRTUAL,EXACT_CHANNEL_ID_REVIEW,True
youtube:UCmmq-jL8gjo_J-KHYIXcLMQ,youtube,UCmmq-jL8gjo_J-KHYIXcLMQ,【123DP】 Ting Ting ch.,https://www.youtube.com/channel/UCmmq-jL8gjo_J-KHYIXcLMQ,STRICT_VIRTUAL,EXACT_CHANNEL_ID_REVIEW,True
youtube:UCmrINu03JIZLU04794Ril2w,youtube,UCmrINu03JIZLU04794Ril2w,C1EL ,https://www.youtube.com/channel/UCmrINu03JIZLU04794Ril2w,STRICT_VIRTUAL,EXACT_CHANNEL_ID_REVIEW,True
youtube:UCmrTXPnIhAm-hosYsZ8rAHg,youtube,UCmrTXPnIhAm-hosYsZ8rAHg,Yukito Hoshitoki Ch. / AStars Chrono prince,https://www.youtube.com/channel/UCmrTXPnIhAm-hosYsZ8rAHg,STRICT_VIRTUAL,EXACT_CHANNEL_ID_REVIEW,True
youtube:UCni4SBfvmKlD7bu_ZWDmKiQ,youtube,UCni4SBfvmKlD7bu_ZWDmKiQ,CoolRin CH,https://www.youtube.com/channel/UCni4SBfvmKlD7bu_ZWDmKiQ,STRICT_VIRTUAL,EXACT_CHANNEL_ID_REVIEW,True
youtube:UCoekpBaMC20hpELSXrqRTzg,youtube,UCoekpBaMC20hpELSXrqRTzg,Fury.D [FRG],https://www.youtube.com/channel/UCoekpBaMC20hpELSXrqRTzg,STRICT_VIRTUAL,EXACT_CHANNEL_ID_REVIEW,True
youtube:UCoiKcLNgt7N9KIoBL-fx2YA,youtube,UCoiKcLNgt7N9KIoBL-fx2YA,Alparu Vtuber ch.,https://www.youtube.com/channel/UCoiKcLNgt7N9KIoBL-fx2YA,STRICT_VIRTUAL,EXACT_CHANNEL_ID_REVIEW,True
youtube:UCompe4fS2oUss8CGTuhOSxA,youtube,UCompe4fS2oUss8CGTuhOSxA,Gibpuri Ch,https://www.youtube.com/channel/UCompe4fS2oUss8CGTuhOSxA,STRICT_VIRTUAL,EXACT_CHANNEL_ID_REVIEW,True
youtube:UCot8DHNnZ2X0ARgaNYZopjw,youtube,UCot8DHNnZ2X0ARgaNYZopjw,Debirun Ch. Pixela-World-End,https://www.youtube.com/channel/UCot8DHNnZ2X0ARgaNYZopjw,STRICT_VIRTUAL,EXACT_CHANNEL_ID_REVIEW,True
youtube:UCp6qRWhZi2nDUSWKwV_V08Q,youtube,UCp6qRWhZi2nDUSWKwV_V08Q,PaFeMiLK vtuber,https://www.youtube.com/channel/UCp6qRWhZi2nDUSWKwV_V08Q,STRICT_VIRTUAL,EXACT_CHANNEL_ID_REVIEW,True
youtube:UCpBjGiBLFJ8x-7kHDtPY74g,youtube,UCpBjGiBLFJ8x-7kHDtPY74g,SE1 Ch.,https://www.youtube.com/channel/UCpBjGiBLFJ8x-7kHDtPY74g,STRICT_VIRTUAL,EXACT_CHANNEL_ID_REVIEW,True
youtube:UCpIlOwUGihEx-Qzie2JiMWw,youtube,UCpIlOwUGihEx-Qzie2JiMWw,Retsu_Red,https://www.youtube.com/channel/UCpIlOwUGihEx-Qzie2JiMWw,STRICT_VIRTUAL,EXACT_CHANNEL_ID_REVIEW,True
youtube:UCpNkVsMlsJRF792H-1_1vPA,youtube,UCpNkVsMlsJRF792H-1_1vPA,Melita X Ch. Pixela Project,https://www.youtube.com/channel/UCpNkVsMlsJRF792H-1_1vPA,STRICT_VIRTUAL,EXACT_CHANNEL_ID_REVIEW,True
youtube:UCph_3mJbLtVYMFr4-n_rRgw,youtube,UCph_3mJbLtVYMFr4-n_rRgw,WINT3R ⌜VZ⌟,https://www.youtube.com/channel/UCph_3mJbLtVYMFr4-n_rRgw,STRICT_VIRTUAL,EXACT_CHANNEL_ID_REVIEW,True
youtube:UCpuk3ld3rGWSsLOhuVlOFBQ,youtube,UCpuk3ld3rGWSsLOhuVlOFBQ,Kuzune Ch.,https://www.youtube.com/channel/UCpuk3ld3rGWSsLOhuVlOFBQ,STRICT_VIRTUAL,EXACT_CHANNEL_ID_REVIEW,True
youtube:UCq1-zScAqUHmGQO9SYI5pIg,youtube,UCq1-zScAqUHmGQO9SYI5pIg,JellMellO,https://www.youtube.com/channel/UCq1-zScAqUHmGQO9SYI5pIg,STRICT_VIRTUAL,EXACT_CHANNEL_ID_REVIEW,True
youtube:UCqDHOqlcApniKvQAPW2LlMQ,youtube,UCqDHOqlcApniKvQAPW2LlMQ,Herah Castor | AcastledProject,https://www.youtube.com/channel/UCqDHOqlcApniKvQAPW2LlMQ,STRICT_VIRTUAL,EXACT_CHANNEL_ID_REVIEW,True
youtube:UCqUHXBufAIuF9KI-OoMFUQw,youtube,UCqUHXBufAIuF9KI-OoMFUQw,EikiShiro ch.,https://www.youtube.com/channel/UCqUHXBufAIuF9KI-OoMFUQw,STRICT_VIRTUAL,EXACT_CHANNEL_ID_REVIEW,True
youtube:UCqq085DI0tDBblF3Q1nsdcg,youtube,UCqq085DI0tDBblF3Q1nsdcg,Thuay_Fu Wolfcute【Mystery】,https://www.youtube.com/channel/UCqq085DI0tDBblF3Q1nsdcg,STRICT_VIRTUAL,EXACT_CHANNEL_ID_REVIEW,True
youtube:UCqsUkQeicv0nEs5_d6DXYvQ,youtube,UCqsUkQeicv0nEs5_d6DXYvQ,Shikár Dawg,https://www.youtube.com/channel/UCqsUkQeicv0nEs5_d6DXYvQ,STRICT_VIRTUAL,EXACT_CHANNEL_ID_REVIEW,True
youtube:UCqu5twYqzKGrRyIrcvg4YXA,youtube,UCqu5twYqzKGrRyIrcvg4YXA,Rainnie Rgrada Ch.,https://www.youtube.com/channel/UCqu5twYqzKGrRyIrcvg4YXA,STRICT_VIRTUAL,EXACT_CHANNEL_ID_REVIEW,True
youtube:UCrICh9KpS2QHVWOkfJ7GO1g,youtube,UCrICh9KpS2QHVWOkfJ7GO1g,AofEdits | オッフ【716RM】,https://www.youtube.com/channel/UCrICh9KpS2QHVWOkfJ7GO1g,STRICT_VIRTUAL,EXACT_CHANNEL_ID_REVIEW,True
youtube:UCriNq8O70ubJVbUtJ9yoGNw,youtube,UCriNq8O70ubJVbUtJ9yoGNw,IRISS Ch.,https://www.youtube.com/channel/UCriNq8O70ubJVbUtJ9yoGNw,STRICT_VIRTUAL,EXACT_CHANNEL_ID_REVIEW,True
youtube:UCrkWEJaRE2eCpEpGZbpNhIQ,youtube,UCrkWEJaRE2eCpEpGZbpNhIQ,Ryusei Starlight Ch.,https://www.youtube.com/channel/UCrkWEJaRE2eCpEpGZbpNhIQ,STRICT_VIRTUAL,EXACT_CHANNEL_ID_REVIEW,True
youtube:UCrkmFl9WbotWvZMH8wQM2mw,youtube,UCrkmFl9WbotWvZMH8wQM2mw,Kisane Miko Ch,https://www.youtube.com/channel/UCrkmFl9WbotWvZMH8wQM2mw,STRICT_VIRTUAL,EXACT_CHANNEL_ID_REVIEW,True
youtube:UCsMUB8xL0-TcsBxpfb7LA8w,youtube,UCsMUB8xL0-TcsBxpfb7LA8w,NepkoNova Ch.,https://www.youtube.com/channel/UCsMUB8xL0-TcsBxpfb7LA8w,STRICT_VIRTUAL,EXACT_CHANNEL_ID_REVIEW,True
youtube:UCsrQN_xHHIOLkPfQ-uP1zag,youtube,UCsrQN_xHHIOLkPfQ-uP1zag,Kuro『VTG』,https://www.youtube.com/channel/UCsrQN_xHHIOLkPfQ-uP1zag,STRICT_VIRTUAL,EXACT_CHANNEL_ID_REVIEW,True
youtube:UCt1L2vxqFD0xZeYHeHPZQoQ,youtube,UCt1L2vxqFD0xZeYHeHPZQoQ,CooGa,https://www.youtube.com/channel/UCt1L2vxqFD0xZeYHeHPZQoQ,STRICT_VIRTUAL,EXACT_CHANNEL_ID_REVIEW,True
youtube:UCtAwmDprhStjmfRwyF3znsQ,youtube,UCtAwmDprhStjmfRwyF3znsQ,Warene Ch. [ヴァリーネー],https://www.youtube.com/channel/UCtAwmDprhStjmfRwyF3znsQ,STRICT_VIRTUAL,EXACT_CHANNEL_ID_REVIEW,True
youtube:UCttMAJHfOEXryNHnnDNG53g,youtube,UCttMAJHfOEXryNHnnDNG53g,MAMORI Ch.,https://www.youtube.com/channel/UCttMAJHfOEXryNHnnDNG53g,STRICT_VIRTUAL,EXACT_CHANNEL_ID_REVIEW,True
youtube:UCtunm6uij5wVkzTAfcH0aig,youtube,UCtunm6uij5wVkzTAfcH0aig,Dalphon_Vtuber ,https://www.youtube.com/channel/UCtunm6uij5wVkzTAfcH0aig,STRICT_VIRTUAL,EXACT_CHANNEL_ID_REVIEW,True
youtube:UCuGrBxlTZGYY7dpx9eLFsZw,youtube,UCuGrBxlTZGYY7dpx9eLFsZw,Bak Land,https://www.youtube.com/channel/UCuGrBxlTZGYY7dpx9eLFsZw,STRICT_VIRTUAL,EXACT_CHANNEL_ID_REVIEW,True
youtube:UCuMlvjC3BwkkmdLerrcFzrg,youtube,UCuMlvjC3BwkkmdLerrcFzrg,Nebula Faragonda 【 V-DragQueen 】,https://www.youtube.com/channel/UCuMlvjC3BwkkmdLerrcFzrg,STRICT_VIRTUAL,EXACT_CHANNEL_ID_REVIEW,True
youtube:UCuZ1ajvlGFUMCHZAPdetKHw,youtube,UCuZ1ajvlGFUMCHZAPdetKHw,Dacapo Ch.【ARP】,https://www.youtube.com/channel/UCuZ1ajvlGFUMCHZAPdetKHw,STRICT_VIRTUAL,EXACT_CHANNEL_ID_REVIEW,True
youtube:UCutz6S1DcEHPnEb_r9ztkzg,youtube,UCutz6S1DcEHPnEb_r9ztkzg,Hinabe HongFei Ch. Pixela Project,https://www.youtube.com/channel/UCutz6S1DcEHPnEb_r9ztkzg,STRICT_VIRTUAL,EXACT_CHANNEL_ID_REVIEW,True
youtube:UCuwUVa1uz28eLDxeoe-CDCQ,youtube,UCuwUVa1uz28eLDxeoe-CDCQ,SUMM3R ⌜VZ⌟,https://www.youtube.com/channel/UCuwUVa1uz28eLDxeoe-CDCQ,STRICT_VIRTUAL,EXACT_CHANNEL_ID_REVIEW,True
youtube:UCvHE7qpAydoWR1vhT2-ZHFg,youtube,UCvHE7qpAydoWR1vhT2-ZHFg,Taki Fugu Ch.,https://www.youtube.com/channel/UCvHE7qpAydoWR1vhT2-ZHFg,STRICT_VIRTUAL,EXACT_CHANNEL_ID_REVIEW,True
youtube:UCvxN2R4-6hqHGYX-AL8Q7Qw,youtube,UCvxN2R4-6hqHGYX-AL8Q7Qw,Owen Zwei Ch.,https://www.youtube.com/channel/UCvxN2R4-6hqHGYX-AL8Q7Qw,STRICT_VIRTUAL,EXACT_CHANNEL_ID_REVIEW,True
youtube:UCw5SDGBx4mHpBtBj_qfupWg,youtube,UCw5SDGBx4mHpBtBj_qfupWg,Bunana (old channel),https://www.youtube.com/channel/UCw5SDGBx4mHpBtBj_qfupWg,STRICT_VIRTUAL,EXACT_CHANNEL_ID_REVIEW,True
youtube:UCw79Wj7JKNTtBiVqA8OJlSg,youtube,UCw79Wj7JKNTtBiVqA8OJlSg,Geno Ch.『TST』,https://www.youtube.com/channel/UCw79Wj7JKNTtBiVqA8OJlSg,STRICT_VIRTUAL,EXACT_CHANNEL_ID_REVIEW,True
youtube:UCw7YDtEaJFn1cOoQdBx3lIA,youtube,UCw7YDtEaJFn1cOoQdBx3lIA,Rainnimin,https://www.youtube.com/channel/UCw7YDtEaJFn1cOoQdBx3lIA,STRICT_VIRTUAL,EXACT_CHANNEL_ID_REVIEW,True
youtube:UCwSohSYD00uLV-kq_UFJb4g,youtube,UCwSohSYD00uLV-kq_UFJb4g,Folpuzx Ch.,https://www.youtube.com/channel/UCwSohSYD00uLV-kq_UFJb4g,STRICT_VIRTUAL,EXACT_CHANNEL_ID_REVIEW,True
youtube:UCwtyxO7B0xIv3XdtSvdnYgQ,youtube,UCwtyxO7B0xIv3XdtSvdnYgQ,Aoi Crescent Ch.,https://www.youtube.com/channel/UCwtyxO7B0xIv3XdtSvdnYgQ,STRICT_VIRTUAL,EXACT_CHANNEL_ID_REVIEW,True
youtube:UCwv0DTchQQhKo7-C0VPu9yA,youtube,UCwv0DTchQQhKo7-C0VPu9yA,Nora Vanadiz 「univirsual」,https://www.youtube.com/channel/UCwv0DTchQQhKo7-C0VPu9yA,STRICT_VIRTUAL,EXACT_CHANNEL_ID_REVIEW,True
youtube:UCx4qz8NiVkQQj4x-7mhS9Dg,youtube,UCx4qz8NiVkQQj4x-7mhS9Dg,Eyez Benjaneth Ch.,https://www.youtube.com/channel/UCx4qz8NiVkQQj4x-7mhS9Dg,STRICT_VIRTUAL,EXACT_CHANNEL_ID_REVIEW,True
youtube:UCxMjBu1cPzJpPWmGd0UdUhA,youtube,UCxMjBu1cPzJpPWmGd0UdUhA,Maylyn Ch.【ARP】,https://www.youtube.com/channel/UCxMjBu1cPzJpPWmGd0UdUhA,STRICT_VIRTUAL,EXACT_CHANNEL_ID_REVIEW,True
youtube:UCxYJqN90g84gIwfCO2bUKLA,youtube,UCxYJqN90g84gIwfCO2bUKLA,Nocturnaz Naar Ch. Pixela-Mystic,https://www.youtube.com/channel/UCxYJqN90g84gIwfCO2bUKLA,STRICT_VIRTUAL,EXACT_CHANNEL_ID_REVIEW,True
youtube:UCxvd3oONCAAlvj5E6sbniuQ,youtube,UCxvd3oONCAAlvj5E6sbniuQ,xElizia,https://www.youtube.com/channel/UCxvd3oONCAAlvj5E6sbniuQ,STRICT_VIRTUAL,EXACT_CHANNEL_ID_REVIEW,True
youtube:UCySlA9Pv5IVXvkW_lN_NXRw,youtube,UCySlA9Pv5IVXvkW_lN_NXRw,Tequila Ch.【ARP】,https://www.youtube.com/channel/UCySlA9Pv5IVXvkW_lN_NXRw,STRICT_VIRTUAL,EXACT_CHANNEL_ID_REVIEW,True
youtube:UCyTfmwqdhzlv9YD6-vmz2tQ,youtube,UCyTfmwqdhzlv9YD6-vmz2tQ,Biru [ビール],https://www.youtube.com/channel/UCyTfmwqdhzlv9YD6-vmz2tQ,STRICT_VIRTUAL,EXACT_CHANNEL_ID_REVIEW,True
youtube:UCyVnAtNZMl0S4x6F3msaElg,youtube,UCyVnAtNZMl0S4x6F3msaElg,Makarov ch. 🐺,https://www.youtube.com/channel/UCyVnAtNZMl0S4x6F3msaElg,STRICT_VIRTUAL,EXACT_CHANNEL_ID_REVIEW,True
youtube:UCysbx8fVJc92SL4KtsakA8Q,youtube,UCysbx8fVJc92SL4KtsakA8Q,CHACHACHALICE,https://www.youtube.com/channel/UCysbx8fVJc92SL4KtsakA8Q,STRICT_VIRTUAL,EXACT_CHANNEL_ID_REVIEW,True
youtube:UCyv2oEiAXQp9xLlBr1Tn6Vg,youtube,UCyv2oEiAXQp9xLlBr1Tn6Vg,Yokina Saori,https://www.youtube.com/channel/UCyv2oEiAXQp9xLlBr1Tn6Vg,STRICT_VIRTUAL,EXACT_CHANNEL_ID_REVIEW,True
youtube:UCzHbS7cXhke4di7y2RV8wyw,youtube,UCzHbS7cXhke4di7y2RV8wyw,Inori Aijou Ch.,https://www.youtube.com/channel/UCzHbS7cXhke4di7y2RV8wyw,STRICT_VIRTUAL,EXACT_CHANNEL_ID_REVIEW,True
youtube:UCzqqEpXJN-HMmFp-_hHyHGA,youtube,UCzqqEpXJN-HMmFp-_hHyHGA,Ramoi Bonko,https://www.youtube.com/channel/UCzqqEpXJN-HMmFp-_hHyHGA,STRICT_VIRTUAL,EXACT_CHANNEL_ID_REVIEW,True
