channel_id,name,tier_at_selection,subscriber_count_at_selection,lifecycle_status,agency,selection_reason,selected_at
UCdlpXdGT3nGDTqIlxUcufCQ,Doyser,S,2590000,active,Independent,Tier S (>=100k subscribers),2026-09-07T18:09:48.704697+00:00
UCGBkYTR4tMKS38TQHGWWLjg,Aito LH,S,1900000,active,Independent,Tier S (>=100k subscribers),2026-09-07T18:09:48.704697+00:00
UCompe4fS2oUss8CGTuhOSxA,Gibpuri Ch,S,1900000,active,Independent,Tier S (>=100k subscribers),2026-09-07T18:09:48.704697+00:00
UC_nmh9XycGlquouvai2UC6g,Newzkung Raccoonza,S,781000,active,Independent,Tier S (>=100k subscribers),2026-09-07T18:09:48.704697+00:00
UCpGtwNmbOtgmcKIY81MIX_w,Nongwan TV,S,606000,active,Independent,Tier S (>=100k subscribers),2026-09-07T18:09:48.704697+00:00
UCqhhWjpw23dWhJ5rRwCCrMA,Aisha Channel,S,543000,active,Independent,Tier S (>=100k subscribers),2026-09-07T18:09:48.704697+00:00
UCC4Wb_x57Ks43GRJ6x_wT5Q,Choya Ch.,S,488000,active,Independent,Tier S (>=100k subscribers),2026-09-07T18:09:48.704697+00:00
UCrIs26bEKOvA_lRnO2Hgscw,Unnämed,S,476000,unknown,Independent,Tier S (>=100k subscribers),2026-09-07T18:09:48.704697+00:00
UCuZ1ajvlGFUMCHZAPdetKHw,Dacapo Ch.【ARP】,S,453000,active,Algorhythm Project,Tier S (>=100k subscribers),2026-09-07T18:09:48.704697+00:00
UCJ6HUQOWSjCHHdOgz13zFlA,TheQuillmon ⌜VZ⌟,S,405000,active,Virtual Zeven (VZ),Tier S (>=100k subscribers),2026-09-07T18:09:48.704697+00:00
UCDSn4Ql7fuyjxsSNOws81iQ,BorntoDev,S,392000,active,Independent,Tier S (>=100k subscribers),2026-09-07T18:09:48.704697+00:00
UCyA1KEXjcq2za_bsJp9KmZQ,RAF4EL,S,381000,active,Independent,Tier S (>=100k subscribers),2026-09-07T18:09:48.704697+00:00
UCMvc8BlQ7r5gRbz-D2EY0LA,HØRI 07 ⌜VZ⌟,S,366000,active,Virtual Zeven (VZ),Tier S (>=100k subscribers),2026-09-07T18:09:48.704697+00:00
UCPtSgQ5-yCPl9wbo5w7tmWQ,Evalia Ch.【ARP】,S,308000,active,Algorhythm Project,Tier S (>=100k subscribers),2026-09-07T18:09:48.704697+00:00
UCR1Htb-H1-tus7UPotPh69A,Laibaht Ch. / หลายบาท,S,288000,active,Independent,Tier S (>=100k subscribers),2026-09-07T18:09:48.704697+00:00
UCAr4U_HGMYXn1EZjdWiGSLQ,Baabel Ch.【ARP】,S,281000,active,Algorhythm Project,Tier S (>=100k subscribers),2026-09-07T18:09:48.704697+00:00
UCdYlA3Qi1TnZwThS9Rb7dog,JayloNy,S,251000,active,Independent,Tier S (>=100k subscribers),2026-09-07T18:09:48.704697+00:00
UCg53fzp6UNYvsyAg8UoNXCA,Draki Kona Ch. Lumina-First-Myth,S,248000,active,Lumina Live,Tier S (>=100k subscribers),2026-09-07T18:09:48.704697+00:00
UCNTEr2_96vJnXNazr5MwNLA,Schneider Ch.【ARP】,S,242000,active,Algorhythm Project,Tier S (>=100k subscribers),2026-09-07T18:09:48.704697+00:00
UCi2T9exDdJRTsxL1vnNV9gQ,Nanino Channel,S,231000,active,Independent,Tier S (>=100k subscribers),2026-09-07T18:09:48.704697+00:00
UCrYkQnbL_OiYyGuiZyvcO7g,Hey Solly,S,230000,hiatus,Independent,Tier S (>=100k subscribers),2026-09-07T18:09:48.704697+00:00
UCeijqgCP9z3zLJ-uwQzvFtQ,Sora A.C.G.,S,230000,active,Independent,Tier S (>=100k subscribers),2026-09-07T18:09:48.704697+00:00
UCM69uU9b_raR3mcACHeivgg,Pyork The Pork,S,224000,active,Independent,Tier S (>=100k subscribers),2026-09-07T18:09:48.704697+00:00
UCWNVjAzZmYUni8YBXYiy01w,dtto.,S,222000,active,Independent,Tier S (>=100k subscribers),2026-09-07T18:09:48.704697+00:00
UCaNQI1xcU1ZC4W0guaIMgTg,ศาลเจ้ามังกรเนื้อทอง,S,209000,active,Independent,Tier S (>=100k subscribers),2026-09-07T18:09:48.704697+00:00
UCY-5Lf7AJKFj4fudzFi1AZw,TeenWISU,S,207000,active,Independent,Tier S (>=100k subscribers),2026-09-07T18:09:48.704697+00:00
UCMhUWTKBjrRSacizvjq3HLg,L4zyGone,S,201000,active,Independent,Tier S (>=100k subscribers),2026-09-07T18:09:48.704697+00:00
UCXwc3r1q3yyxugIq2KM9K7A,Plathong Ch.,S,199000,active,Independent,Tier S (>=100k subscribers),2026-09-07T18:09:48.704697+00:00
UCNGyEYW2pFjhR_YqSuC4zjg,SAYU Ch. 小百合さゆ,S,194000,active,Independent,Tier S (>=100k subscribers),2026-09-07T18:09:48.704697+00:00
UCHhIQk2SuVBxR4H2PH_3j2Q,นานาโฮชิ นานะ / 七星ナナ,S,177000,active,Independent,Tier S (>=100k subscribers),2026-09-07T18:09:48.704697+00:00
UCcgDP2RmeCqW1GTms1mkUlQ,Karu Ch.【ARP】,S,175000,active,Algorhythm Project,Tier S (>=100k subscribers),2026-09-07T18:09:48.704697+00:00
UCafG1bj6Qtcbn4bozcicWfA,ZONA Ch.,S,172000,active,Polygon Official,Tier S (>=100k subscribers),2026-09-07T18:09:48.704697+00:00
UCt1L2vxqFD0xZeYHeHPZQoQ,CooGa,S,169000,active,Independent,Tier S (>=100k subscribers),2026-09-07T18:09:48.704697+00:00
UCSR9HXXmM7Er6ebxyIoBgpw,Stamp LMTY ⌜VZ⌟,S,156000,active,Virtual Zeven (VZ),Tier S (>=100k subscribers),2026-09-07T18:09:48.704697+00:00
UClIlMpdlevmQHyd7qQLLNWA,ghostmaiky,S,155000,active,Independent,Tier S (>=100k subscribers),2026-09-07T18:09:48.704697+00:00
UCvTchQs3VuPF74Y3e6pPAMQ,SwordAce,S,153000,active,Independent,Tier S (>=100k subscribers),2026-09-07T18:09:48.704697+00:00
UCf-29F7w_0xRTXVDFol0spQ,Roxzy ロキジー,S,144000,active,Independent,Tier S (>=100k subscribers),2026-09-07T18:09:48.704697+00:00
UCQSPYuDISdhcuvXsAhn3BTQ,Lunatrix Ch.,S,138000,active,Independent,Tier S (>=100k subscribers),2026-09-07T18:09:48.704697+00:00
UCw64ItsCX0Cb4lCjb68oTpw,Eileennoir Ch.,S,134000,active,Independent,Tier S (>=100k subscribers),2026-09-07T18:09:48.704697+00:00
UCXtQTtPJedfjqEPysorbsMg,久檻夜くぅ / Qualia Qu Ch.,S,134000,unknown,Independent,Tier S (>=100k subscribers),2026-09-07T18:09:48.704697+00:00
UCXuiHw-k05CnSu5_DjKUytw,LIVIANA Ch.,S,133000,active,Independent,Tier S (>=100k subscribers),2026-09-07T18:09:48.704697+00:00
UCutz6S1DcEHPnEb_r9ztkzg,Hinabe HongFei Ch. Pixela Project,S,127000,hiatus,Pixela Project,Tier S (>=100k subscribers),2026-09-07T18:09:48.704697+00:00
UCni4SBfvmKlD7bu_ZWDmKiQ,CoolRin CH,S,126000,hiatus,Independent,Tier S (>=100k subscribers),2026-09-07T18:09:48.704697+00:00
UCpWF1pMyJtMvlynspGnThdw,MamMam Ch. 真夢マム,S,122000,hiatus,Independent,Tier S (>=100k subscribers),2026-09-07T18:09:48.704697+00:00
UCDCOWpzyBFsavT-K7AmN3MQ,Azato Stacia Ch.,S,122000,active,Independent,Tier S (>=100k subscribers),2026-09-07T18:09:48.704697+00:00
UCZilc7jP-X_92Fii1uTIs0Q,Hoku Ch.,S,119000,active,Independent,Tier S (>=100k subscribers),2026-09-07T18:09:48.704697+00:00
UCWU7kvLd_JBaBqO_ilTYd_A,Zekai Ch.【ARP】,S,109000,active,Algorhythm Project,Tier S (>=100k subscribers),2026-09-07T18:09:48.704697+00:00
UC0Ky1U__7T2Z5SOZCvNlJ-Q,Beariss Beam,S,108000,hiatus,Independent,Tier S (>=100k subscribers),2026-09-07T18:09:48.704697+00:00
UC7iCSRt7Jej2XE0MaM9gPgg,YuChan Channel ⌜VZ⌟,S,106000,hiatus,Virtual Zeven (VZ),Tier S (>=100k subscribers),2026-09-07T18:09:48.704697+00:00
UCFSkExeBcqI4nb_ArHeByNw,シノライラ - Shino Laila【WACTOR】,S,100000,graduated,WACTOR,Tier S (>=100k subscribers),2026-09-07T18:09:48.704697+00:00
UCKPcwla_mvpdBnyjHYTiwoQ,Puipui Memory,A,96400,hiatus,Independent,Tier A (>=50k subscribers),2026-09-07T18:09:48.704697+00:00
UCOaTgKPjI9cgXLoDW7XFDDw,Princess Zelina Ch. Pixela Project,A,94800,hiatus,Pixela Project,Tier A (>=50k subscribers),2026-09-07T18:09:48.704697+00:00
UCjGGp-gPhMgxgIKxjShbYtA,Terios Ch.,A,94400,active,Independent,Tier A (>=50k subscribers),2026-09-07T18:09:48.704697+00:00
UCIxWJ7k2MWKT6sIg3mLjkTg,โป๊ะโกะ / PoKo ปลวกทูปเบ๋อ,A,90400,active,Independent,Tier A (>=50k subscribers),2026-09-07T18:09:48.704697+00:00
UCalvpWY2A2P4-h5UIs1jGgA,yoinmori,A,89900,active,Independent,Tier A (>=50k subscribers),2026-09-07T18:09:48.704697+00:00
UClCLRJrlg3F9FOPnUfItZSw,Tatsuki Ch.,A,89700,hiatus,Independent,Tier A (>=50k subscribers),2026-09-07T18:09:48.704697+00:00
UCcFIthTrwa6N-1ri9sQZstw,Poru Ch.【ARP】,A,89500,active,Algorhythm Project,Tier A (>=50k subscribers),2026-09-07T18:09:48.704697+00:00
UCE010cVAgWFD24wIJ95sDKw,Fumi Hausu,A,88100,active,Independent,Tier A (>=50k subscribers),2026-09-07T18:09:48.704697+00:00
UC8-JXAccuh7DvI_A_lObw-w,Uniinu ch. Euphora,A,87200,active,Euphora Project,Tier A (>=50k subscribers),2026-09-07T18:09:48.704697+00:00
UCtGhO6z6GxqtBZ4gP-3rUpA,TakumaRei「บ่นไปเรื่อย」,A,86300,active,Independent,Tier A (>=50k subscribers),2026-09-07T18:09:48.704697+00:00
UCLNBff3KDEUxdfH_lkvyOKQ,Kamiyu Reirin Ch. Lumina-First-Myth,A,86100,active,Lumina Live,Tier A (>=50k subscribers),2026-09-07T18:09:48.704697+00:00
UCWM76ZPAZqDNOAp5AKn9uIw,JueBigHead,A,84700,active,Independent,Tier A (>=50k subscribers),2026-09-07T18:09:48.704697+00:00
UCvob8U-yjPS-fSf5bq7jvGw,Umino Ciala Ch. Pixela Legends,A,83900,active,Pixela Project,Tier A (>=50k subscribers),2026-09-07T18:09:48.704697+00:00
UC25e5qEqvVaG_VKrkTmJBmw,Lucene Ch.,A,83200,active,Independent,Tier A (>=50k subscribers),2026-09-07T18:09:48.704697+00:00
UC3O5wAgEVyNA1Jw3gyi-_jA,MOLLY,A,80500,active,Independent,Tier A (>=50k subscribers),2026-09-07T18:09:48.704697+00:00
UCJcfB-86rWM0NF2li1CqNNw,NutsuruSama,A,79400,active,Independent,Tier A (>=50k subscribers),2026-09-07T18:09:48.704697+00:00
UCaCZ78DoDsPxejb_azg1hog,ITsMeYao,A,77600,active,Independent,Tier A (>=50k subscribers),2026-09-07T18:09:48.704697+00:00
UCL7lolCifod5V21pPzR3K-w,Magnum Ch.【ARP】,A,77500,active,Algorhythm Project,Tier A (>=50k subscribers),2026-09-07T18:09:48.704697+00:00
UCpNkVsMlsJRF792H-1_1vPA,Melita X Ch. Pixela Project,A,75900,hiatus,Pixela Project,Tier A (>=50k subscribers),2026-09-07T18:09:48.704697+00:00
UCMUtWzsjAQJgp6UlkbVSo1w,Laguna JuJu Ch. Pixela Project,A,75800,hiatus,Pixela Project,Tier A (>=50k subscribers),2026-09-07T18:09:48.704697+00:00
UCEMqL-RYgeAEhTMUJeHfkaw,Toru Kumaトルくま,A,75400,active,Independent,Tier A (>=50k subscribers),2026-09-07T18:09:48.704697+00:00
UCatSdbBdnsXgFpCyhJ7jYGg,Darin V,A,74900,active,Independent,Tier A (>=50k subscribers),2026-09-07T18:09:48.704697+00:00
UCcRaKGCG3RFenb8D2php_Jw,Pixela Official,A,74400,unknown,Pixela Project,Tier A (>=50k subscribers),2026-09-07T18:09:48.704697+00:00
UCY3reV-jwagniwcghy1B4VA,Nicca Ch.,A,74100,hiatus,Independent,Tier A (>=50k subscribers),2026-09-07T18:09:48.704697+00:00
UCmg0gZHGn-zuq1JnYPB_EjQ,TEENIE | WISLIVE,A,74000,hiatus,Independent,Tier A (>=50k subscribers),2026-09-07T18:09:48.704697+00:00
UCbeaB9MoD9IyXqBshyQuNRQ,Nerumi-s,A,73800,active,Independent,Tier A (>=50k subscribers),2026-09-07T18:09:48.704697+00:00
UCxsvotVZGKCimeSlzK9bSzA,deksammy,A,73400,active,Independent,Tier A (>=50k subscribers),2026-09-07T18:09:48.704697+00:00
UCx1g_QQFax29m6z1UXLTI3g,Fiatake,A,72700,active,Independent,Tier A (>=50k subscribers),2026-09-07T18:09:48.704697+00:00
UCGc2qf0Pkl7RyvqTyyP_o9w,MiYuu43 ch. みゆ,A,72200,active,Independent,Tier A (>=50k subscribers),2026-09-07T18:09:48.704697+00:00
UCTRQ7X-nxix3gjjXUb6ylvA,Ginnique Ch.【ARP】,A,70500,active,Algorhythm Project,Tier A (>=50k subscribers),2026-09-07T18:09:48.704697+00:00
UCfiD6DpIwPP4lQ4NPqZNOHg,Solar Ch.【ARP】,A,70400,active,Algorhythm Project,Tier A (>=50k subscribers),2026-09-07T18:09:48.704697+00:00
UCikyhPyuEu3rn1izGOGxZcg,Aranis Elvene Ch. Pixela-Isekai,A,70400,active,Pixela Project,Tier A (>=50k subscribers),2026-09-07T18:09:48.704697+00:00
UCUaWCz3UX9XNdA97qPHuAYg,MamiMumei,A,70200,active,Independent,Tier A (>=50k subscribers),2026-09-07T18:09:48.704697+00:00
UCx5NsY_dUUU2NHK2P8u10xQ,Ngerntong-เงินทอง,A,69400,active,Independent,Tier A (>=50k subscribers),2026-09-07T18:09:48.704697+00:00
UCC5q6CpuDflPvO7pNn52RGQ,Lapine Ch.,A,69300,active,Independent,Tier A (>=50k subscribers),2026-09-07T18:09:48.704697+00:00
UCNDYUXSVC7ffBAGEktilzUQ,Hanami Lay CH.,A,69200,active,Independent,Tier A (>=50k subscribers),2026-09-07T18:09:48.704697+00:00
UC1W2400L97Bwe2leu7eXEzA,Khaojao,A,66800,active,Independent,Tier A (>=50k subscribers),2026-09-07T18:09:48.704697+00:00
UCjr1VnM1LBRp9Ez2JGNndaA,Aosora Popo Ch.,A,66200,active,Independent,Tier A (>=50k subscribers),2026-09-07T18:09:48.704697+00:00
UCxfx5BudsoFOV-TLl0RdFNw,ChaoPlaThong,A,65900,active,Independent,Tier A (>=50k subscribers),2026-09-07T18:09:48.704697+00:00
UCTD-nm97tb5Sh7_ou7LFSUQ,Euthalia Zéphyr Ch. Pixela Destiny,A,64600,hiatus,Pixela Project,Tier A (>=50k subscribers),2026-09-07T18:09:48.704697+00:00
UC6kddWCoJL4IneTbHRFnViQ,Shin Inbox,A,64000,hiatus,Independent,Tier A (>=50k subscribers),2026-09-07T18:09:48.704697+00:00
UCkEcY4RbLYs2AF45nhkyjtw,Jolly Estaa Ch. Pixela-Isekai,A,63600,active,Pixela Project,Tier A (>=50k subscribers),2026-09-07T18:09:48.704697+00:00
UCGtjAVYcncs1AJ5hQY0gASQ,KAMAI,A,63200,active,Independent,Tier A (>=50k subscribers),2026-09-07T18:09:48.704697+00:00
UCRNJOb6iROvOKqWiB9H1lBg,JayVounter,A,61000,active,Independent,Tier A (>=50k subscribers),2026-09-07T18:09:48.704697+00:00
UCO6R8Pc5g2R7ObJQPBGppdg,Baku Ch.【ARP】,A,60800,active,Algorhythm Project,Tier A (>=50k subscribers),2026-09-07T18:09:48.704697+00:00
UCVhHSmzes15AABN5pKcq7bQ,พรี่โอม Omoro & คุณนายกระต่าย BunBun,A,60800,active,Independent,Tier A (>=50k subscribers),2026-09-07T18:09:48.704697+00:00
UCVAsOHcLLGVQq6aOpesOwBQ,Hanabi Lafy Ch. Pixela-Isekai,A,60300,active,Pixela Project,Tier A (>=50k subscribers),2026-09-07T18:09:48.704697+00:00
UCQs4BC3S0KSw7i0ggHXn8TA,Quentin Ch.【ARP】,A,59700,hiatus,Algorhythm Project,Tier A (>=50k subscribers),2026-09-07T18:09:48.704697+00:00
UC-1J1TwDCLKe2p4HVchqGiw,Mosant Ch.,A,59400,active,Independent,Tier A (>=50k subscribers),2026-09-07T18:09:48.704697+00:00
UCS9vgAEQSQDhgTRIskKA2tA,Ark Ch.【ARP】,A,59000,active,Algorhythm Project,Tier A (>=50k subscribers),2026-09-07T18:09:48.704697+00:00
UCZYTMrnVmu1iUVyGeqB6zJQ,T-Reina Ashyra Ch. Lumina-World-End,A,58700,active,Lumina Live,Tier A (>=50k subscribers),2026-09-07T18:09:48.704697+00:00
UCjrs5Sse402rafaOP-k37Xw,Sisira Hydrangea Ch. Pixela S,A,58700,active,Pixela Project,Tier A (>=50k subscribers),2026-09-07T18:09:48.704697+00:00
UCIMFIkXOGA7dWA903WdRKKg,Nezumi Elze Ch. Pixela Legends,A,58200,active,Pixela Project,Tier A (>=50k subscribers),2026-09-07T18:09:48.704697+00:00
UCRG5fX1v4b-3sUyKfAAtxxA,Luxia Ch.,A,57000,active,Independent,Tier A (>=50k subscribers),2026-09-07T18:09:48.704697+00:00
UCGo7fnmWfGQewxZVDmC3iJQ,Xonebu X'thulhu Ch. Lumina-World-End,A,56500,active,Lumina Live,Tier A (>=50k subscribers),2026-09-07T18:09:48.704697+00:00
UCbEkHjG43yPMGq5W08jq1TQ,ChaAYM,A,56300,active,Independent,Tier A (>=50k subscribers),2026-09-07T18:09:48.704697+00:00
UCEk6QSUJhVf56A_VznMpKpg,PeachiView,A,55900,hiatus,Independent,Tier A (>=50k subscribers),2026-09-07T18:09:48.704697+00:00
UCxLMvBlryxSsteqI9L8RmZg,NEBUEL | VTUBER,A,55300,hiatus,Independent,Tier A (>=50k subscribers),2026-09-07T18:09:48.704697+00:00
UC8lQ60XP8szvj0GHwxYUS2Q,Kyomu Ch.,A,55200,active,Independent,Tier A (>=50k subscribers),2026-09-07T18:09:48.704697+00:00
UCgnavpGZUMzWODQB_daHZbQ,Listen Ch.【ARP】,A,54000,active,Algorhythm Project,Tier A (>=50k subscribers),2026-09-07T18:09:48.704697+00:00
UCpMuWBxMa6ttNgtylPTn3Hg,Nergal Near Ch.,A,53900,active,Independent,Tier A (>=50k subscribers),2026-09-07T18:09:48.704697+00:00
UCGbMin84xisO1Yuq_guVlFA,NUTTY ROZE,A,53000,hiatus,Independent,Tier A (>=50k subscribers),2026-09-07T18:09:48.704697+00:00
UCOMnre_EA7EoOVQEkBwWKRA,Mabelle.a,A,52900,active,Independent,Tier A (>=50k subscribers),2026-09-07T18:09:48.704697+00:00
UCjQxLH9yqYXowVtH7a-6L-Q,MikuRu-0 Project,A,52900,active,Independent,Tier A (>=50k subscribers),2026-09-07T18:09:48.704697+00:00
UCGAtHjeWWgyWboVQ33ZQX6Q,Zenith Ch.【ARP】,A,52100,active,Algorhythm Project,Tier A (>=50k subscribers),2026-09-07T18:09:48.704697+00:00
UCapmEuEA_aL81YaihYO27vQ,Tsuku CH.,A,52100,hiatus,Independent,Tier A (>=50k subscribers),2026-09-07T18:09:48.704697+00:00
UCrsyP6H1Ftqt503xKE7_CUg,Akemi Arlin Ch. Pixela Legends,A,51000,active,Pixela Project,Tier A (>=50k subscribers),2026-09-07T18:09:48.704697+00:00
UC64_YFnoPvaGUSv4fpozr1w,MONARICA,A,51000,active,Independent,Tier A (>=50k subscribers),2026-09-07T18:09:48.704697+00:00
UC2eai5waelgobAHgp20DEYg,Ardalita Lilibelle Ch. Lumina-First-Myth,A,50800,active,Lumina Live,Tier A (>=50k subscribers),2026-09-07T18:09:48.704697+00:00
UC4x2o7dyxOqFLoA9NKxf0Iw,Ivy Ch.【ARP】,A,50600,active,Algorhythm Project,Tier A (>=50k subscribers),2026-09-07T18:09:48.704697+00:00
UCJdXesaZYrQVSjhlYhme8rQ,Ayna Ch.【ARP】,A,50400,hiatus,Algorhythm Project,Tier A (>=50k subscribers),2026-09-07T18:09:48.704697+00:00
UCgq-rIElYiBFQnxgMnkojwg,Padzang Channel,A,50400,active,Independent,Tier A (>=50k subscribers),2026-09-07T18:09:48.704697+00:00
UCxH2k-7jm1hMVcujrnMMj0A,Ryouta OrcusX Ch.,A,50200,unknown,Independent,Tier A (>=50k subscribers),2026-09-07T18:09:48.704697+00:00
UCOVpD7MesZKe44ZvLVuwXvA,Asteroth Ch.【ARP】,B,49800,hiatus,Algorhythm Project,Tier B High-Sub (>=30k subscribers),2026-09-07T18:09:48.704697+00:00
UCXkoAHy8rg9tryYsD61IXOg,Morr Ch.【ARP】,B,49800,active,Algorhythm Project,Tier B High-Sub (>=30k subscribers),2026-09-07T18:09:48.704697+00:00
UCEZl6aWM_c93GHtB12UfxNA,SICXERZ : CORE Ch.,B,48800,active,Independent,Tier B High-Sub (>=30k subscribers),2026-09-07T18:09:48.704697+00:00
UC9dolQobrGWzLP2UNrkUbEw,Liz's | WISLIVE,B,48800,active,Independent,Tier B High-Sub (>=30k subscribers),2026-09-07T18:09:48.704697+00:00
UC6lZLAOgSYgJ6ZkW2ZTI75Q,Effy Ch.【ARP】,B,47600,unknown,Algorhythm Project,Tier B High-Sub (>=30k subscribers),2026-09-07T18:09:48.704697+00:00
UCSOxauTBY7eKbUnQ86W708Q,Supeacha ⌜VZ⌟,B,47500,active,Virtual Zeven (VZ),Tier B High-Sub (>=30k subscribers),2026-09-07T18:09:48.704697+00:00
UC_LTVw7bj_wFH4n8POeSNbw,Faminé Ch.【ARP】,B,47400,active,Algorhythm Project,Tier B High-Sub (>=30k subscribers),2026-09-07T18:09:48.704697+00:00
UCdxaZWWFBl3N7Ollc3EwZAw,White Sky Ch.,B,47100,active,Independent,Tier B High-Sub (>=30k subscribers),2026-09-07T18:09:48.704697+00:00
UC7BTojsUPC4JhxDYRgmuz2Q,Jiru ch. Euphora,B,47000,hiatus,Euphora Project,Tier B High-Sub (>=30k subscribers),2026-09-07T18:09:48.704697+00:00
UCPHqJsNtOp94Vcol4DPKpSA,SiamNeko Ch.【ARP】,B,47000,active,Algorhythm Project,Tier B High-Sub (>=30k subscribers),2026-09-07T18:09:48.704697+00:00
UCdoQwqmi-QKjHOJnvg0wm4Q,xLazyYui,B,46000,hiatus,Independent,Tier B High-Sub (>=30k subscribers),2026-09-07T18:09:48.704697+00:00
UCsQqb5obLoEfcDoiaZFM7LA,moujob,B,44800,active,Independent,Tier B High-Sub (>=30k subscribers),2026-09-07T18:09:48.704697+00:00
UCrKgRzwdpFIyoYBvyuacmPg,Nogi Sensei,B,44400,hiatus,Independent,Tier B High-Sub (>=30k subscribers),2026-09-07T18:09:48.704697+00:00
UCOY60szLyP_E8RuT6jVAVHg,Aruna Shuun Ch. Pixela Destiny,B,43500,hiatus,Pixela Project,Tier B High-Sub (>=30k subscribers),2026-09-07T18:09:48.704697+00:00
UCGMSJFuXdNmswEPX4X6NnLQ,Mycara Melony Ch. Pixela-Mystic,B,42300,active,Pixela Project,Tier B High-Sub (>=30k subscribers),2026-09-07T18:09:48.704697+00:00
UCOGGZpm2i6PXFI9yBvEueRA,ดอยล์,B,42300,active,Independent,Tier B High-Sub (>=30k subscribers),2026-09-07T18:09:48.704697+00:00
UCt-_7LOFGUhAQGzePZtbYZg,Renkon Ch.,B,41800,active,Independent,Tier B High-Sub (>=30k subscribers),2026-09-07T18:09:48.704697+00:00
UCfPOynlPffrryH8JAsHOmJA,it’s hi Ch.【ARP】,B,41800,active,Algorhythm Project,Tier B High-Sub (>=30k subscribers),2026-09-07T18:09:48.704697+00:00
UCxn_EkDl0yi45LN2H00ddiQ,SEO A XAY,B,41600,active,Independent,Tier B High-Sub (>=30k subscribers),2026-09-07T18:09:48.704697+00:00
UC3JqFoY66A90sdqe46mvbTA,Eli Aharon 「イーライ」,B,40900,active,Independent,Tier B High-Sub (>=30k subscribers),2026-09-07T18:09:48.704697+00:00
UCiYFmDfFBoAP2yk9yuXBTTg,S1R Ch.【ARP】,B,40800,active,Algorhythm Project,Tier B High-Sub (>=30k subscribers),2026-09-07T18:09:48.704697+00:00
UCdlJxYXr4eh44NeCSjOe_Fg,RainRem Ch. レーンレム,B,40500,active,Independent,Tier B High-Sub (>=30k subscribers),2026-09-07T18:09:48.704697+00:00
UCfI5PfgpNZ3a2p7MS-m5gPA,Ponpun.,B,39600,active,Independent,Tier B High-Sub (>=30k subscribers),2026-09-07T18:09:48.704697+00:00
UCUPi3XlTX0rLUWjFHifNl-Q,Bloodyflora,B,38200,active,Independent,Tier B High-Sub (>=30k subscribers),2026-09-07T18:09:48.704697+00:00
UCZmw6cMeVaCMtL_NhybhWJw,Poppy the Puppy,B,38000,active,Independent,Tier B High-Sub (>=30k subscribers),2026-09-07T18:09:48.704697+00:00
UCMVdzsLwVWc241rrjK78aXA,Pak LIGHT,B,37300,hiatus,Independent,Tier B High-Sub (>=30k subscribers),2026-09-07T18:09:48.704697+00:00
UCAnKhwx493i5myddnJFF_gg,Pengu Ch.【Ti19t】,B,37200,active,Ti19t,Tier B High-Sub (>=30k subscribers),2026-09-07T18:09:48.704697+00:00
UCktUGMC7AKl1e8n20Ys8w0Q,Superpretty TAKOPERO Ch. Pixela Legends,B,36600,active,Pixela Project,Tier B High-Sub (>=30k subscribers),2026-09-07T18:09:48.704697+00:00
UCjw7DQp5uNND5qMyyhtOpdQ,RaFa DXD,B,36400,active,Independent,Tier B High-Sub (>=30k subscribers),2026-09-07T18:09:48.704697+00:00
UCPMOk4hbIh5A-_6uNhzAvDg,Kitsuneko Mewten Ch. Pixela-Isekai,B,36300,active,Pixela Project,Tier B High-Sub (>=30k subscribers),2026-09-07T18:09:48.704697+00:00
UCGofntRkNUAgXGqimLtLy4g,Reilim Channel,B,36100,active,Independent,Tier B High-Sub (>=30k subscribers),2026-09-07T18:09:48.704697+00:00
UCwtyxO7B0xIv3XdtSvdnYgQ,Aoi Crescent Ch.,B,35600,active,Independent,Tier B High-Sub (>=30k subscribers),2026-09-07T18:09:48.704697+00:00
UCM96L0HabMkeIGyBViLZ4YQ,Cynthia Rowena Ch.,B,35300,active,Independent,Tier B High-Sub (>=30k subscribers),2026-09-07T18:09:48.704697+00:00
UCwKydIfpAlllZap4K7dzJ4g,HyougaAlpha Ch.【ARP】,B,35200,active,Algorhythm Project,Tier B High-Sub (>=30k subscribers),2026-09-07T18:09:48.704697+00:00
UC-qBbCCqtD2H4WSs9m978Ow,Cazzie K. Monie,B,35000,unknown,Independent,Tier B High-Sub (>=30k subscribers),2026-09-07T18:09:48.704697+00:00
UCjpsxqVVjdZWy5eW5-ZkbcA,Amnuai CH,B,34900,active,Independent,Tier B High-Sub (>=30k subscribers),2026-09-07T18:09:48.704697+00:00
UCnvBsJQ0TztZ4Mq7qDaL_FA,Xaniel Ch. Flora Project,B,34800,unknown,Flora Project,Tier B High-Sub (>=30k subscribers),2026-09-07T18:09:48.704697+00:00
UCBLV-Zv25LzajWyKEofqvVQ,[ปิดตัว],B,34800,unknown,Independent,Tier B High-Sub (>=30k subscribers),2026-09-07T18:09:48.704697+00:00
UCgSsXxQ71nScJ-GIc90ZkYw,Cerafine Mikael Ch. Lumina-First-Myth,B,34800,active,Lumina Live,Tier B High-Sub (>=30k subscribers),2026-09-07T18:09:48.704697+00:00
UCknOyz3O0-G6w5SJNAgO7uQ,Mild-R Ch. Lumina-World-End,B,34300,active,Lumina Live,Tier B High-Sub (>=30k subscribers),2026-09-07T18:09:48.704697+00:00
UCKlrZ_Pp4UE8miUIbC3kFjg,Castesia | Phoenix Vtuber of Noxus,B,33700,hiatus,Independent,Tier B High-Sub (>=30k subscribers),2026-09-07T18:09:48.704697+00:00
UCc9W8GnDEHPNgt6eshaAvQw,Nirvana Ch.【ARP】,B,33000,active,Algorhythm Project,Tier B High-Sub (>=30k subscribers),2026-09-07T18:09:48.704697+00:00
UCSXwfOj8mTDxE1ZaIEHXN2w,Meraki Keimii Ch. Pixela Legends,B,32700,hiatus,Pixela Project,Tier B High-Sub (>=30k subscribers),2026-09-07T18:09:48.704697+00:00
UCLEtK3UynAZPM7ODwPeveEw,LIRIN,B,32300,active,Independent,Tier B High-Sub (>=30k subscribers),2026-09-07T18:09:48.704697+00:00
UChBuxXl8poN1Jz8kZDdsfhw,Selene Ch.【ARP】,B,32200,active,Algorhythm Project,Tier B High-Sub (>=30k subscribers),2026-09-07T18:09:48.704697+00:00
UCc6hwdN1yu2QT9o4yIHUPnQ,Vermillion Ch. Flora Project,B,31700,unknown,Flora Project,Tier B High-Sub (>=30k subscribers),2026-09-07T18:09:48.704697+00:00
UCTIi4NC8SvzUZDMExjCscVA,UCTIi4NC8SvzUZDMExjCscVA,B,30800,hiatus,Independent,Tier B High-Sub (>=30k subscribers),2026-09-07T18:09:48.704697+00:00
UCyJplWD3_LWpNMOOkiVVurg,DEV Ch.【ARP】,B,30800,active,Algorhythm Project,Tier B High-Sub (>=30k subscribers),2026-09-07T18:09:48.704697+00:00
UCL1yaSZue9dW_zyvhdI8C3w,Friskfitz,B,30600,active,Independent,Tier B High-Sub (>=30k subscribers),2026-09-07T18:09:48.704697+00:00
UCa8ILv94qHT6oar_jVzg9sQ,Beta AMI Ch. Lumina-World-End,B,30300,active,Lumina Live,Tier B High-Sub (>=30k subscribers),2026-09-07T18:09:48.704697+00:00
UC8xAtvAk_HX1j3egTO7ylIQ,Roselia de Magentia Ch. Pixela S,B,29300,active,Pixela Project,Core Agency (Pixela Project) >=25k,2026-09-07T18:09:48.704697+00:00
UCuyrIzf_bCTnyJHktJVpe4g,Atlanteia Sireen Ch. Lumina-First-Myth,B,29200,active,Lumina Live,Core Agency (Lumina Live) >=25k,2026-09-07T18:09:48.704697+00:00
UCeLJ2rBYZwPrb5hbKY5X5eg,Latta Ch.【ARP】,B,28600,hiatus,Algorhythm Project,Core Agency (Algorhythm Project) >=25k,2026-09-07T18:09:48.704697+00:00
UCW0EhUBJrTtjSywG4-MGgrQ,Grimus Grimm Ch. Pixela Destiny,B,28200,active,Pixela Project,Core Agency (Pixela Project) >=25k,2026-09-07T18:09:48.704697+00:00
UCbZDGjLa_Rc3TfPVXMR1Tog,Biscuit Blythe Ch. Pixela Destiny,B,27200,active,Pixela Project,Core Agency (Pixela Project) >=25k,2026-09-07T18:09:48.704697+00:00
UC6Q4UI5mEjeZOIRoTtRoFJA,Midnight Ch.【ARP】,B,26800,active,Algorhythm Project,Core Agency (Algorhythm Project) >=25k,2026-09-07T18:09:48.704697+00:00
UC3TQ2myWZR8pZiUZ6Cs0-Sw,Bianca Ch. 【ARP】,B,26300,hiatus,Algorhythm Project,Core Agency (Algorhythm Project) >=25k,2026-09-07T18:09:48.704697+00:00
UCantL0_E-ATsKZTmZmZ51tw,Millennia Ch.【ARP】,B,25900,active,Algorhythm Project,Core Agency (Algorhythm Project) >=25k,2026-09-07T18:09:48.704697+00:00
UCgqsGN6McgMtc-Xz50MsG9w,Uniwii Ch.【ARP】,B,25200,hiatus,Algorhythm Project,Core Agency (Algorhythm Project) >=25k,2026-09-07T18:09:48.704697+00:00
UCgLadXz0sJbHQL98eoAd9ag,【graduated】Ice Shirakoi Ch. / AStars Amakara,B,24000,graduated,AStars Production,Graduated VTuber (Lifecycle & Migration Tracking),2026-09-07T18:09:48.704697+00:00
UCfe7Lxdn2PDp_xnnrC_RSzA,【graduated】Amaris Sayo Ch. / AStars Amakara,B,10900,graduated,AStars Production,Graduated VTuber (Lifecycle & Migration Tracking),2026-09-07T18:09:48.704697+00:00
UC_djfyZ7N_-hPSxtrSsBNfQ,Victor Hoshino【GRADUATED】,C,4310,graduated,Independent,Graduated VTuber (Lifecycle & Migration Tracking),2026-09-07T18:09:48.704697+00:00
UCSQCuMGGicyB_QqG_mApH7w,Kaede Ch. [ Graduated],C,2630,graduated,Independent,Graduated VTuber (Lifecycle & Migration Tracking),2026-09-07T18:09:48.704697+00:00
UC0C_CplF_fwd1hEZuIE6VIw,Rawley Izzy G. Ch. | Graduated,C,1940,graduated,Independent,Graduated VTuber (Lifecycle & Migration Tracking),2026-09-07T18:09:48.704697+00:00
UC_f-4lGvlAXpBrN9vHertvA,Akiyama Zqiu Ch. | RPG 【GRADUATED】,C,1660,graduated,RPG,Graduated VTuber (Lifecycle & Migration Tracking),2026-09-07T18:09:48.704697+00:00
UCt8vlwt6qi6P1mz5uuStJCA,Shimonz,C,1580,graduated,Independent,Graduated VTuber (Lifecycle & Migration Tracking),2026-09-07T18:09:48.704697+00:00
UCDgptjggm1YvNSn7GQ19sEA,Lord Cha Zele Ch. ◤Graduation◢,C,1340,graduated,Independent,Graduated VTuber (Lifecycle & Migration Tracking),2026-09-07T18:09:48.704697+00:00
UC0fZ_5Kil9VctNzpYo4vpLg,Tenebris D. Armis Ch. | RPG 【GRADUATED】,C,1270,graduated,RPG,Graduated VTuber (Lifecycle & Migration Tracking),2026-09-07T18:09:48.704697+00:00
UC3H7_4Gz8PhHeMz0hHwuFTw,Morika Rei【ARRI】[Graduated],C,1200,graduated,Independent,Graduated VTuber (Lifecycle & Migration Tracking),2026-09-07T18:09:48.704697+00:00
UCVogMqMZimg5YbPE48oPrlg,Mysterica X. Ch. | RPG,D,877,graduated,RPG,Graduated VTuber (Lifecycle & Migration Tracking),2026-09-07T18:09:48.704697+00:00
