sample_id,channel_id,video_id,year,video_published_at,time_bin,sampling_reason,t5_capture_count,t5_output_file
smp_UC0Ky1U__2020_85Mqi7k357E,UC0Ky1U__7T2Z5SOZCvNlJ-Q,85Mqi7k357E,2020,2020-05-30T13:30:10+00:00,bin_3_may_jun,baseline_stratified,96,C:\Users\Icezaza\Documents\GitHub\ThaiVtuberSNA\data\temporal\observations\comment\UC0Ky1U__7T2Z5SOZCvNlJ-Q\85Mqi7k357E.parquet
smp_UC0Ky1U__2020_SN2ZObv8b7U,UC0Ky1U__7T2Z5SOZCvNlJ-Q,SN2ZObv8b7U,2020,2020-08-08T12:00:14+00:00,bin_4_jul_aug,baseline_stratified,91,C:\Users\Icezaza\Documents\GitHub\ThaiVtuberSNA\data\temporal\observations\comment\UC0Ky1U__7T2Z5SOZCvNlJ-Q\SN2ZObv8b7U.parquet
smp_UC0Ky1U__2020_l2AmVo5rbdE,UC0Ky1U__7T2Z5SOZCvNlJ-Q,l2AmVo5rbdE,2020,2020-03-16T06:24:22+00:00,bin_2_mar_apr,baseline_stratified,96,C:\Users\Icezaza\Documents\GitHub\ThaiVtuberSNA\data\temporal\observations\comment\UC0Ky1U__7T2Z5SOZCvNlJ-Q\l2AmVo5rbdE.parquet
smp_UC0Ky1U__2020_viRquNmlnkk,UC0Ky1U__7T2Z5SOZCvNlJ-Q,viRquNmlnkk,2020,2020-10-31T13:00:12+00:00,bin_5_sep_oct,baseline_stratified,96,C:\Users\Icezaza\Documents\GitHub\ThaiVtuberSNA\data\temporal\observations\comment\UC0Ky1U__7T2Z5SOZCvNlJ-Q\viRquNmlnkk.parquet
smp_UCXtQTtP_2020_5P18g0pRKH8,UCXtQTtPJedfjqEPysorbsMg,5P18g0pRKH8,2020,2020-06-29T11:15:10+00:00,bin_3_may_jun,baseline_stratified,88,C:\Users\Icezaza\Documents\GitHub\ThaiVtuberSNA\data\temporal\observations\comment\UCXtQTtPJedfjqEPysorbsMg\5P18g0pRKH8.parquet
smp_UCXtQTtP_2020_BR5l9mgxNpc,UCXtQTtPJedfjqEPysorbsMg,BR5l9mgxNpc,2020,2020-07-01T12:09:04+00:00,bin_4_jul_aug,baseline_stratified,100,C:\Users\Icezaza\Documents\GitHub\ThaiVtuberSNA\data\temporal\observations\comment\UCXtQTtPJedfjqEPysorbsMg\BR5l9mgxNpc.parquet
smp_UCXtQTtP_2020_HXFN2RUTwSg,UCXtQTtPJedfjqEPysorbsMg,HXFN2RUTwSg,2020,2020-11-13T12:00:11+00:00,bin_6_nov_dec,baseline_stratified,99,C:\Users\Icezaza\Documents\GitHub\ThaiVtuberSNA\data\temporal\observations\comment\UCXtQTtPJedfjqEPysorbsMg\HXFN2RUTwSg.parquet
smp_UCXtQTtP_2020_YQ7Pm61RwZ8,UCXtQTtPJedfjqEPysorbsMg,YQ7Pm61RwZ8,2020,2020-06-29T11:00:09+00:00,bin_3_may_jun,baseline_stratified,98,C:\Users\Icezaza\Documents\GitHub\ThaiVtuberSNA\data\temporal\observations\comment\UCXtQTtPJedfjqEPysorbsMg\YQ7Pm61RwZ8.parquet
smp_UCY3reV-_2020_R1rQcXMT-mI,UCY3reV-jwagniwcghy1B4VA,R1rQcXMT-mI,2020,2020-09-18T04:20:16+00:00,bin_5_sep_oct,baseline_stratified,97,C:\Users\Icezaza\Documents\GitHub\ThaiVtuberSNA\data\temporal\observations\comment\UCY3reV-jwagniwcghy1B4VA\R1rQcXMT-mI.parquet
smp_UCatSdbB_2020_Jripd-_9Qk8,UCatSdbBdnsXgFpCyhJ7jYGg,Jripd-_9Qk8,2020,2020-05-12T03:00:09+00:00,bin_3_may_jun,baseline_stratified,92,C:\Users\Icezaza\Documents\GitHub\ThaiVtuberSNA\data\temporal\observations\comment\UCatSdbBdnsXgFpCyhJ7jYGg\Jripd-_9Qk8.parquet
smp_UCbeaB9M_2020_6OqaSvnrSEo,UCbeaB9MoD9IyXqBshyQuNRQ,6OqaSvnrSEo,2020,2020-12-06T11:33:07+00:00,bin_6_nov_dec,baseline_stratified,98,C:\Users\Icezaza\Documents\GitHub\ThaiVtuberSNA\data\temporal\observations\comment\UCbeaB9MoD9IyXqBshyQuNRQ\6OqaSvnrSEo.parquet
smp_UCbeaB9M_2020__M3Jl8ISjSY,UCbeaB9MoD9IyXqBshyQuNRQ,_M3Jl8ISjSY,2020,2020-03-08T14:30:15+00:00,bin_2_mar_apr,baseline_stratified,97,C:\Users\Icezaza\Documents\GitHub\ThaiVtuberSNA\data\temporal\observations\comment\UCbeaB9MoD9IyXqBshyQuNRQ\_M3Jl8ISjSY.parquet
smp_UCbeaB9M_2020_a_bk_3P1U34,UCbeaB9MoD9IyXqBshyQuNRQ,a_bk_3P1U34,2020,2020-04-11T12:35:22+00:00,bin_2_mar_apr,baseline_stratified,97,C:\Users\Icezaza\Documents\GitHub\ThaiVtuberSNA\data\temporal\observations\comment\UCbeaB9MoD9IyXqBshyQuNRQ\a_bk_3P1U34.parquet
smp_UCcRaKGC_2020_33r7fE-P9u4,UCcRaKGCG3RFenb8D2php_Jw,33r7fE-P9u4,2020,2020-11-04T04:56:30+00:00,bin_6_nov_dec,baseline_stratified,95,C:\Users\Icezaza\Documents\GitHub\ThaiVtuberSNA\data\temporal\observations\comment\UCcRaKGCG3RFenb8D2php_Jw\33r7fE-P9u4.parquet
smp_UCni4SBf_2020_A2NUWpThpSg,UCni4SBfvmKlD7bu_ZWDmKiQ,A2NUWpThpSg,2020,2020-11-01T17:44:25+00:00,bin_6_nov_dec,baseline_stratified,98,C:\Users\Icezaza\Documents\GitHub\ThaiVtuberSNA\data\temporal\observations\comment\UCni4SBfvmKlD7bu_ZWDmKiQ\A2NUWpThpSg.parquet
smp_UCompe4f_2020_8mkWYNoapY8,UCompe4fS2oUss8CGTuhOSxA,8mkWYNoapY8,2020,2020-11-01T10:30:00+00:00,bin_6_nov_dec,baseline_stratified,96,C:\Users\Icezaza\Documents\GitHub\ThaiVtuberSNA\data\temporal\observations\comment\UCompe4fS2oUss8CGTuhOSxA\8mkWYNoapY8.parquet
smp_UCompe4f_2020_Hj4PzPuQOA0,UCompe4fS2oUss8CGTuhOSxA,Hj4PzPuQOA0,2020,2020-03-11T09:00:04+00:00,bin_2_mar_apr,baseline_stratified,98,C:\Users\Icezaza\Documents\GitHub\ThaiVtuberSNA\data\temporal\observations\comment\UCompe4fS2oUss8CGTuhOSxA\Hj4PzPuQOA0.parquet
smp_UCxfx5Bu_2020_2SJYXQ8GGRw,UCxfx5BudsoFOV-TLl0RdFNw,2SJYXQ8GGRw,2020,2020-02-10T13:58:39+00:00,bin_1_jan_feb,baseline_stratified,88,C:\Users\Icezaza\Documents\GitHub\ThaiVtuberSNA\data\temporal\observations\comment\UCxfx5BudsoFOV-TLl0RdFNw\2SJYXQ8GGRw.parquet
smp_UCxfx5Bu_2020_FeDzGiYAFHI,UCxfx5BudsoFOV-TLl0RdFNw,FeDzGiYAFHI,2020,2020-08-27T03:20:21+00:00,bin_4_jul_aug,baseline_stratified,96,C:\Users\Icezaza\Documents\GitHub\ThaiVtuberSNA\data\temporal\observations\comment\UCxfx5BudsoFOV-TLl0RdFNw\FeDzGiYAFHI.parquet
smp_UCxfx5Bu_2020_sCF1_vtQIdk,UCxfx5BudsoFOV-TLl0RdFNw,sCF1_vtQIdk,2020,2020-09-28T14:00:59+00:00,bin_5_sep_oct,baseline_stratified,97,C:\Users\Icezaza\Documents\GitHub\ThaiVtuberSNA\data\temporal\observations\comment\UCxfx5BudsoFOV-TLl0RdFNw\sCF1_vtQIdk.parquet
smp_UC0Ky1U__2021_8ywlhKFWAzg,UC0Ky1U__7T2Z5SOZCvNlJ-Q,8ywlhKFWAzg,2021,2021-07-26T12:30:12+00:00,bin_4_jul_aug,baseline_stratified,95,C:\Users\Icezaza\Documents\GitHub\ThaiVtuberSNA\data\temporal\observations\comment\UC0Ky1U__7T2Z5SOZCvNlJ-Q\8ywlhKFWAzg.parquet
smp_UC0Ky1U__2021_PYMwBKX0M_c,UC0Ky1U__7T2Z5SOZCvNlJ-Q,PYMwBKX0M_c,2021,2021-10-31T12:00:12+00:00,bin_5_sep_oct,baseline_stratified,92,C:\Users\Icezaza\Documents\GitHub\ThaiVtuberSNA\data\temporal\observations\comment\UC0Ky1U__7T2Z5SOZCvNlJ-Q\PYMwBKX0M_c.parquet
smp_UC0Ky1U__2021_l2KPeJ1R1d0,UC0Ky1U__7T2Z5SOZCvNlJ-Q,l2KPeJ1R1d0,2021,2021-05-31T12:00:17+00:00,bin_3_may_jun,baseline_stratified,96,C:\Users\Icezaza\Documents\GitHub\ThaiVtuberSNA\data\temporal\observations\comment\UC0Ky1U__7T2Z5SOZCvNlJ-Q\l2KPeJ1R1d0.parquet
smp_UC0Ky1U__2021_lABgrirFYuc,UC0Ky1U__7T2Z5SOZCvNlJ-Q,lABgrirFYuc,2021,2021-02-18T03:00:15+00:00,bin_1_jan_feb,baseline_stratified,96,C:\Users\Icezaza\Documents\GitHub\ThaiVtuberSNA\data\temporal\observations\comment\UC0Ky1U__7T2Z5SOZCvNlJ-Q\lABgrirFYuc.parquet
smp_UC0Ky1U__2021_zXXwUELY7Qo,UC0Ky1U__7T2Z5SOZCvNlJ-Q,zXXwUELY7Qo,2021,2021-03-07T11:00:16+00:00,bin_2_mar_apr,baseline_stratified,99,C:\Users\Icezaza\Documents\GitHub\ThaiVtuberSNA\data\temporal\observations\comment\UC0Ky1U__7T2Z5SOZCvNlJ-Q\zXXwUELY7Qo.parquet
smp_UCAnKhwx_2021_SPwsxFB1ytA,UCAnKhwx493i5myddnJFF_gg,SPwsxFB1ytA,2021,2021-07-25T04:00:13+00:00,bin_4_jul_aug,baseline_stratified,97,C:\Users\Icezaza\Documents\GitHub\ThaiVtuberSNA\data\temporal\observations\comment\UCAnKhwx493i5myddnJFF_gg\SPwsxFB1ytA.parquet
smp_UCEk6QSU_2021_DbS91kVw_Jc,UCEk6QSUJhVf56A_VznMpKpg,DbS91kVw_Jc,2021,2021-04-13T00:00:01+00:00,bin_2_mar_apr,baseline_stratified,98,C:\Users\Icezaza\Documents\GitHub\ThaiVtuberSNA\data\temporal\observations\comment\UCEk6QSUJhVf56A_VznMpKpg\DbS91kVw_Jc.parquet
smp_UCEk6QSU_2021_utsOq1HnOss,UCEk6QSUJhVf56A_VznMpKpg,utsOq1HnOss,2021,2021-09-06T08:00:30+00:00,bin_5_sep_oct,baseline_stratified,92,C:\Users\Icezaza\Documents\GitHub\ThaiVtuberSNA\data\temporal\observations\comment\UCEk6QSUJhVf56A_VznMpKpg\utsOq1HnOss.parquet
smp_UCJ6HUQO_2021_hCZNkf9AxDQ,UCJ6HUQOWSjCHHdOgz13zFlA,hCZNkf9AxDQ,2021,2021-04-04T12:17:25+00:00,bin_2_mar_apr,baseline_stratified,94,C:\Users\Icezaza\Documents\GitHub\ThaiVtuberSNA\data\temporal\observations\comment\UCJ6HUQOWSjCHHdOgz13zFlA\hCZNkf9AxDQ.parquet
smp_UCM69uU9_2021_-YMlAoibHpM,UCM69uU9b_raR3mcACHeivgg,-YMlAoibHpM,2021,2021-10-10T14:30:12+00:00,bin_5_sep_oct,baseline_stratified,97,C:\Users\Icezaza\Documents\GitHub\ThaiVtuberSNA\data\temporal\observations\comment\UCM69uU9b_raR3mcACHeivgg\-YMlAoibHpM.parquet
smp_UCM69uU9_2021_5lb8OpYUSpI,UCM69uU9b_raR3mcACHeivgg,5lb8OpYUSpI,2021,2021-12-07T13:30:12+00:00,bin_6_nov_dec,baseline_stratified,99,C:\Users\Icezaza\Documents\GitHub\ThaiVtuberSNA\data\temporal\observations\comment\UCM69uU9b_raR3mcACHeivgg\5lb8OpYUSpI.parquet
smp_UCM69uU9_2021_Q3X2RQwhapo,UCM69uU9b_raR3mcACHeivgg,Q3X2RQwhapo,2021,2021-11-05T11:46:15+00:00,bin_6_nov_dec,baseline_stratified,100,C:\Users\Icezaza\Documents\GitHub\ThaiVtuberSNA\data\temporal\observations\comment\UCM69uU9b_raR3mcACHeivgg\Q3X2RQwhapo.parquet
smp_UCM69uU9_2021_SK2zBKZPZ4o,UCM69uU9b_raR3mcACHeivgg,SK2zBKZPZ4o,2021,2021-11-18T14:00:13+00:00,bin_6_nov_dec,baseline_stratified,98,C:\Users\Icezaza\Documents\GitHub\ThaiVtuberSNA\data\temporal\observations\comment\UCM69uU9b_raR3mcACHeivgg\SK2zBKZPZ4o.parquet
smp_UCM69uU9_2021_sMfp4ixqfyQ,UCM69uU9b_raR3mcACHeivgg,sMfp4ixqfyQ,2021,2021-09-04T14:00:11+00:00,bin_5_sep_oct,baseline_stratified,98,C:\Users\Icezaza\Documents\GitHub\ThaiVtuberSNA\data\temporal\observations\comment\UCM69uU9b_raR3mcACHeivgg\sMfp4ixqfyQ.parquet
smp_UCMUtWzs_2021_0ntfAqRENN4,UCMUtWzsjAQJgp6UlkbVSo1w,0ntfAqRENN4,2021,2021-04-03T08:00:01+00:00,bin_2_mar_apr,baseline_stratified,99,C:\Users\Icezaza\Documents\GitHub\ThaiVtuberSNA\data\temporal\observations\comment\UCMUtWzsjAQJgp6UlkbVSo1w\0ntfAqRENN4.parquet
smp_UCMvc8Bl_2021_WuKBtzucnJg,UCMvc8BlQ7r5gRbz-D2EY0LA,WuKBtzucnJg,2021,2021-07-25T14:04:23+00:00,bin_4_jul_aug,baseline_stratified,98,C:\Users\Icezaza\Documents\GitHub\ThaiVtuberSNA\data\temporal\observations\comment\UCMvc8BlQ7r5gRbz-D2EY0LA\WuKBtzucnJg.parquet
smp_UCOaTgKP_2021_RJm991EWvTM,UCOaTgKPjI9cgXLoDW7XFDDw,RJm991EWvTM,2021,2021-07-20T11:30:05+00:00,bin_4_jul_aug,baseline_stratified,94,C:\Users\Icezaza\Documents\GitHub\ThaiVtuberSNA\data\temporal\observations\comment\UCOaTgKPjI9cgXLoDW7XFDDw\RJm991EWvTM.parquet
smp_UCPHqJsN_2021_EZKy-d7UWMc,UCPHqJsNtOp94Vcol4DPKpSA,EZKy-d7UWMc,2021,2021-08-28T08:00:03+00:00,bin_4_jul_aug,baseline_stratified,97,C:\Users\Icezaza\Documents\GitHub\ThaiVtuberSNA\data\temporal\observations\comment\UCPHqJsNtOp94Vcol4DPKpSA\EZKy-d7UWMc.parquet
smp_UCR1Htb-_2021_Ax2RCgKfpnQ,UCR1Htb-H1-tus7UPotPh69A,Ax2RCgKfpnQ,2021,2021-05-20T14:46:27+00:00,bin_3_may_jun,baseline_stratified,100,C:\Users\Icezaza\Documents\GitHub\ThaiVtuberSNA\data\temporal\observations\comment\UCR1Htb-H1-tus7UPotPh69A\Ax2RCgKfpnQ.parquet
smp_UCR1Htb-_2021_Q55ZFboBk9A,UCR1Htb-H1-tus7UPotPh69A,Q55ZFboBk9A,2021,2021-11-16T10:54:47+00:00,bin_6_nov_dec,baseline_stratified,100,C:\Users\Icezaza\Documents\GitHub\ThaiVtuberSNA\data\temporal\observations\comment\UCR1Htb-H1-tus7UPotPh69A\Q55ZFboBk9A.parquet
smp_UCR1Htb-_2021_i3NHQwCTQGs,UCR1Htb-H1-tus7UPotPh69A,i3NHQwCTQGs,2021,2021-07-16T14:29:37+00:00,bin_4_jul_aug,baseline_stratified,99,C:\Users\Icezaza\Documents\GitHub\ThaiVtuberSNA\data\temporal\observations\comment\UCR1Htb-H1-tus7UPotPh69A\i3NHQwCTQGs.parquet
smp_UCXtQTtP_2021_0LyJwC8pCDg,UCXtQTtPJedfjqEPysorbsMg,0LyJwC8pCDg,2021,2021-12-31T08:08:20+00:00,bin_6_nov_dec,baseline_stratified,99,C:\Users\Icezaza\Documents\GitHub\ThaiVtuberSNA\data\temporal\observations\comment\UCXtQTtPJedfjqEPysorbsMg\0LyJwC8pCDg.parquet
smp_UCXtQTtP_2021_OlLQ57yhhO8,UCXtQTtPJedfjqEPysorbsMg,OlLQ57yhhO8,2021,2021-06-25T10:00:11+00:00,bin_3_may_jun,baseline_stratified,98,C:\Users\Icezaza\Documents\GitHub\ThaiVtuberSNA\data\temporal\observations\comment\UCXtQTtPJedfjqEPysorbsMg\OlLQ57yhhO8.parquet
smp_UCXtQTtP_2021_UPguXngOkaw,UCXtQTtPJedfjqEPysorbsMg,UPguXngOkaw,2021,2021-04-23T10:00:13+00:00,bin_2_mar_apr,baseline_stratified,99,C:\Users\Icezaza\Documents\GitHub\ThaiVtuberSNA\data\temporal\observations\comment\UCXtQTtPJedfjqEPysorbsMg\UPguXngOkaw.parquet
smp_UCXtQTtP_2021_naoPGVSTqw0,UCXtQTtPJedfjqEPysorbsMg,naoPGVSTqw0,2021,2021-07-30T11:00:11+00:00,bin_4_jul_aug,baseline_stratified,99,C:\Users\Icezaza\Documents\GitHub\ThaiVtuberSNA\data\temporal\observations\comment\UCXtQTtPJedfjqEPysorbsMg\naoPGVSTqw0.parquet
smp_UCXtQTtP_2021_z7WuFdQ-JtE,UCXtQTtPJedfjqEPysorbsMg,z7WuFdQ-JtE,2021,2021-02-26T11:00:16+00:00,bin_1_jan_feb,baseline_stratified,99,C:\Users\Icezaza\Documents\GitHub\ThaiVtuberSNA\data\temporal\observations\comment\UCXtQTtPJedfjqEPysorbsMg\z7WuFdQ-JtE.parquet
smp_UCY-5Lf7_2021_V3QHcJ7iCu0,UCY-5Lf7AJKFj4fudzFi1AZw,V3QHcJ7iCu0,2021,2021-10-30T12:07:07+00:00,bin_5_sep_oct,baseline_stratified,92,C:\Users\Icezaza\Documents\GitHub\ThaiVtuberSNA\data\temporal\observations\comment\UCY-5Lf7AJKFj4fudzFi1AZw\V3QHcJ7iCu0.parquet
smp_UCbeaB9M_2021_IPVwNtdCt0c,UCbeaB9MoD9IyXqBshyQuNRQ,IPVwNtdCt0c,2021,2021-03-27T09:29:29+00:00,bin_2_mar_apr,baseline_stratified,97,C:\Users\Icezaza\Documents\GitHub\ThaiVtuberSNA\data\temporal\observations\comment\UCbeaB9MoD9IyXqBshyQuNRQ\IPVwNtdCt0c.parquet
smp_UCbeaB9M_2021_jp8vLei7ddI,UCbeaB9MoD9IyXqBshyQuNRQ,jp8vLei7ddI,2021,2021-04-01T10:43:42+00:00,bin_2_mar_apr,baseline_stratified,100,C:\Users\Icezaza\Documents\GitHub\ThaiVtuberSNA\data\temporal\observations\comment\UCbeaB9MoD9IyXqBshyQuNRQ\jp8vLei7ddI.parquet
smp_UCcRaKGC_2021_JnjDEH8ZVR4,UCcRaKGCG3RFenb8D2php_Jw,JnjDEH8ZVR4,2021,2021-03-03T08:34:49+00:00,bin_2_mar_apr,baseline_stratified,97,C:\Users\Icezaza\Documents\GitHub\ThaiVtuberSNA\data\temporal\observations\comment\UCcRaKGCG3RFenb8D2php_Jw\JnjDEH8ZVR4.parquet
smp_UCjGGp-g_2021_Ar22pYR1-sQ,UCjGGp-gPhMgxgIKxjShbYtA,Ar22pYR1-sQ,2021,2021-09-28T11:33:56+00:00,bin_5_sep_oct,baseline_stratified,92,C:\Users\Icezaza\Documents\GitHub\ThaiVtuberSNA\data\temporal\observations\comment\UCjGGp-gPhMgxgIKxjShbYtA\Ar22pYR1-sQ.parquet
smp_UCompe4f_2021_07tjD_u8gyM,UCompe4fS2oUss8CGTuhOSxA,07tjD_u8gyM,2021,2021-09-24T09:00:00+00:00,bin_5_sep_oct,baseline_stratified,89,C:\Users\Icezaza\Documents\GitHub\ThaiVtuberSNA\data\temporal\observations\comment\UCompe4fS2oUss8CGTuhOSxA\07tjD_u8gyM.parquet
smp_UCompe4f_2021_BeZs5U8DQmk,UCompe4fS2oUss8CGTuhOSxA,BeZs5U8DQmk,2021,2021-08-14T17:00:04+00:00,bin_4_jul_aug,baseline_stratified,96,C:\Users\Icezaza\Documents\GitHub\ThaiVtuberSNA\data\temporal\observations\comment\UCompe4fS2oUss8CGTuhOSxA\BeZs5U8DQmk.parquet
smp_UCompe4f_2021_XkoGFb2nO4o,UCompe4fS2oUss8CGTuhOSxA,XkoGFb2nO4o,2021,2021-12-08T14:33:39+00:00,bin_6_nov_dec,baseline_stratified,98,C:\Users\Icezaza\Documents\GitHub\ThaiVtuberSNA\data\temporal\observations\comment\UCompe4fS2oUss8CGTuhOSxA\XkoGFb2nO4o.parquet
smp_UCqhhWjp_2021_-SdU94f0mEQ,UCqhhWjpw23dWhJ5rRwCCrMA,-SdU94f0mEQ,2021,2021-12-06T11:00:01+00:00,bin_6_nov_dec,baseline_stratified,100,C:\Users\Icezaza\Documents\GitHub\ThaiVtuberSNA\data\temporal\observations\comment\UCqhhWjpw23dWhJ5rRwCCrMA\-SdU94f0mEQ.parquet
smp_UCqhhWjp_2021_6nwPy4IpnxQ,UCqhhWjpw23dWhJ5rRwCCrMA,6nwPy4IpnxQ,2021,2021-11-09T11:00:09+00:00,bin_6_nov_dec,baseline_stratified,100,C:\Users\Icezaza\Documents\GitHub\ThaiVtuberSNA\data\temporal\observations\comment\UCqhhWjpw23dWhJ5rRwCCrMA\6nwPy4IpnxQ.parquet
smp_UCqhhWjp_2021_HmTbpbNRqtc,UCqhhWjpw23dWhJ5rRwCCrMA,HmTbpbNRqtc,2021,2021-11-20T05:00:04+00:00,bin_6_nov_dec,baseline_stratified,99,C:\Users\Icezaza\Documents\GitHub\ThaiVtuberSNA\data\temporal\observations\comment\UCqhhWjpw23dWhJ5rRwCCrMA\HmTbpbNRqtc.parquet
smp_UCutz6S1_2021_51piF7rtvFM,UCutz6S1DcEHPnEb_r9ztkzg,51piF7rtvFM,2021,2021-10-29T12:00:04+00:00,bin_5_sep_oct,baseline_stratified,100,C:\Users\Icezaza\Documents\GitHub\ThaiVtuberSNA\data\temporal\observations\comment\UCutz6S1DcEHPnEb_r9ztkzg\51piF7rtvFM.parquet
smp_UCutz6S1_2021_yXag-K65p-A,UCutz6S1DcEHPnEb_r9ztkzg,yXag-K65p-A,2021,2021-10-23T10:00:34+00:00,bin_5_sep_oct,baseline_stratified,100,C:\Users\Icezaza\Documents\GitHub\ThaiVtuberSNA\data\temporal\observations\comment\UCutz6S1DcEHPnEb_r9ztkzg\yXag-K65p-A.parquet
smp_UCyA1KEX_2021_4sLCxnTj4Jw,UCyA1KEXjcq2za_bsJp9KmZQ,4sLCxnTj4Jw,2021,2021-05-11T03:02:37+00:00,bin_3_may_jun,baseline_stratified,80,C:\Users\Icezaza\Documents\GitHub\ThaiVtuberSNA\data\temporal\observations\comment\UCyA1KEXjcq2za_bsJp9KmZQ\4sLCxnTj4Jw.parquet
smp_UCEk6QSU_2022__MUm-QmvAPo,UCEk6QSUJhVf56A_VznMpKpg,_MUm-QmvAPo,2022,2022-01-14T08:00:23+00:00,bin_1_jan_feb,baseline_stratified,92,C:\Users\Icezaza\Documents\GitHub\ThaiVtuberSNA\data\temporal\observations\comment\UCEk6QSUJhVf56A_VznMpKpg\_MUm-QmvAPo.parquet
smp_UCGMSJFu_2022_3P8cKqjqXHA,UCGMSJFuXdNmswEPX4X6NnLQ,3P8cKqjqXHA,2022,2022-12-23T12:30:07+00:00,bin_6_nov_dec,baseline_stratified,100,C:\Users\Icezaza\Documents\GitHub\ThaiVtuberSNA\data\temporal\observations\comment\UCGMSJFuXdNmswEPX4X6NnLQ\3P8cKqjqXHA.parquet
smp_UCGMSJFu_2022_aS0YzUhM9yw,UCGMSJFuXdNmswEPX4X6NnLQ,aS0YzUhM9yw,2022,2022-12-09T14:30:01+00:00,bin_6_nov_dec,baseline_stratified,100,C:\Users\Icezaza\Documents\GitHub\ThaiVtuberSNA\data\temporal\observations\comment\UCGMSJFuXdNmswEPX4X6NnLQ\aS0YzUhM9yw.parquet
smp_UCGMSJFu_2022_wifvnNM8FpY,UCGMSJFuXdNmswEPX4X6NnLQ,wifvnNM8FpY,2022,2022-12-22T11:00:11+00:00,bin_6_nov_dec,baseline_stratified,96,C:\Users\Icezaza\Documents\GitHub\ThaiVtuberSNA\data\temporal\observations\comment\UCGMSJFuXdNmswEPX4X6NnLQ\wifvnNM8FpY.parquet
smp_UCM69uU9_2022_YzDKhxQNnRo,UCM69uU9b_raR3mcACHeivgg,YzDKhxQNnRo,2022,2022-11-07T13:00:11+00:00,bin_6_nov_dec,baseline_stratified,95,C:\Users\Icezaza\Documents\GitHub\ThaiVtuberSNA\data\temporal\observations\comment\UCM69uU9b_raR3mcACHeivgg\YzDKhxQNnRo.parquet
smp_UCM69uU9_2022_tj6wdcFbdl4,UCM69uU9b_raR3mcACHeivgg,tj6wdcFbdl4,2022,2022-04-26T12:55:18+00:00,bin_2_mar_apr,baseline_stratified,96,C:\Users\Icezaza\Documents\GitHub\ThaiVtuberSNA\data\temporal\observations\comment\UCM69uU9b_raR3mcACHeivgg\tj6wdcFbdl4.parquet
smp_UCMvc8Bl_2022_P08p8IRubEs,UCMvc8BlQ7r5gRbz-D2EY0LA,P08p8IRubEs,2022,2022-02-06T07:00:15+00:00,bin_1_jan_feb,baseline_stratified,96,C:\Users\Icezaza\Documents\GitHub\ThaiVtuberSNA\data\temporal\observations\comment\UCMvc8BlQ7r5gRbz-D2EY0LA\P08p8IRubEs.parquet
smp_UCPtSgQ5_2022_WvWgdP3ql5U,UCPtSgQ5-yCPl9wbo5w7tmWQ,WvWgdP3ql5U,2022,2022-05-21T08:56:01+00:00,bin_3_may_jun,baseline_stratified,98,C:\Users\Icezaza\Documents\GitHub\ThaiVtuberSNA\data\temporal\observations\comment\UCPtSgQ5-yCPl9wbo5w7tmWQ\WvWgdP3ql5U.parquet
smp_UCSOxauT_2022_ec4r5YXVSmM,UCSOxauTBY7eKbUnQ86W708Q,ec4r5YXVSmM,2022,2022-03-28T05:00:13+00:00,bin_2_mar_apr,baseline_stratified,100,C:\Users\Icezaza\Documents\GitHub\ThaiVtuberSNA\data\temporal\observations\comment\UCSOxauTBY7eKbUnQ86W708Q\ec4r5YXVSmM.parquet
smp_UCXtQTtP_2022_5zitEf2bWaQ,UCXtQTtPJedfjqEPysorbsMg,5zitEf2bWaQ,2022,2022-03-26T11:26:32+00:00,bin_2_mar_apr,baseline_stratified,63,C:\Users\Icezaza\Documents\GitHub\ThaiVtuberSNA\data\temporal\observations\comment\UCXtQTtPJedfjqEPysorbsMg\5zitEf2bWaQ.parquet
smp_UCXtQTtP_2022_KvlkOlq-KAY,UCXtQTtPJedfjqEPysorbsMg,KvlkOlq-KAY,2022,2022-02-20T10:00:16+00:00,bin_1_jan_feb,baseline_stratified,97,C:\Users\Icezaza\Documents\GitHub\ThaiVtuberSNA\data\temporal\observations\comment\UCXtQTtPJedfjqEPysorbsMg\KvlkOlq-KAY.parquet
smp_UCY-5Lf7_2022_dl1LDqWPkeI,UCY-5Lf7AJKFj4fudzFi1AZw,dl1LDqWPkeI,2022,2022-09-19T12:01:02+00:00,bin_5_sep_oct,baseline_stratified,95,C:\Users\Icezaza\Documents\GitHub\ThaiVtuberSNA\data\temporal\observations\comment\UCY-5Lf7AJKFj4fudzFi1AZw\dl1LDqWPkeI.parquet
smp_UCcRaKGC_2022_NBJD8MLBpJE,UCcRaKGCG3RFenb8D2php_Jw,NBJD8MLBpJE,2022,2022-01-23T06:00:13+00:00,bin_1_jan_feb,baseline_stratified,86,C:\Users\Icezaza\Documents\GitHub\ThaiVtuberSNA\data\temporal\observations\comment\UCcRaKGCG3RFenb8D2php_Jw\NBJD8MLBpJE.parquet
smp_UCcRaKGC_2022_XbSLvA9yskU,UCcRaKGCG3RFenb8D2php_Jw,XbSLvA9yskU,2022,2022-04-01T05:38:17+00:00,bin_2_mar_apr,baseline_stratified,100,C:\Users\Icezaza\Documents\GitHub\ThaiVtuberSNA\data\temporal\observations\comment\UCcRaKGCG3RFenb8D2php_Jw\XbSLvA9yskU.parquet
smp_UCcRaKGC_2022_t4oEbOO6DxI,UCcRaKGCG3RFenb8D2php_Jw,t4oEbOO6DxI,2022,2022-05-27T09:00:39+00:00,bin_3_may_jun,baseline_stratified,95,C:\Users\Icezaza\Documents\GitHub\ThaiVtuberSNA\data\temporal\observations\comment\UCcRaKGCG3RFenb8D2php_Jw\t4oEbOO6DxI.parquet
smp_UCkEcY4R_2022_snupHUlGRB4,UCkEcY4RbLYs2AF45nhkyjtw,snupHUlGRB4,2022,2022-03-06T10:00:21+00:00,bin_2_mar_apr,baseline_stratified,99,C:\Users\Icezaza\Documents\GitHub\ThaiVtuberSNA\data\temporal\observations\comment\UCkEcY4RbLYs2AF45nhkyjtw\snupHUlGRB4.parquet
smp_UCompe4f_2022_2a6wLpArdzg,UCompe4fS2oUss8CGTuhOSxA,2a6wLpArdzg,2022,2022-10-22T03:00:01+00:00,bin_5_sep_oct,baseline_stratified,92,C:\Users\Icezaza\Documents\GitHub\ThaiVtuberSNA\data\temporal\observations\comment\UCompe4fS2oUss8CGTuhOSxA\2a6wLpArdzg.parquet
smp_UCompe4f_2022_TKlWhRcMfls,UCompe4fS2oUss8CGTuhOSxA,TKlWhRcMfls,2022,2022-03-17T09:00:10+00:00,bin_2_mar_apr,baseline_stratified,89,C:\Users\Icezaza\Documents\GitHub\ThaiVtuberSNA\data\temporal\observations\comment\UCompe4fS2oUss8CGTuhOSxA\TKlWhRcMfls.parquet
smp_UCompe4f_2022_oEOHgyuLgrA,UCompe4fS2oUss8CGTuhOSxA,oEOHgyuLgrA,2022,2022-02-16T09:00:22+00:00,bin_1_jan_feb,baseline_stratified,96,C:\Users\Icezaza\Documents\GitHub\ThaiVtuberSNA\data\temporal\observations\comment\UCompe4fS2oUss8CGTuhOSxA\oEOHgyuLgrA.parquet
smp_UCqhhWjp_2022_OFilvQFOMig,UCqhhWjpw23dWhJ5rRwCCrMA,OFilvQFOMig,2022,2022-04-02T05:00:11+00:00,bin_2_mar_apr,baseline_stratified,97,C:\Users\Icezaza\Documents\GitHub\ThaiVtuberSNA\data\temporal\observations\comment\UCqhhWjpw23dWhJ5rRwCCrMA\OFilvQFOMig.parquet
smp_UCrYkQnb_2022_mlq3-xvgBjc,UCrYkQnbL_OiYyGuiZyvcO7g,mlq3-xvgBjc,2022,2022-01-22T05:20:12+00:00,bin_1_jan_feb,baseline_stratified,100,C:\Users\Icezaza\Documents\GitHub\ThaiVtuberSNA\data\temporal\observations\comment\UCrYkQnbL_OiYyGuiZyvcO7g\mlq3-xvgBjc.parquet
smp_UCt-_7LO_2022_raWcXn0JCHE,UCt-_7LOFGUhAQGzePZtbYZg,raWcXn0JCHE,2022,2022-02-14T02:00:14+00:00,bin_1_jan_feb,baseline_stratified,66,C:\Users\Icezaza\Documents\GitHub\ThaiVtuberSNA\data\temporal\observations\comment\UCt-_7LOFGUhAQGzePZtbYZg\raWcXn0JCHE.parquet
smp_UC0Ky1U__2023_-He0BSCYWM8,UC0Ky1U__7T2Z5SOZCvNlJ-Q,-He0BSCYWM8,2023,2023-02-14T12:00:11+00:00,bin_1_jan_feb,baseline_stratified,100,C:\Users\Icezaza\Documents\GitHub\ThaiVtuberSNA\data\temporal\observations\comment\UC0Ky1U__7T2Z5SOZCvNlJ-Q\-He0BSCYWM8.parquet
smp_UC0Ky1U__2023_2QH6l2obLBk,UC0Ky1U__7T2Z5SOZCvNlJ-Q,2QH6l2obLBk,2023,2023-04-14T12:00:10+00:00,bin_2_mar_apr,baseline_stratified,94,C:\Users\Icezaza\Documents\GitHub\ThaiVtuberSNA\data\temporal\observations\comment\UC0Ky1U__7T2Z5SOZCvNlJ-Q\2QH6l2obLBk.parquet
smp_UC0Ky1U__2023_IdQeTsUAWT0,UC0Ky1U__7T2Z5SOZCvNlJ-Q,IdQeTsUAWT0,2023,2023-01-14T06:00:05+00:00,bin_1_jan_feb,baseline_stratified,95,C:\Users\Icezaza\Documents\GitHub\ThaiVtuberSNA\data\temporal\observations\comment\UC0Ky1U__7T2Z5SOZCvNlJ-Q\IdQeTsUAWT0.parquet
smp_UC2eai5w_2023_2pK51_XF0EY,UC2eai5waelgobAHgp20DEYg,2pK51_XF0EY,2023,2023-07-04T11:00:01+00:00,bin_4_jul_aug,baseline_stratified,94,C:\Users\Icezaza\Documents\GitHub\ThaiVtuberSNA\data\temporal\observations\comment\UC2eai5waelgobAHgp20DEYg\2pK51_XF0EY.parquet
smp_UC3O5wAg_2023_gYIsn90PIvA,UC3O5wAgEVyNA1Jw3gyi-_jA,gYIsn90PIvA,2023,2023-10-09T00:00:31+00:00,bin_5_sep_oct,baseline_stratified,98,C:\Users\Icezaza\Documents\GitHub\ThaiVtuberSNA\data\temporal\observations\comment\UC3O5wAgEVyNA1Jw3gyi-_jA\gYIsn90PIvA.parquet
smp_UC8lQ60X_2023_EasQAxn6tE0,UC8lQ60XP8szvj0GHwxYUS2Q,EasQAxn6tE0,2023,2023-06-15T11:16:07+00:00,bin_3_may_jun,baseline_stratified,99,C:\Users\Icezaza\Documents\GitHub\ThaiVtuberSNA\data\temporal\observations\comment\UC8lQ60XP8szvj0GHwxYUS2Q\EasQAxn6tE0.parquet
smp_UCGBkYTR_2023_-WlWDUcgTDM,UCGBkYTR4tMKS38TQHGWWLjg,-WlWDUcgTDM,2023,2023-08-11T10:00:00+00:00,bin_4_jul_aug,baseline_stratified,98,C:\Users\Icezaza\Documents\GitHub\ThaiVtuberSNA\data\temporal\observations\comment\UCGBkYTR4tMKS38TQHGWWLjg\-WlWDUcgTDM.parquet
smp_UCGBkYTR_2023_1xCbt9QC0kk,UCGBkYTR4tMKS38TQHGWWLjg,1xCbt9QC0kk,2023,2023-05-29T13:38:00+00:00,bin_3_may_jun,baseline_stratified,94,C:\Users\Icezaza\Documents\GitHub\ThaiVtuberSNA\data\temporal\observations\comment\UCGBkYTR4tMKS38TQHGWWLjg\1xCbt9QC0kk.parquet
smp_UCGBkYTR_2023_Ob8pSltf5Zs,UCGBkYTR4tMKS38TQHGWWLjg,Ob8pSltf5Zs,2023,2023-09-16T09:00:22+00:00,bin_5_sep_oct,baseline_stratified,98,C:\Users\Icezaza\Documents\GitHub\ThaiVtuberSNA\data\temporal\observations\comment\UCGBkYTR4tMKS38TQHGWWLjg\Ob8pSltf5Zs.parquet
smp_UCGBkYTR_2023_z9bVeiKSDAM,UCGBkYTR4tMKS38TQHGWWLjg,z9bVeiKSDAM,2023,2023-12-09T10:00:47+00:00,bin_6_nov_dec,baseline_stratified,94,C:\Users\Icezaza\Documents\GitHub\ThaiVtuberSNA\data\temporal\observations\comment\UCGBkYTR4tMKS38TQHGWWLjg\z9bVeiKSDAM.parquet
smp_UCHhIQk2_2023_dIc-p8vDnTU,UCHhIQk2SuVBxR4H2PH_3j2Q,dIc-p8vDnTU,2023,2023-10-29T12:00:10+00:00,bin_5_sep_oct,baseline_stratified,98,C:\Users\Icezaza\Documents\GitHub\ThaiVtuberSNA\data\temporal\observations\comment\UCHhIQk2SuVBxR4H2PH_3j2Q\dIc-p8vDnTU.parquet
smp_UCM69uU9_2023_Tq6hNE68SD4,UCM69uU9b_raR3mcACHeivgg,Tq6hNE68SD4,2023,2023-06-21T13:00:11+00:00,bin_3_may_jun,baseline_stratified,91,C:\Users\Icezaza\Documents\GitHub\ThaiVtuberSNA\data\temporal\observations\comment\UCM69uU9b_raR3mcACHeivgg\Tq6hNE68SD4.parquet
smp_UCNTEr2__2023_XXwGjoaL3-M,UCNTEr2_96vJnXNazr5MwNLA,XXwGjoaL3-M,2023,2023-09-26T14:30:11+00:00,bin_5_sep_oct,baseline_stratified,91,C:\Users\Icezaza\Documents\GitHub\ThaiVtuberSNA\data\temporal\observations\comment\UCNTEr2_96vJnXNazr5MwNLA\XXwGjoaL3-M.parquet
smp_UCOY60sz_2023_O-aK9VykxcM,UCOY60szLyP_E8RuT6jVAVHg,O-aK9VykxcM,2023,2023-12-21T12:30:17+00:00,bin_6_nov_dec,baseline_stratified,99,C:\Users\Icezaza\Documents\GitHub\ThaiVtuberSNA\data\temporal\observations\comment\UCOY60szLyP_E8RuT6jVAVHg\O-aK9VykxcM.parquet
smp_UCR1Htb-_2023_u_tdGL9nxWo,UCR1Htb-H1-tus7UPotPh69A,u_tdGL9nxWo,2023,2023-03-01T13:00:09+00:00,bin_2_mar_apr,baseline_stratified,98,C:\Users\Icezaza\Documents\GitHub\ThaiVtuberSNA\data\temporal\observations\comment\UCR1Htb-H1-tus7UPotPh69A\u_tdGL9nxWo.parquet
smp_UCSXwfOj_2023_2kol4i6m3pw,UCSXwfOj8mTDxE1ZaIEHXN2w,2kol4i6m3pw,2023,2023-08-01T08:00:01+00:00,bin_4_jul_aug,baseline_stratified,89,C:\Users\Icezaza\Documents\GitHub\ThaiVtuberSNA\data\temporal\observations\comment\UCSXwfOj8mTDxE1ZaIEHXN2w\2kol4i6m3pw.parquet
smp_UCWM76ZP_2023_LXDAEgFLN4Y,UCWM76ZPAZqDNOAp5AKn9uIw,LXDAEgFLN4Y,2023,2023-12-15T10:30:10+00:00,bin_6_nov_dec,baseline_stratified,98,C:\Users\Icezaza\Documents\GitHub\ThaiVtuberSNA\data\temporal\observations\comment\UCWM76ZPAZqDNOAp5AKn9uIw\LXDAEgFLN4Y.parquet
smp_UCWM76ZP_2023_hj1voUVaw2g,UCWM76ZPAZqDNOAp5AKn9uIw,hj1voUVaw2g,2023,2023-12-16T04:45:02+00:00,bin_6_nov_dec,baseline_stratified,94,C:\Users\Icezaza\Documents\GitHub\ThaiVtuberSNA\data\temporal\observations\comment\UCWM76ZPAZqDNOAp5AKn9uIw\hj1voUVaw2g.parquet
smp_UCWM76ZP_2023_qJjvq0fpZLM,UCWM76ZPAZqDNOAp5AKn9uIw,qJjvq0fpZLM,2023,2023-11-23T09:00:37+00:00,bin_6_nov_dec,baseline_stratified,100,C:\Users\Icezaza\Documents\GitHub\ThaiVtuberSNA\data\temporal\observations\comment\UCWM76ZPAZqDNOAp5AKn9uIw\qJjvq0fpZLM.parquet
smp_UCXuiHw-_2023_Zu3RHu7-FYw,UCXuiHw-k05CnSu5_DjKUytw,Zu3RHu7-FYw,2023,2023-12-31T09:52:29+00:00,bin_6_nov_dec,baseline_stratified,98,C:\Users\Icezaza\Documents\GitHub\ThaiVtuberSNA\data\temporal\observations\comment\UCXuiHw-k05CnSu5_DjKUytw\Zu3RHu7-FYw.parquet
smp_UCY-5Lf7_2023_BgQ8S92u3xQ,UCY-5Lf7AJKFj4fudzFi1AZw,BgQ8S92u3xQ,2023,2023-12-10T13:00:11+00:00,bin_6_nov_dec,baseline_stratified,97,C:\Users\Icezaza\Documents\GitHub\ThaiVtuberSNA\data\temporal\observations\comment\UCY-5Lf7AJKFj4fudzFi1AZw\BgQ8S92u3xQ.parquet
smp_UCcRaKGC_2023_61HWSZztq0k,UCcRaKGCG3RFenb8D2php_Jw,61HWSZztq0k,2023,2023-04-21T11:00:09+00:00,bin_2_mar_apr,baseline_stratified,94,C:\Users\Icezaza\Documents\GitHub\ThaiVtuberSNA\data\temporal\observations\comment\UCcRaKGCG3RFenb8D2php_Jw\61HWSZztq0k.parquet
smp_UCdYlA3Q_2023_WtvY3eZAMcY,UCdYlA3Qi1TnZwThS9Rb7dog,WtvY3eZAMcY,2023,2023-04-08T23:00:20+00:00,bin_2_mar_apr,baseline_stratified,97,C:\Users\Icezaza\Documents\GitHub\ThaiVtuberSNA\data\temporal\observations\comment\UCdYlA3Qi1TnZwThS9Rb7dog\WtvY3eZAMcY.parquet
smp_UClIlMpd_2023_vou36rPKmqM,UClIlMpdlevmQHyd7qQLLNWA,vou36rPKmqM,2023,2023-04-03T17:05:26+00:00,bin_2_mar_apr,baseline_stratified,86,C:\Users\Icezaza\Documents\GitHub\ThaiVtuberSNA\data\temporal\observations\comment\UClIlMpdlevmQHyd7qQLLNWA\vou36rPKmqM.parquet
smp_UCmg0gZH_2023__izxVoShzVA,UCmg0gZHGn-zuq1JnYPB_EjQ,_izxVoShzVA,2023,2023-10-28T11:00:09+00:00,bin_5_sep_oct,baseline_stratified,95,C:\Users\Icezaza\Documents\GitHub\ThaiVtuberSNA\data\temporal\observations\comment\UCmg0gZHGn-zuq1JnYPB_EjQ\_izxVoShzVA.parquet
smp_UCompe4f_2023_7ZHTSVBF6qU,UCompe4fS2oUss8CGTuhOSxA,7ZHTSVBF6qU,2023,2023-10-31T14:03:15+00:00,bin_5_sep_oct,baseline_stratified,74,C:\Users\Icezaza\Documents\GitHub\ThaiVtuberSNA\data\temporal\observations\comment\UCompe4fS2oUss8CGTuhOSxA\7ZHTSVBF6qU.parquet
smp_UCompe4f_2023_Gct3vVD5FB0,UCompe4fS2oUss8CGTuhOSxA,Gct3vVD5FB0,2023,2023-01-14T02:00:06+00:00,bin_1_jan_feb,baseline_stratified,94,C:\Users\Icezaza\Documents\GitHub\ThaiVtuberSNA\data\temporal\observations\comment\UCompe4fS2oUss8CGTuhOSxA\Gct3vVD5FB0.parquet
smp_UCompe4f_2023_JuP3BBuuaoc,UCompe4fS2oUss8CGTuhOSxA,JuP3BBuuaoc,2023,2023-07-22T03:00:17+00:00,bin_4_jul_aug,baseline_stratified,95,C:\Users\Icezaza\Documents\GitHub\ThaiVtuberSNA\data\temporal\observations\comment\UCompe4fS2oUss8CGTuhOSxA\JuP3BBuuaoc.parquet
smp_UCompe4f_2023_h6j7YnTlu-4,UCompe4fS2oUss8CGTuhOSxA,h6j7YnTlu-4,2023,2023-06-10T03:00:20+00:00,bin_3_may_jun,baseline_stratified,96,C:\Users\Icezaza\Documents\GitHub\ThaiVtuberSNA\data\temporal\observations\comment\UCompe4fS2oUss8CGTuhOSxA\h6j7YnTlu-4.parquet
smp_UCpGtwNm_2023_pmhtmQiuLwI,UCpGtwNmbOtgmcKIY81MIX_w,pmhtmQiuLwI,2023,2023-09-26T11:00:40+00:00,bin_5_sep_oct,baseline_stratified,99,C:\Users\Icezaza\Documents\GitHub\ThaiVtuberSNA\data\temporal\observations\comment\UCpGtwNmbOtgmcKIY81MIX_w\pmhtmQiuLwI.parquet
smp_UCrIs26b_2023_0yEQvHP2kMs,UCrIs26bEKOvA_lRnO2Hgscw,0yEQvHP2kMs,2023,2023-09-06T11:22:13+00:00,bin_5_sep_oct,baseline_stratified,100,C:\Users\Icezaza\Documents\GitHub\ThaiVtuberSNA\data\temporal\observations\comment\UCrIs26bEKOvA_lRnO2Hgscw\0yEQvHP2kMs.parquet
smp_UCrIs26b_2023_FdcY-pQW45A,UCrIs26bEKOvA_lRnO2Hgscw,FdcY-pQW45A,2023,2023-03-22T14:00:07+00:00,bin_2_mar_apr,baseline_stratified,94,C:\Users\Icezaza\Documents\GitHub\ThaiVtuberSNA\data\temporal\observations\comment\UCrIs26bEKOvA_lRnO2Hgscw\FdcY-pQW45A.parquet
smp_UCrIs26b_2023_HaslwD4hVBA,UCrIs26bEKOvA_lRnO2Hgscw,HaslwD4hVBA,2023,2023-08-06T13:00:11+00:00,bin_4_jul_aug,baseline_stratified,96,C:\Users\Icezaza\Documents\GitHub\ThaiVtuberSNA\data\temporal\observations\comment\UCrIs26bEKOvA_lRnO2Hgscw\HaslwD4hVBA.parquet
smp_UCrIs26b_2023_qRCDtZZfmHo,UCrIs26bEKOvA_lRnO2Hgscw,qRCDtZZfmHo,2023,2023-02-05T15:00:07+00:00,bin_1_jan_feb,baseline_stratified,91,C:\Users\Icezaza\Documents\GitHub\ThaiVtuberSNA\data\temporal\observations\comment\UCrIs26bEKOvA_lRnO2Hgscw\qRCDtZZfmHo.parquet
smp_UCuZ1ajv_2023_f6Xr2WDhQ5g,UCuZ1ajvlGFUMCHZAPdetKHw,f6Xr2WDhQ5g,2023,2023-08-29T11:00:11+00:00,bin_4_jul_aug,baseline_stratified,98,C:\Users\Icezaza\Documents\GitHub\ThaiVtuberSNA\data\temporal\observations\comment\UCuZ1ajvlGFUMCHZAPdetKHw\f6Xr2WDhQ5g.parquet
smp_UCw64Its_2023_D_nne57NtWM,UCw64ItsCX0Cb4lCjb68oTpw,D_nne57NtWM,2023,2023-10-29T12:00:07+00:00,bin_5_sep_oct,baseline_stratified,100,C:\Users\Icezaza\Documents\GitHub\ThaiVtuberSNA\data\temporal\observations\comment\UCw64ItsCX0Cb4lCjb68oTpw\D_nne57NtWM.parquet
smp_UCx1g_QQ_2023_u1nHlpjmu1o,UCx1g_QQFax29m6z1UXLTI3g,u1nHlpjmu1o,2023,2023-09-25T10:00:32+00:00,bin_5_sep_oct,baseline_stratified,95,C:\Users\Icezaza\Documents\GitHub\ThaiVtuberSNA\data\temporal\observations\comment\UCx1g_QQFax29m6z1UXLTI3g\u1nHlpjmu1o.parquet
smp_UC0Ky1U__2024_2aikQt7mjlw,UC0Ky1U__7T2Z5SOZCvNlJ-Q,2aikQt7mjlw,2024,2024-06-02T06:00:07+00:00,bin_3_may_jun,baseline_stratified,99,C:\Users\Icezaza\Documents\GitHub\ThaiVtuberSNA\data\temporal\observations\comment\UC0Ky1U__7T2Z5SOZCvNlJ-Q\2aikQt7mjlw.parquet
smp_UC2eai5w_2024_cVOWLwzh8Fs,UC2eai5waelgobAHgp20DEYg,cVOWLwzh8Fs,2024,2024-11-09T11:00:46+00:00,bin_6_nov_dec,baseline_stratified,99,C:\Users\Icezaza\Documents\GitHub\ThaiVtuberSNA\data\temporal\observations\comment\UC2eai5waelgobAHgp20DEYg\cVOWLwzh8Fs.parquet
smp_UC3O5wAg_2024_2lzLXwqEcRY,UC3O5wAgEVyNA1Jw3gyi-_jA,2lzLXwqEcRY,2024,2024-07-29T02:00:01+00:00,bin_4_jul_aug,baseline_stratified,98,C:\Users\Icezaza\Documents\GitHub\ThaiVtuberSNA\data\temporal\observations\comment\UC3O5wAgEVyNA1Jw3gyi-_jA\2lzLXwqEcRY.parquet
smp_UC3O5wAg_2024_SlaH7ykv_-4,UC3O5wAgEVyNA1Jw3gyi-_jA,SlaH7ykv_-4,2024,2024-03-30T02:00:19+00:00,bin_2_mar_apr,baseline_stratified,98,C:\Users\Icezaza\Documents\GitHub\ThaiVtuberSNA\data\temporal\observations\comment\UC3O5wAgEVyNA1Jw3gyi-_jA\SlaH7ykv_-4.parquet
smp_UC3O5wAg_2024_TDVFEtfedxk,UC3O5wAgEVyNA1Jw3gyi-_jA,TDVFEtfedxk,2024,2024-12-05T02:00:25+00:00,bin_6_nov_dec,baseline_stratified,97,C:\Users\Icezaza\Documents\GitHub\ThaiVtuberSNA\data\temporal\observations\comment\UC3O5wAgEVyNA1Jw3gyi-_jA\TDVFEtfedxk.parquet
smp_UC3O5wAg_2024_knXuHOneRGw,UC3O5wAgEVyNA1Jw3gyi-_jA,knXuHOneRGw,2024,2024-05-23T02:00:26+00:00,bin_3_may_jun,baseline_stratified,93,C:\Users\Icezaza\Documents\GitHub\ThaiVtuberSNA\data\temporal\observations\comment\UC3O5wAgEVyNA1Jw3gyi-_jA\knXuHOneRGw.parquet
smp_UCAr4U_H_2024_4U-MB5k24JQ,UCAr4U_HGMYXn1EZjdWiGSLQ,4U-MB5k24JQ,2024,2024-01-27T14:08:52+00:00,bin_1_jan_feb,baseline_stratified,98,C:\Users\Icezaza\Documents\GitHub\ThaiVtuberSNA\data\temporal\observations\comment\UCAr4U_HGMYXn1EZjdWiGSLQ\4U-MB5k24JQ.parquet
smp_UCGBkYTR_2024_LUNrrgoyKAs,UCGBkYTR4tMKS38TQHGWWLjg,LUNrrgoyKAs,2024,2024-08-24T03:41:09+00:00,bin_4_jul_aug,baseline_stratified,100,C:\Users\Icezaza\Documents\GitHub\ThaiVtuberSNA\data\temporal\observations\comment\UCGBkYTR4tMKS38TQHGWWLjg\LUNrrgoyKAs.parquet
smp_UCGBkYTR_2024_UkCiThhwfLI,UCGBkYTR4tMKS38TQHGWWLjg,UkCiThhwfLI,2024,2024-03-12T11:03:57+00:00,bin_2_mar_apr,baseline_stratified,92,C:\Users\Icezaza\Documents\GitHub\ThaiVtuberSNA\data\temporal\observations\comment\UCGBkYTR4tMKS38TQHGWWLjg\UkCiThhwfLI.parquet
smp_UCGBkYTR_2024_uZCJmkQpkYE,UCGBkYTR4tMKS38TQHGWWLjg,uZCJmkQpkYE,2024,2024-12-03T10:01:01+00:00,bin_6_nov_dec,baseline_stratified,98,C:\Users\Icezaza\Documents\GitHub\ThaiVtuberSNA\data\temporal\observations\comment\UCGBkYTR4tMKS38TQHGWWLjg\uZCJmkQpkYE.parquet
smp_UCGtjAVY_2024_H6AuBauMXlM,UCGtjAVYcncs1AJ5hQY0gASQ,H6AuBauMXlM,2024,2024-12-07T05:00:21+00:00,bin_6_nov_dec,baseline_stratified,100,C:\Users\Icezaza\Documents\GitHub\ThaiVtuberSNA\data\temporal\observations\comment\UCGtjAVYcncs1AJ5hQY0gASQ\H6AuBauMXlM.parquet
smp_UCGtjAVY_2024_Wa5xMGgD3kM,UCGtjAVYcncs1AJ5hQY0gASQ,Wa5xMGgD3kM,2024,2024-11-23T05:00:22+00:00,bin_6_nov_dec,baseline_stratified,99,C:\Users\Icezaza\Documents\GitHub\ThaiVtuberSNA\data\temporal\observations\comment\UCGtjAVYcncs1AJ5hQY0gASQ\Wa5xMGgD3kM.parquet
smp_UCGtjAVY_2024_oCtHNmxyS00,UCGtjAVYcncs1AJ5hQY0gASQ,oCtHNmxyS00,2024,2024-12-14T06:00:22+00:00,bin_6_nov_dec,baseline_stratified,98,C:\Users\Icezaza\Documents\GitHub\ThaiVtuberSNA\data\temporal\observations\comment\UCGtjAVYcncs1AJ5hQY0gASQ\oCtHNmxyS00.parquet
smp_UCM69uU9_2024_O34L1C-5-eM,UCM69uU9b_raR3mcACHeivgg,O34L1C-5-eM,2024,2024-10-26T16:07:22+00:00,bin_5_sep_oct,baseline_stratified,99,C:\Users\Icezaza\Documents\GitHub\ThaiVtuberSNA\data\temporal\observations\comment\UCM69uU9b_raR3mcACHeivgg\O34L1C-5-eM.parquet
smp_UCOGGZpm_2024__mYhBghwX-4,UCOGGZpm2i6PXFI9yBvEueRA,_mYhBghwX-4,2024,2024-10-28T01:31:53+00:00,bin_5_sep_oct,baseline_stratified,97,C:\Users\Icezaza\Documents\GitHub\ThaiVtuberSNA\data\temporal\observations\comment\UCOGGZpm2i6PXFI9yBvEueRA\_mYhBghwX-4.parquet
smp_UCR1Htb-_2024_x5hex26mfco,UCR1Htb-H1-tus7UPotPh69A,x5hex26mfco,2024,2024-09-22T12:00:06+00:00,bin_5_sep_oct,baseline_stratified,99,C:\Users\Icezaza\Documents\GitHub\ThaiVtuberSNA\data\temporal\observations\comment\UCR1Htb-H1-tus7UPotPh69A\x5hex26mfco.parquet
smp_UCRNJOb6_2024_r6YtCSUzaXg,UCRNJOb6iROvOKqWiB9H1lBg,r6YtCSUzaXg,2024,2024-05-11T13:00:07+00:00,bin_3_may_jun,baseline_stratified,96,C:\Users\Icezaza\Documents\GitHub\ThaiVtuberSNA\data\temporal\observations\comment\UCRNJOb6iROvOKqWiB9H1lBg\r6YtCSUzaXg.parquet
smp_UCTRQ7X-_2024_VzQ7KgBfOQA,UCTRQ7X-nxix3gjjXUb6ylvA,VzQ7KgBfOQA,2024,2024-07-21T18:25:07+00:00,bin_4_jul_aug,baseline_stratified,99,C:\Users\Icezaza\Documents\GitHub\ThaiVtuberSNA\data\temporal\observations\comment\UCTRQ7X-nxix3gjjXUb6ylvA\VzQ7KgBfOQA.parquet
smp_UCWM76ZP_2024_JFvfvYZh5R8,UCWM76ZPAZqDNOAp5AKn9uIw,JFvfvYZh5R8,2024,2024-09-19T09:10:00+00:00,bin_5_sep_oct,baseline_stratified,99,C:\Users\Icezaza\Documents\GitHub\ThaiVtuberSNA\data\temporal\observations\comment\UCWM76ZPAZqDNOAp5AKn9uIw\JFvfvYZh5R8.parquet
smp_UCWM76ZP_2024_UNp5JNxtdRs,UCWM76ZPAZqDNOAp5AKn9uIw,UNp5JNxtdRs,2024,2024-01-01T10:40:00+00:00,bin_1_jan_feb,baseline_stratified,99,C:\Users\Icezaza\Documents\GitHub\ThaiVtuberSNA\data\temporal\observations\comment\UCWM76ZPAZqDNOAp5AKn9uIw\UNp5JNxtdRs.parquet
smp_UCWNVjAz_2024_VujQCiMkZv8,UCWNVjAzZmYUni8YBXYiy01w,VujQCiMkZv8,2024,2024-10-03T10:00:28+00:00,bin_5_sep_oct,baseline_stratified,97,C:\Users\Icezaza\Documents\GitHub\ThaiVtuberSNA\data\temporal\observations\comment\UCWNVjAzZmYUni8YBXYiy01w\VujQCiMkZv8.parquet
smp_UCWU7kvL_2024_EIkZ3wzgdf8,UCWU7kvLd_JBaBqO_ilTYd_A,EIkZ3wzgdf8,2024,2024-04-12T18:02:15+00:00,bin_2_mar_apr,baseline_stratified,100,C:\Users\Icezaza\Documents\GitHub\ThaiVtuberSNA\data\temporal\observations\comment\UCWU7kvLd_JBaBqO_ilTYd_A\EIkZ3wzgdf8.parquet
smp_UCfiD6Dp_2024_kDWbeFwvSCg,UCfiD6DpIwPP4lQ4NPqZNOHg,kDWbeFwvSCg,2024,2024-07-13T13:00:06+00:00,bin_4_jul_aug,baseline_stratified,98,C:\Users\Icezaza\Documents\GitHub\ThaiVtuberSNA\data\temporal\observations\comment\UCfiD6DpIwPP4lQ4NPqZNOHg\kDWbeFwvSCg.parquet
smp_UClIlMpd_2024_u9iZwe4hI0Q,UClIlMpdlevmQHyd7qQLLNWA,u9iZwe4hI0Q,2024,2024-05-28T14:43:03+00:00,bin_3_may_jun,baseline_stratified,95,C:\Users\Icezaza\Documents\GitHub\ThaiVtuberSNA\data\temporal\observations\comment\UClIlMpdlevmQHyd7qQLLNWA\u9iZwe4hI0Q.parquet
smp_UCompe4f_2024_P8-g7iV5rQk,UCompe4fS2oUss8CGTuhOSxA,P8-g7iV5rQk,2024,2024-03-23T03:00:14+00:00,bin_2_mar_apr,baseline_stratified,91,C:\Users\Icezaza\Documents\GitHub\ThaiVtuberSNA\data\temporal\observations\comment\UCompe4fS2oUss8CGTuhOSxA\P8-g7iV5rQk.parquet
smp_UCpGtwNm_2024_0DLfcXGzrhA,UCpGtwNmbOtgmcKIY81MIX_w,0DLfcXGzrhA,2024,2024-08-13T11:00:02+00:00,bin_4_jul_aug,baseline_stratified,100,C:\Users\Icezaza\Documents\GitHub\ThaiVtuberSNA\data\temporal\observations\comment\UCpGtwNmbOtgmcKIY81MIX_w\0DLfcXGzrhA.parquet
smp_UCpGtwNm_2024_2KIvmO16gNg,UCpGtwNmbOtgmcKIY81MIX_w,2KIvmO16gNg,2024,2024-10-04T11:00:02+00:00,bin_5_sep_oct,baseline_stratified,100,C:\Users\Icezaza\Documents\GitHub\ThaiVtuberSNA\data\temporal\observations\comment\UCpGtwNmbOtgmcKIY81MIX_w\2KIvmO16gNg.parquet
smp_UCpGtwNm_2024_PhoDu3zAhcI,UCpGtwNmbOtgmcKIY81MIX_w,PhoDu3zAhcI,2024,2024-05-11T06:25:07+00:00,bin_3_may_jun,baseline_stratified,97,C:\Users\Icezaza\Documents\GitHub\ThaiVtuberSNA\data\temporal\observations\comment\UCpGtwNmbOtgmcKIY81MIX_w\PhoDu3zAhcI.parquet
smp_UCrIs26b_2024_JMnQnzt1F6M,UCrIs26bEKOvA_lRnO2Hgscw,JMnQnzt1F6M,2024,2024-07-23T13:47:10+00:00,bin_4_jul_aug,baseline_stratified,98,C:\Users\Icezaza\Documents\GitHub\ThaiVtuberSNA\data\temporal\observations\comment\UCrIs26bEKOvA_lRnO2Hgscw\JMnQnzt1F6M.parquet
smp_UCrYkQnb_2024_nmv8MsmOobs,UCrYkQnbL_OiYyGuiZyvcO7g,nmv8MsmOobs,2024,2024-02-16T12:00:07+00:00,bin_1_jan_feb,baseline_stratified,99,C:\Users\Icezaza\Documents\GitHub\ThaiVtuberSNA\data\temporal\observations\comment\UCrYkQnbL_OiYyGuiZyvcO7g\nmv8MsmOobs.parquet
smp_UCrYkQnb_2024_wCT-4a-YIMc,UCrYkQnbL_OiYyGuiZyvcO7g,wCT-4a-YIMc,2024,2024-03-20T11:00:07+00:00,bin_2_mar_apr,baseline_stratified,99,C:\Users\Icezaza\Documents\GitHub\ThaiVtuberSNA\data\temporal\observations\comment\UCrYkQnbL_OiYyGuiZyvcO7g\wCT-4a-YIMc.parquet
smp_UCtGhO6z_2024_6bkQJm_bhic,UCtGhO6z6GxqtBZ4gP-3rUpA,6bkQJm_bhic,2024,2024-10-20T09:44:24+00:00,bin_5_sep_oct,baseline_stratified,95,C:\Users\Icezaza\Documents\GitHub\ThaiVtuberSNA\data\temporal\observations\comment\UCtGhO6z6GxqtBZ4gP-3rUpA\6bkQJm_bhic.parquet
smp_UCuZ1ajv_2024_fWKHAD3KpUA,UCuZ1ajvlGFUMCHZAPdetKHw,fWKHAD3KpUA,2024,2024-12-31T12:00:06+00:00,bin_6_nov_dec,baseline_stratified,96,C:\Users\Icezaza\Documents\GitHub\ThaiVtuberSNA\data\temporal\observations\comment\UCuZ1ajvlGFUMCHZAPdetKHw\fWKHAD3KpUA.parquet
smp_UCuZ1ajv_2024_snjA7P2WF3A,UCuZ1ajvlGFUMCHZAPdetKHw,snjA7P2WF3A,2024,2024-10-19T11:59:06+00:00,bin_5_sep_oct,baseline_stratified,91,C:\Users\Icezaza\Documents\GitHub\ThaiVtuberSNA\data\temporal\observations\comment\UCuZ1ajvlGFUMCHZAPdetKHw\snjA7P2WF3A.parquet
smp_UC8-JXAc_2025_ge6M63gegd4,UC8-JXAccuh7DvI_A_lObw-w,ge6M63gegd4,2025,2025-05-02T12:01:15+00:00,bin_3_may_jun,baseline_stratified,99,C:\Users\Icezaza\Documents\GitHub\ThaiVtuberSNA\data\temporal\observations\comment\UC8-JXAccuh7DvI_A_lObw-w\ge6M63gegd4.parquet
smp_UCAr4U_H_2025_y6h-T-zMMSo,UCAr4U_HGMYXn1EZjdWiGSLQ,y6h-T-zMMSo,2025,2025-03-20T12:23:46+00:00,bin_2_mar_apr,baseline_stratified,85,C:\Users\Icezaza\Documents\GitHub\ThaiVtuberSNA\data\temporal\observations\comment\UCAr4U_HGMYXn1EZjdWiGSLQ\y6h-T-zMMSo.parquet
smp_UCC4Wb_x_2025_Dzs_ycIYZJU,UCC4Wb_x57Ks43GRJ6x_wT5Q,Dzs_ycIYZJU,2025,2025-04-11T10:15:10+00:00,bin_2_mar_apr,baseline_stratified,96,C:\Users\Icezaza\Documents\GitHub\ThaiVtuberSNA\data\temporal\observations\comment\UCC4Wb_x57Ks43GRJ6x_wT5Q\Dzs_ycIYZJU.parquet
smp_UCC4Wb_x_2025_UiOUOWDd3TM,UCC4Wb_x57Ks43GRJ6x_wT5Q,UiOUOWDd3TM,2025,2025-01-29T10:54:46+00:00,bin_1_jan_feb,baseline_stratified,96,C:\Users\Icezaza\Documents\GitHub\ThaiVtuberSNA\data\temporal\observations\comment\UCC4Wb_x57Ks43GRJ6x_wT5Q\UiOUOWDd3TM.parquet
smp_UCGBkYTR_2025_9l4AgHRjxBs,UCGBkYTR4tMKS38TQHGWWLjg,9l4AgHRjxBs,2025,2025-03-03T10:00:52+00:00,bin_2_mar_apr,baseline_stratified,80,C:\Users\Icezaza\Documents\GitHub\ThaiVtuberSNA\data\temporal\observations\comment\UCGBkYTR4tMKS38TQHGWWLjg\9l4AgHRjxBs.parquet
smp_UCGBkYTR_2025_Db_he635ysk,UCGBkYTR4tMKS38TQHGWWLjg,Db_he635ysk,2025,2025-05-30T10:00:21+00:00,bin_3_may_jun,baseline_stratified,96,C:\Users\Icezaza\Documents\GitHub\ThaiVtuberSNA\data\temporal\observations\comment\UCGBkYTR4tMKS38TQHGWWLjg\Db_he635ysk.parquet
smp_UCGBkYTR_2025_ayp4CcOeg-k,UCGBkYTR4tMKS38TQHGWWLjg,ayp4CcOeg-k,2025,2025-02-01T10:19:58+00:00,bin_1_jan_feb,baseline_stratified,94,C:\Users\Icezaza\Documents\GitHub\ThaiVtuberSNA\data\temporal\observations\comment\UCGBkYTR4tMKS38TQHGWWLjg\ayp4CcOeg-k.parquet
smp_UCGBkYTR_2025_cQEK9NAITzs,UCGBkYTR4tMKS38TQHGWWLjg,cQEK9NAITzs,2025,2025-10-21T10:00:59+00:00,bin_5_sep_oct,baseline_stratified,98,C:\Users\Icezaza\Documents\GitHub\ThaiVtuberSNA\data\temporal\observations\comment\UCGBkYTR4tMKS38TQHGWWLjg\cQEK9NAITzs.parquet
smp_UCGBkYTR_2025_qCghj_Fe5JU,UCGBkYTR4tMKS38TQHGWWLjg,qCghj_Fe5JU,2025,2025-07-18T10:01:48+00:00,bin_4_jul_aug,baseline_stratified,99,C:\Users\Icezaza\Documents\GitHub\ThaiVtuberSNA\data\temporal\observations\comment\UCGBkYTR4tMKS38TQHGWWLjg\qCghj_Fe5JU.parquet
smp_UCGtjAVY_2025_GrTxwq2Og9A,UCGtjAVYcncs1AJ5hQY0gASQ,GrTxwq2Og9A,2025,2025-10-10T08:00:33+00:00,bin_5_sep_oct,baseline_stratified,100,C:\Users\Icezaza\Documents\GitHub\ThaiVtuberSNA\data\temporal\observations\comment\UCGtjAVYcncs1AJ5hQY0gASQ\GrTxwq2Og9A.parquet
smp_UCGtjAVY_2025_ilJcoWMWUD8,UCGtjAVYcncs1AJ5hQY0gASQ,ilJcoWMWUD8,2025,2025-01-11T05:00:37+00:00,bin_1_jan_feb,baseline_stratified,99,C:\Users\Icezaza\Documents\GitHub\ThaiVtuberSNA\data\temporal\observations\comment\UCGtjAVYcncs1AJ5hQY0gASQ\ilJcoWMWUD8.parquet
smp_UCGtjAVY_2025_lGgTdGA9bMo,UCGtjAVYcncs1AJ5hQY0gASQ,lGgTdGA9bMo,2025,2025-11-28T08:01:06+00:00,bin_6_nov_dec,baseline_stratified,99,C:\Users\Icezaza\Documents\GitHub\ThaiVtuberSNA\data\temporal\observations\comment\UCGtjAVYcncs1AJ5hQY0gASQ\lGgTdGA9bMo.parquet
smp_UCHhIQk2_2025_a-oJFzRcWvQ,UCHhIQk2SuVBxR4H2PH_3j2Q,a-oJFzRcWvQ,2025,2025-06-14T05:00:01+00:00,bin_3_may_jun,baseline_stratified,99,C:\Users\Icezaza\Documents\GitHub\ThaiVtuberSNA\data\temporal\observations\comment\UCHhIQk2SuVBxR4H2PH_3j2Q\a-oJFzRcWvQ.parquet
smp_UCIxWJ7k_2025_YL7Odqn1KNI,UCIxWJ7k2MWKT6sIg3mLjkTg,YL7Odqn1KNI,2025,2025-11-07T11:52:10+00:00,bin_6_nov_dec,baseline_stratified,96,C:\Users\Icezaza\Documents\GitHub\ThaiVtuberSNA\data\temporal\observations\comment\UCIxWJ7k2MWKT6sIg3mLjkTg\YL7Odqn1KNI.parquet
smp_UCIxWJ7k_2025__nz20E6VUgw,UCIxWJ7k2MWKT6sIg3mLjkTg,_nz20E6VUgw,2025,2025-12-02T21:16:05+00:00,bin_6_nov_dec,baseline_stratified,92,C:\Users\Icezaza\Documents\GitHub\ThaiVtuberSNA\data\temporal\observations\comment\UCIxWJ7k2MWKT6sIg3mLjkTg\_nz20E6VUgw.parquet
smp_UCIxWJ7k_2025_bZ3NikNm_So,UCIxWJ7k2MWKT6sIg3mLjkTg,bZ3NikNm_So,2025,2025-09-25T11:30:46+00:00,bin_5_sep_oct,baseline_stratified,95,C:\Users\Icezaza\Documents\GitHub\ThaiVtuberSNA\data\temporal\observations\comment\UCIxWJ7k2MWKT6sIg3mLjkTg\bZ3NikNm_So.parquet
smp_UCIxWJ7k_2025_cFBE_Dfqagc,UCIxWJ7k2MWKT6sIg3mLjkTg,cFBE_Dfqagc,2025,2025-10-10T09:33:54+00:00,bin_5_sep_oct,baseline_stratified,94,C:\Users\Icezaza\Documents\GitHub\ThaiVtuberSNA\data\temporal\observations\comment\UCIxWJ7k2MWKT6sIg3mLjkTg\cFBE_Dfqagc.parquet
smp_UCIxWJ7k_2025_wGHaYJh16Mk,UCIxWJ7k2MWKT6sIg3mLjkTg,wGHaYJh16Mk,2025,2025-07-20T05:22:48+00:00,bin_4_jul_aug,baseline_stratified,91,C:\Users\Icezaza\Documents\GitHub\ThaiVtuberSNA\data\temporal\observations\comment\UCIxWJ7k2MWKT6sIg3mLjkTg\wGHaYJh16Mk.parquet
smp_UCJdXesa_2025_w1yi0MyPzKg,UCJdXesaZYrQVSjhlYhme8rQ,w1yi0MyPzKg,2025,2025-04-04T17:45:43+00:00,bin_2_mar_apr,baseline_stratified,91,C:\Users\Icezaza\Documents\GitHub\ThaiVtuberSNA\data\temporal\observations\comment\UCJdXesaZYrQVSjhlYhme8rQ\w1yi0MyPzKg.parquet
smp_UCM69uU9_2025_gbvbYPBFm1c,UCM69uU9b_raR3mcACHeivgg,gbvbYPBFm1c,2025,2025-04-01T11:36:42+00:00,bin_2_mar_apr,baseline_stratified,98,C:\Users\Icezaza\Documents\GitHub\ThaiVtuberSNA\data\temporal\observations\comment\UCM69uU9b_raR3mcACHeivgg\gbvbYPBFm1c.parquet
smp_UCOGGZpm_2025_YxTGFNlkKCE,UCOGGZpm2i6PXFI9yBvEueRA,YxTGFNlkKCE,2025,2025-06-04T11:00:06+00:00,bin_3_may_jun,baseline_stratified,94,C:\Users\Icezaza\Documents\GitHub\ThaiVtuberSNA\data\temporal\observations\comment\UCOGGZpm2i6PXFI9yBvEueRA\YxTGFNlkKCE.parquet
smp_UCOGGZpm_2025_fMTqUiKwTM8,UCOGGZpm2i6PXFI9yBvEueRA,fMTqUiKwTM8,2025,2025-05-23T11:58:13+00:00,bin_3_may_jun,baseline_stratified,99,C:\Users\Icezaza\Documents\GitHub\ThaiVtuberSNA\data\temporal\observations\comment\UCOGGZpm2i6PXFI9yBvEueRA\fMTqUiKwTM8.parquet
smp_UCOaTgKP_2025_LlzsfiXgY2U,UCOaTgKPjI9cgXLoDW7XFDDw,LlzsfiXgY2U,2025,2025-05-09T17:51:10+00:00,bin_3_may_jun,baseline_stratified,88,C:\Users\Icezaza\Documents\GitHub\ThaiVtuberSNA\data\temporal\observations\comment\UCOaTgKPjI9cgXLoDW7XFDDw\LlzsfiXgY2U.parquet
smp_UCQSPYuD_2025_aa1nZZnsdzI,UCQSPYuDISdhcuvXsAhn3BTQ,aa1nZZnsdzI,2025,2025-01-29T10:00:03+00:00,bin_1_jan_feb,baseline_stratified,98,C:\Users\Icezaza\Documents\GitHub\ThaiVtuberSNA\data\temporal\observations\comment\UCQSPYuDISdhcuvXsAhn3BTQ\aa1nZZnsdzI.parquet
smp_UCQs4BC3_2025_Fd1k7fLeyYg,UCQs4BC3S0KSw7i0ggHXn8TA,Fd1k7fLeyYg,2025,2025-01-14T13:00:06+00:00,bin_1_jan_feb,baseline_stratified,96,C:\Users\Icezaza\Documents\GitHub\ThaiVtuberSNA\data\temporal\observations\comment\UCQs4BC3S0KSw7i0ggHXn8TA\Fd1k7fLeyYg.parquet
smp_UCS9vgAE_2025_FHtlD62MYG4,UCS9vgAEQSQDhgTRIskKA2tA,FHtlD62MYG4,2025,2025-05-04T06:23:35+00:00,bin_3_may_jun,baseline_stratified,98,C:\Users\Icezaza\Documents\GitHub\ThaiVtuberSNA\data\temporal\observations\comment\UCS9vgAEQSQDhgTRIskKA2tA\FHtlD62MYG4.parquet
smp_UCSOxauT_2025_lWKWZdV_T8M,UCSOxauTBY7eKbUnQ86W708Q,lWKWZdV_T8M,2025,2025-04-01T10:30:27+00:00,bin_2_mar_apr,baseline_stratified,95,C:\Users\Icezaza\Documents\GitHub\ThaiVtuberSNA\data\temporal\observations\comment\UCSOxauTBY7eKbUnQ86W708Q\lWKWZdV_T8M.parquet
smp_UCSOxauT_2025_ml_KsvPN25c,UCSOxauTBY7eKbUnQ86W708Q,ml_KsvPN25c,2025,2025-05-24T09:00:06+00:00,bin_3_may_jun,baseline_stratified,96,C:\Users\Icezaza\Documents\GitHub\ThaiVtuberSNA\data\temporal\observations\comment\UCSOxauTBY7eKbUnQ86W708Q\ml_KsvPN25c.parquet
smp_UCWNVjAz_2025_sB9rKPffCnY,UCWNVjAzZmYUni8YBXYiy01w,sB9rKPffCnY,2025,2025-02-22T09:00:06+00:00,bin_1_jan_feb,baseline_stratified,98,C:\Users\Icezaza\Documents\GitHub\ThaiVtuberSNA\data\temporal\observations\comment\UCWNVjAzZmYUni8YBXYiy01w\sB9rKPffCnY.parquet
smp_UCWU7kvL_2025_7kRIJfyqjiQ,UCWU7kvLd_JBaBqO_ilTYd_A,7kRIJfyqjiQ,2025,2025-10-20T12:00:23+00:00,bin_5_sep_oct,baseline_stratified,98,C:\Users\Icezaza\Documents\GitHub\ThaiVtuberSNA\data\temporal\observations\comment\UCWU7kvLd_JBaBqO_ilTYd_A\7kRIJfyqjiQ.parquet
smp_UCY-5Lf7_2025_mMRvkdhsfFw,UCY-5Lf7AJKFj4fudzFi1AZw,mMRvkdhsfFw,2025,2025-05-15T11:00:06+00:00,bin_3_may_jun,baseline_stratified,100,C:\Users\Icezaza\Documents\GitHub\ThaiVtuberSNA\data\temporal\observations\comment\UCY-5Lf7AJKFj4fudzFi1AZw\mMRvkdhsfFw.parquet
smp_UCY-5Lf7_2025_w3_WSuQCfL0,UCY-5Lf7AJKFj4fudzFi1AZw,w3_WSuQCfL0,2025,2025-11-15T10:01:35+00:00,bin_6_nov_dec,baseline_stratified,95,C:\Users\Icezaza\Documents\GitHub\ThaiVtuberSNA\data\temporal\observations\comment\UCY-5Lf7AJKFj4fudzFi1AZw\w3_WSuQCfL0.parquet
smp_UCaNQI1x_2025_sD-DF6xss2o,UCaNQI1xcU1ZC4W0guaIMgTg,sD-DF6xss2o,2025,2025-02-01T02:00:38+00:00,bin_1_jan_feb,baseline_stratified,99,C:\Users\Icezaza\Documents\GitHub\ThaiVtuberSNA\data\temporal\observations\comment\UCaNQI1xcU1ZC4W0guaIMgTg\sD-DF6xss2o.parquet
smp_UCc9W8Gn_2025_cv966q0sDhU,UCc9W8GnDEHPNgt6eshaAvQw,cv966q0sDhU,2025,2025-02-25T09:07:20+00:00,bin_1_jan_feb,baseline_stratified,100,C:\Users\Icezaza\Documents\GitHub\ThaiVtuberSNA\data\temporal\observations\comment\UCc9W8GnDEHPNgt6eshaAvQw\cv966q0sDhU.parquet
smp_UCcFIthT_2025_SQJj52EQfBg,UCcFIthTrwa6N-1ri9sQZstw,SQJj52EQfBg,2025,2025-07-18T12:00:07+00:00,bin_4_jul_aug,baseline_stratified,99,C:\Users\Icezaza\Documents\GitHub\ThaiVtuberSNA\data\temporal\observations\comment\UCcFIthTrwa6N-1ri9sQZstw\SQJj52EQfBg.parquet
smp_UCdlpXdG_2025_nh92JhqjbCQ,UCdlpXdGT3nGDTqIlxUcufCQ,nh92JhqjbCQ,2025,2025-06-07T01:30:41+00:00,bin_3_may_jun,baseline_stratified,98,C:\Users\Icezaza\Documents\GitHub\ThaiVtuberSNA\data\temporal\observations\comment\UCdlpXdGT3nGDTqIlxUcufCQ\nh92JhqjbCQ.parquet
smp_UCf-29F7_2025_8AcvkXcGVKw,UCf-29F7w_0xRTXVDFol0spQ,8AcvkXcGVKw,2025,2025-09-04T09:10:22+00:00,bin_5_sep_oct,baseline_stratified,93,C:\Users\Icezaza\Documents\GitHub\ThaiVtuberSNA\data\temporal\observations\comment\UCf-29F7w_0xRTXVDFol0spQ\8AcvkXcGVKw.parquet
smp_UCf-29F7_2025_9iBxQx8gXxE,UCf-29F7w_0xRTXVDFol0spQ,9iBxQx8gXxE,2025,2025-06-19T01:30:11+00:00,bin_3_may_jun,baseline_stratified,92,C:\Users\Icezaza\Documents\GitHub\ThaiVtuberSNA\data\temporal\observations\comment\UCf-29F7w_0xRTXVDFol0spQ\9iBxQx8gXxE.parquet
smp_UCf-29F7_2025_Ucyi6jYyN4c,UCf-29F7w_0xRTXVDFol0spQ,Ucyi6jYyN4c,2025,2025-07-09T11:15:08+00:00,bin_4_jul_aug,baseline_stratified,97,C:\Users\Icezaza\Documents\GitHub\ThaiVtuberSNA\data\temporal\observations\comment\UCf-29F7w_0xRTXVDFol0spQ\Ucyi6jYyN4c.parquet
smp_UClIlMpd_2025_YGFnJiy3pdo,UClIlMpdlevmQHyd7qQLLNWA,YGFnJiy3pdo,2025,2025-06-21T14:15:06+00:00,bin_3_may_jun,baseline_stratified,99,C:\Users\Icezaza\Documents\GitHub\ThaiVtuberSNA\data\temporal\observations\comment\UClIlMpdlevmQHyd7qQLLNWA\YGFnJiy3pdo.parquet
smp_UCompe4f_2025_CENSh4rMicc,UCompe4fS2oUss8CGTuhOSxA,CENSh4rMicc,2025,2025-03-29T12:02:25+00:00,bin_2_mar_apr,baseline_stratified,95,C:\Users\Icezaza\Documents\GitHub\ThaiVtuberSNA\data\temporal\observations\comment\UCompe4fS2oUss8CGTuhOSxA\CENSh4rMicc.parquet
smp_UCpGtwNm_2025_iOuzxRhDCQg,UCpGtwNmbOtgmcKIY81MIX_w,iOuzxRhDCQg,2025,2025-04-18T11:01:21+00:00,bin_2_mar_apr,baseline_stratified,97,C:\Users\Icezaza\Documents\GitHub\ThaiVtuberSNA\data\temporal\observations\comment\UCpGtwNmbOtgmcKIY81MIX_w\iOuzxRhDCQg.parquet
smp_UCrIs26b_2025_BxvhUYSw_Lw,UCrIs26bEKOvA_lRnO2Hgscw,BxvhUYSw_Lw,2025,2025-09-08T13:00:06+00:00,bin_5_sep_oct,baseline_stratified,96,C:\Users\Icezaza\Documents\GitHub\ThaiVtuberSNA\data\temporal\observations\comment\UCrIs26bEKOvA_lRnO2Hgscw\BxvhUYSw_Lw.parquet
smp_UCrIs26b_2025_N_EUXWfnoD0,UCrIs26bEKOvA_lRnO2Hgscw,N_EUXWfnoD0,2025,2025-12-18T13:53:56+00:00,bin_6_nov_dec,baseline_stratified,100,C:\Users\Icezaza\Documents\GitHub\ThaiVtuberSNA\data\temporal\observations\comment\UCrIs26bEKOvA_lRnO2Hgscw\N_EUXWfnoD0.parquet
smp_UCtGhO6z_2025_Dpgu50WCBBM,UCtGhO6z6GxqtBZ4gP-3rUpA,Dpgu50WCBBM,2025,2025-12-12T05:03:53+00:00,bin_6_nov_dec,baseline_stratified,99,C:\Users\Icezaza\Documents\GitHub\ThaiVtuberSNA\data\temporal\observations\comment\UCtGhO6z6GxqtBZ4gP-3rUpA\Dpgu50WCBBM.parquet
smp_UCuZ1ajv_2025_lMMaI17yMDg,UCuZ1ajvlGFUMCHZAPdetKHw,lMMaI17yMDg,2025,2025-01-13T12:33:07+00:00,bin_1_jan_feb,baseline_stratified,100,C:\Users\Icezaza\Documents\GitHub\ThaiVtuberSNA\data\temporal\observations\comment\UCuZ1ajvlGFUMCHZAPdetKHw\lMMaI17yMDg.parquet
smp_UC3O5wAg_2026_DNGmsFtYrTs,UC3O5wAgEVyNA1Jw3gyi-_jA,DNGmsFtYrTs,2026,2026-01-06T02:00:17+00:00,bin_1_jan_feb,baseline_stratified,97,C:\Users\Icezaza\Documents\GitHub\ThaiVtuberSNA\data\temporal\observations\comment\UC3O5wAgEVyNA1Jw3gyi-_jA\DNGmsFtYrTs.parquet
smp_UC3O5wAg_2026_MrfuiK3uPNw,UC3O5wAgEVyNA1Jw3gyi-_jA,MrfuiK3uPNw,2026,2026-04-11T04:09:52+00:00,bin_2_mar_apr,baseline_stratified,98,C:\Users\Icezaza\Documents\GitHub\ThaiVtuberSNA\data\temporal\observations\comment\UC3O5wAgEVyNA1Jw3gyi-_jA\MrfuiK3uPNw.parquet
smp_UC8-JXAc_2026_vabk5YG7pmc,UC8-JXAccuh7DvI_A_lObw-w,vabk5YG7pmc,2026,2026-03-02T12:01:29+00:00,bin_2_mar_apr,baseline_stratified,99,C:\Users\Icezaza\Documents\GitHub\ThaiVtuberSNA\data\temporal\observations\comment\UC8-JXAccuh7DvI_A_lObw-w\vabk5YG7pmc.parquet
smp_UCC4Wb_x_2026_VzsaWgr6MRw,UCC4Wb_x57Ks43GRJ6x_wT5Q,VzsaWgr6MRw,2026,2026-09-02T10:27:03+00:00,bin_5_sep_oct,baseline_stratified,96,C:\Users\Icezaza\Documents\GitHub\ThaiVtuberSNA\data\temporal\observations\comment\UCC4Wb_x57Ks43GRJ6x_wT5Q\VzsaWgr6MRw.parquet
smp_UCEZl6aW_2026_16WHvFAD9Ms,UCEZl6aWM_c93GHtB12UfxNA,16WHvFAD9Ms,2026,2026-02-20T11:30:01+00:00,bin_1_jan_feb,baseline_stratified,100,C:\Users\Icezaza\Documents\GitHub\ThaiVtuberSNA\data\temporal\observations\comment\UCEZl6aWM_c93GHtB12UfxNA\16WHvFAD9Ms.parquet
smp_UCGBkYTR_2026_Fr1JCRFS87Q,UCGBkYTR4tMKS38TQHGWWLjg,Fr1JCRFS87Q,2026,2026-08-11T10:00:12+00:00,bin_4_jul_aug,baseline_stratified,96,C:\Users\Icezaza\Documents\GitHub\ThaiVtuberSNA\data\temporal\observations\comment\UCGBkYTR4tMKS38TQHGWWLjg\Fr1JCRFS87Q.parquet
smp_UCGBkYTR_2026_Jdg5oahcFqA,UCGBkYTR4tMKS38TQHGWWLjg,Jdg5oahcFqA,2026,2026-06-03T10:00:12+00:00,bin_3_may_jun,baseline_stratified,99,C:\Users\Icezaza\Documents\GitHub\ThaiVtuberSNA\data\temporal\observations\comment\UCGBkYTR4tMKS38TQHGWWLjg\Jdg5oahcFqA.parquet
smp_UCGBkYTR_2026_aJSK2kcKHog,UCGBkYTR4tMKS38TQHGWWLjg,aJSK2kcKHog,2026,2026-02-20T11:51:55+00:00,bin_1_jan_feb,baseline_stratified,94,C:\Users\Icezaza\Documents\GitHub\ThaiVtuberSNA\data\temporal\observations\comment\UCGBkYTR4tMKS38TQHGWWLjg\aJSK2kcKHog.parquet
smp_UCGtjAVY_2026_yHmq5RW942E,UCGtjAVYcncs1AJ5hQY0gASQ,yHmq5RW942E,2026,2026-02-13T08:01:16+00:00,bin_1_jan_feb,baseline_stratified,100,C:\Users\Icezaza\Documents\GitHub\ThaiVtuberSNA\data\temporal\observations\comment\UCGtjAVYcncs1AJ5hQY0gASQ\yHmq5RW942E.parquet
smp_UCHhIQk2_2026_426_HdlyY24,UCHhIQk2SuVBxR4H2PH_3j2Q,426_HdlyY24,2026,2026-04-01T00:00:03+00:00,bin_2_mar_apr,baseline_stratified,96,C:\Users\Icezaza\Documents\GitHub\ThaiVtuberSNA\data\temporal\observations\comment\UCHhIQk2SuVBxR4H2PH_3j2Q\426_HdlyY24.parquet
smp_UCIxWJ7k_2026_pXhz58b2nGs,UCIxWJ7k2MWKT6sIg3mLjkTg,pXhz58b2nGs,2026,2026-02-02T02:57:58+00:00,bin_1_jan_feb,baseline_stratified,97,C:\Users\Icezaza\Documents\GitHub\ThaiVtuberSNA\data\temporal\observations\comment\UCIxWJ7k2MWKT6sIg3mLjkTg\pXhz58b2nGs.parquet
smp_UCL7lolC_2026_kW_0bAz9efY,UCL7lolCifod5V21pPzR3K-w,kW_0bAz9efY,2026,2026-02-17T12:00:06+00:00,bin_1_jan_feb,baseline_stratified,97,C:\Users\Icezaza\Documents\GitHub\ThaiVtuberSNA\data\temporal\observations\comment\UCL7lolCifod5V21pPzR3K-w\kW_0bAz9efY.parquet
smp_UCOGGZpm_2026_yBHOSnZf9oQ,UCOGGZpm2i6PXFI9yBvEueRA,yBHOSnZf9oQ,2026,2026-05-10T15:12:39+00:00,bin_3_may_jun,baseline_stratified,99,C:\Users\Icezaza\Documents\GitHub\ThaiVtuberSNA\data\temporal\observations\comment\UCOGGZpm2i6PXFI9yBvEueRA\yBHOSnZf9oQ.parquet
smp_UCQSPYuD_2026_qbZHZQxScIs,UCQSPYuDISdhcuvXsAhn3BTQ,qbZHZQxScIs,2026,2026-05-15T09:12:01+00:00,bin_3_may_jun,baseline_stratified,94,C:\Users\Icezaza\Documents\GitHub\ThaiVtuberSNA\data\temporal\observations\comment\UCQSPYuDISdhcuvXsAhn3BTQ\qbZHZQxScIs.parquet
smp_UCSR9HXX_2026_GTyyy5sLTeg,UCSR9HXXmM7Er6ebxyIoBgpw,GTyyy5sLTeg,2026,2026-05-25T11:00:38+00:00,bin_3_may_jun,baseline_stratified,95,C:\Users\Icezaza\Documents\GitHub\ThaiVtuberSNA\data\temporal\observations\comment\UCSR9HXXmM7Er6ebxyIoBgpw\GTyyy5sLTeg.parquet
smp_UCSR9HXX_2026_TvVe4Ov_fy0,UCSR9HXXmM7Er6ebxyIoBgpw,TvVe4Ov_fy0,2026,2026-07-11T05:00:37+00:00,bin_4_jul_aug,baseline_stratified,99,C:\Users\Icezaza\Documents\GitHub\ThaiVtuberSNA\data\temporal\observations\comment\UCSR9HXXmM7Er6ebxyIoBgpw\TvVe4Ov_fy0.parquet
smp_UCf-29F7_2026_cZwAIaGAxdg,UCf-29F7w_0xRTXVDFol0spQ,cZwAIaGAxdg,2026,2026-01-03T22:31:24+00:00,bin_1_jan_feb,baseline_stratified,96,C:\Users\Icezaza\Documents\GitHub\ThaiVtuberSNA\data\temporal\observations\comment\UCf-29F7w_0xRTXVDFol0spQ\cZwAIaGAxdg.parquet
smp_UCompe4f_2026_XSWEtg7DH1M,UCompe4fS2oUss8CGTuhOSxA,XSWEtg7DH1M,2026,2026-03-28T03:00:34+00:00,bin_2_mar_apr,baseline_stratified,96,C:\Users\Icezaza\Documents\GitHub\ThaiVtuberSNA\data\temporal\observations\comment\UCompe4fS2oUss8CGTuhOSxA\XSWEtg7DH1M.parquet
smp_UCompe4f_2026_nMxWT3HuU6Y,UCompe4fS2oUss8CGTuhOSxA,nMxWT3HuU6Y,2026,2026-05-23T04:00:05+00:00,bin_3_may_jun,baseline_stratified,97,C:\Users\Icezaza\Documents\GitHub\ThaiVtuberSNA\data\temporal\observations\comment\UCompe4fS2oUss8CGTuhOSxA\nMxWT3HuU6Y.parquet
smp_UCpGtwNm_2026_LF2cPR6FF4A,UCpGtwNmbOtgmcKIY81MIX_w,LF2cPR6FF4A,2026,2026-02-25T11:00:40+00:00,bin_1_jan_feb,baseline_stratified,94,C:\Users\Icezaza\Documents\GitHub\ThaiVtuberSNA\data\temporal\observations\comment\UCpGtwNmbOtgmcKIY81MIX_w\LF2cPR6FF4A.parquet
smp_UCpGtwNm_2026_a4tfqpRMK5o,UCpGtwNmbOtgmcKIY81MIX_w,a4tfqpRMK5o,2026,2026-05-17T11:00:01+00:00,bin_3_may_jun,baseline_stratified,96,C:\Users\Icezaza\Documents\GitHub\ThaiVtuberSNA\data\temporal\observations\comment\UCpGtwNmbOtgmcKIY81MIX_w\a4tfqpRMK5o.parquet
smp_UCpGtwNm_2026_ngEBOlB3fDU,UCpGtwNmbOtgmcKIY81MIX_w,ngEBOlB3fDU,2026,2026-04-10T11:01:22+00:00,bin_2_mar_apr,baseline_stratified,96,C:\Users\Icezaza\Documents\GitHub\ThaiVtuberSNA\data\temporal\observations\comment\UCpGtwNmbOtgmcKIY81MIX_w\ngEBOlB3fDU.parquet
smp_UCpGtwNm_2026_yBzsXAkx4tc,UCpGtwNmbOtgmcKIY81MIX_w,yBzsXAkx4tc,2026,2026-05-23T11:00:12+00:00,bin_3_may_jun,baseline_stratified,100,C:\Users\Icezaza\Documents\GitHub\ThaiVtuberSNA\data\temporal\observations\comment\UCpGtwNmbOtgmcKIY81MIX_w\yBzsXAkx4tc.parquet
smp_UCqhhWjp_2026_1T_LtwyLOYw,UCqhhWjpw23dWhJ5rRwCCrMA,1T_LtwyLOYw,2026,2026-06-12T11:00:15+00:00,bin_3_may_jun,baseline_stratified,98,C:\Users\Icezaza\Documents\GitHub\ThaiVtuberSNA\data\temporal\observations\comment\UCqhhWjpw23dWhJ5rRwCCrMA\1T_LtwyLOYw.parquet
smp_UCrIs26b_2026_CFOuVphD9K8,UCrIs26bEKOvA_lRnO2Hgscw,CFOuVphD9K8,2026,2026-04-30T10:06:00+00:00,bin_2_mar_apr,baseline_stratified,98,C:\Users\Icezaza\Documents\GitHub\ThaiVtuberSNA\data\temporal\observations\comment\UCrIs26bEKOvA_lRnO2Hgscw\CFOuVphD9K8.parquet
smp_UCtGhO6z_2026_7gr4CxASrgw,UCtGhO6z6GxqtBZ4gP-3rUpA,7gr4CxASrgw,2026,2026-04-12T08:20:25+00:00,bin_2_mar_apr,baseline_stratified,98,C:\Users\Icezaza\Documents\GitHub\ThaiVtuberSNA\data\temporal\observations\comment\UCtGhO6z6GxqtBZ4gP-3rUpA\7gr4CxASrgw.parquet
smp_UCtGhO6z_2026_8aj9qzvavtY,UCtGhO6z6GxqtBZ4gP-3rUpA,8aj9qzvavtY,2026,2026-01-09T06:59:20+00:00,bin_1_jan_feb,baseline_stratified,100,C:\Users\Icezaza\Documents\GitHub\ThaiVtuberSNA\data\temporal\observations\comment\UCtGhO6z6GxqtBZ4gP-3rUpA\8aj9qzvavtY.parquet
